id,title,description,availability,condition,price,link,image_link,additional_image_link,brand,product_type,custom_label_0,custom_label_1,custom_label_2,custom_label_3,custom_label_4
8697,2014 BMW X5 35i.Harman/Kardon.Sunroof.360°camera.Alarm.LOW KM.,"LOW KM. Tinted windows. Soft closing doors. Heated/Cooled seats. Premium ""Harman/Kardon"" sound system. High spec 2014 BMW X5 35I X-drive in whi Available from Grande Motors Ltd, East Tamaki, Auckland.",in stock,used,45500.00 NZD,https://www.grandemotors.co.nz/vehicle/2014-BMW-X5/8697,https://www.grandemotors.co.nz/Motorcentral/VehicleData/GRA-9929854b-10b0-4043-b0ea-5bfb1217fcf7-1.jpg,"https://www.grandemotors.co.nz/Motorcentral/VehicleData/GRA-9929854b-10b0-4043-b0ea-5bfb1217fcf7-2.jpg,https://www.grandemotors.co.nz/Motorcentral/VehicleData/GRA-9929854b-10b0-4043-b0ea-5bfb1217fcf7-3.jpg,https://www.grandemotors.co.nz/Motorcentral/VehicleData/GRA-9929854b-10b0-4043-b0ea-5bfb1217fcf7-4.jpg,https://www.grandemotors.co.nz/Motorcentral/VehicleData/GRA-9929854b-10b0-4043-b0ea-5bfb1217fcf7-5.jpg,https://www.grandemotors.co.nz/Motorcentral/VehicleData/GRA-9929854b-10b0-4043-b0ea-5bfb1217fcf7-6.jpg,https://www.grandemotors.co.nz/Motorcentral/VehicleData/GRA-9929854b-10b0-4043-b0ea-5bfb1217fcf7-7.jpg,https://www.grandemotors.co.nz/Motorcentral/VehicleData/GRA-9929854b-10b0-4043-b0ea-5bfb1217fcf7-8.jpg,https://www.grandemotors.co.nz/Motorcentral/VehicleData/GRA-9929854b-10b0-4043-b0ea-5bfb1217fcf7-9.jpg,https://www.grandemotors.co.nz/Motorcentral/VehicleData/GRA-9929854b-10b0-4043-b0ea-5bfb1217fcf7-10.jpg,https://www.grandemotors.co.nz/Motorcentral/VehicleData/GRA-9929854b-10b0-4043-b0ea-5bfb1217fcf7-11.jpg,https://www.grandemotors.co.nz/Motorcentral/VehicleData/GRA-9929854b-10b0-4043-b0ea-5bfb1217fcf7-12.jpg,https://www.grandemotors.co.nz/Motorcentral/VehicleData/GRA-9929854b-10b0-4043-b0ea-5bfb1217fcf7-13.jpg,https://www.grandemotors.co.nz/Motorcentral/VehicleData/GRA-9929854b-10b0-4043-b0ea-5bfb1217fcf7-14.jpg,https://www.grandemotors.co.nz/Motorcentral/VehicleData/GRA-9929854b-10b0-4043-b0ea-5bfb1217fcf7-15.jpg,https://www.grandemotors.co.nz/Motorcentral/VehicleData/GRA-9929854b-10b0-4043-b0ea-5bfb1217fcf7-16.jpg,https://www.grandemotors.co.nz/Motorcentral/VehicleData/GRA-9929854b-10b0-4043-b0ea-5bfb1217fcf7-17.jpg,https://www.grandemotors.co.nz/Motorcentral/VehicleData/GRA-9929854b-10b0-4043-b0ea-5bfb1217fcf7-18.jpg,https://www.grandemotors.co.nz/Motorcentral/VehicleData/GRA-9929854b-10b0-4043-b0ea-5bfb1217fcf7-19.jpg,https://www.grandemotors.co.nz/Motorcentral/VehicleData/GRA-9929854b-10b0-4043-b0ea-5bfb1217fcf7-20.jpg",BMW,"Vehicles & Parts > Vehicles > Cars, Trucks & Vans",2014,SUV,GASOLINE,Automatic,Grande Motors
6691,2013 Ford Focus No emission fees.S pack.Cruise control.Button start.SRS Airbags.,"LOW KM. Immobilizer. Keyless entry. Engine button start. 2013 Ford Focus S package in Mustard Olive Metallic colour with black interior. Japa Available from Grande Motors Ltd, East Tamaki, Auckland.",in stock,used,14500.00 NZD,https://www.grandemotors.co.nz/vehicle/2013-Ford-Focus/6691,https://www.grandemotors.co.nz/Motorcentral/VehicleData/GRA-90235d11-97fc-4125-8291-249eb4e7ab69-1.jpg,"https://www.grandemotors.co.nz/Motorcentral/VehicleData/GRA-90235d11-97fc-4125-8291-249eb4e7ab69-2.jpg,https://www.grandemotors.co.nz/Motorcentral/VehicleData/GRA-90235d11-97fc-4125-8291-249eb4e7ab69-3.jpg,https://www.grandemotors.co.nz/Motorcentral/VehicleData/GRA-90235d11-97fc-4125-8291-249eb4e7ab69-4.jpg,https://www.grandemotors.co.nz/Motorcentral/VehicleData/GRA-90235d11-97fc-4125-8291-249eb4e7ab69-5.jpg,https://www.grandemotors.co.nz/Motorcentral/VehicleData/GRA-90235d11-97fc-4125-8291-249eb4e7ab69-6.jpg,https://www.grandemotors.co.nz/Motorcentral/VehicleData/GRA-90235d11-97fc-4125-8291-249eb4e7ab69-7.jpg,https://www.grandemotors.co.nz/Motorcentral/VehicleData/GRA-90235d11-97fc-4125-8291-249eb4e7ab69-8.jpg,https://www.grandemotors.co.nz/Motorcentral/VehicleData/GRA-90235d11-97fc-4125-8291-249eb4e7ab69-9.jpg,https://www.grandemotors.co.nz/Motorcentral/VehicleData/GRA-90235d11-97fc-4125-8291-249eb4e7ab69-10.jpg,https://www.grandemotors.co.nz/Motorcentral/VehicleData/GRA-90235d11-97fc-4125-8291-249eb4e7ab69-11.jpg,https://www.grandemotors.co.nz/Motorcentral/VehicleData/GRA-90235d11-97fc-4125-8291-249eb4e7ab69-12.jpg,https://www.grandemotors.co.nz/Motorcentral/VehicleData/GRA-90235d11-97fc-4125-8291-249eb4e7ab69-13.jpg,https://www.grandemotors.co.nz/Motorcentral/VehicleData/GRA-90235d11-97fc-4125-8291-249eb4e7ab69-14.jpg,https://www.grandemotors.co.nz/Motorcentral/VehicleData/GRA-90235d11-97fc-4125-8291-249eb4e7ab69-15.jpg,https://www.grandemotors.co.nz/Motorcentral/VehicleData/GRA-90235d11-97fc-4125-8291-249eb4e7ab69-16.jpg,https://www.grandemotors.co.nz/Motorcentral/VehicleData/GRA-90235d11-97fc-4125-8291-249eb4e7ab69-17.jpg,https://www.grandemotors.co.nz/Motorcentral/VehicleData/GRA-90235d11-97fc-4125-8291-249eb4e7ab69-18.jpg,https://www.grandemotors.co.nz/Motorcentral/VehicleData/GRA-90235d11-97fc-4125-8291-249eb4e7ab69-19.jpg,https://www.grandemotors.co.nz/Motorcentral/VehicleData/GRA-90235d11-97fc-4125-8291-249eb4e7ab69-20.jpg",Ford,"Vehicles & Parts > Vehicles > Cars, Trucks & Vans",2013,WAGON,GASOLINE,Automatic,Grande Motors
13546,2015 Honda Accord Hybrid.Lane assist.Radar cruise.Park sens.Rear cam.8 Airbags.,"Immobilizer. Keyless entry. Radar cruise. Engine button start. LKA (Lane Keeping Assistance). Alloy wheels with good condition ""Pirelli"" tires. Available from Grande Motors Ltd, East Tamaki, Auckland.",in stock,used,15400.00 NZD,https://www.grandemotors.co.nz/vehicle/2015-Honda-Accord/13546,https://www.grandemotors.co.nz/Motorcentral/VehicleData/GRA-1ea40a3e-6784-4767-9347-13d6119e788a-1.jpg,"https://www.grandemotors.co.nz/Motorcentral/VehicleData/GRA-1ea40a3e-6784-4767-9347-13d6119e788a-2.jpg,https://www.grandemotors.co.nz/Motorcentral/VehicleData/GRA-1ea40a3e-6784-4767-9347-13d6119e788a-3.jpg,https://www.grandemotors.co.nz/Motorcentral/VehicleData/GRA-1ea40a3e-6784-4767-9347-13d6119e788a-4.jpg,https://www.grandemotors.co.nz/Motorcentral/VehicleData/GRA-1ea40a3e-6784-4767-9347-13d6119e788a-5.jpg,https://www.grandemotors.co.nz/Motorcentral/VehicleData/GRA-1ea40a3e-6784-4767-9347-13d6119e788a-6.jpg,https://www.grandemotors.co.nz/Motorcentral/VehicleData/GRA-1ea40a3e-6784-4767-9347-13d6119e788a-7.jpg,https://www.grandemotors.co.nz/Motorcentral/VehicleData/GRA-1ea40a3e-6784-4767-9347-13d6119e788a-8.jpg,https://www.grandemotors.co.nz/Motorcentral/VehicleData/GRA-1ea40a3e-6784-4767-9347-13d6119e788a-9.jpg,https://www.grandemotors.co.nz/Motorcentral/VehicleData/GRA-1ea40a3e-6784-4767-9347-13d6119e788a-10.jpg,https://www.grandemotors.co.nz/Motorcentral/VehicleData/GRA-1ea40a3e-6784-4767-9347-13d6119e788a-11.jpg,https://www.grandemotors.co.nz/Motorcentral/VehicleData/GRA-1ea40a3e-6784-4767-9347-13d6119e788a-12.jpg,https://www.grandemotors.co.nz/Motorcentral/VehicleData/GRA-1ea40a3e-6784-4767-9347-13d6119e788a-13.jpg,https://www.grandemotors.co.nz/Motorcentral/VehicleData/GRA-1ea40a3e-6784-4767-9347-13d6119e788a-14.jpg,https://www.grandemotors.co.nz/Motorcentral/VehicleData/GRA-1ea40a3e-6784-4767-9347-13d6119e788a-15.jpg,https://www.grandemotors.co.nz/Motorcentral/VehicleData/GRA-1ea40a3e-6784-4767-9347-13d6119e788a-16.jpg,https://www.grandemotors.co.nz/Motorcentral/VehicleData/GRA-1ea40a3e-6784-4767-9347-13d6119e788a-17.jpg,https://www.grandemotors.co.nz/Motorcentral/VehicleData/GRA-1ea40a3e-6784-4767-9347-13d6119e788a-18.jpg,https://www.grandemotors.co.nz/Motorcentral/VehicleData/GRA-1ea40a3e-6784-4767-9347-13d6119e788a-19.jpg",Honda,"Vehicles & Parts > Vehicles > Cars, Trucks & Vans",2015,SEDAN,HYBRID,Automatic,Grande Motors
13260,2017 Honda Civic Safety radar.Lane assist.Radar cruise.Rear camera.,"Immobilizer. Cruise control. Engine button start. RCC (Radar ruise Control). LKA (Lane Keeping Assistance). 2017 Honda Civic in blue colour wit Available from Grande Motors Ltd, East Tamaki, Auckland.",in stock,used,23900.00 NZD,https://www.grandemotors.co.nz/vehicle/2017-Honda-Civic/13260,https://www.grandemotors.co.nz/Motorcentral/VehicleData/GRA-dddfdbb5-a237-4584-ad70-5af5e9d14ace-1.jpg,"https://www.grandemotors.co.nz/Motorcentral/VehicleData/GRA-dddfdbb5-a237-4584-ad70-5af5e9d14ace-2.jpg,https://www.grandemotors.co.nz/Motorcentral/VehicleData/GRA-dddfdbb5-a237-4584-ad70-5af5e9d14ace-3.jpg,https://www.grandemotors.co.nz/Motorcentral/VehicleData/GRA-dddfdbb5-a237-4584-ad70-5af5e9d14ace-4.jpg,https://www.grandemotors.co.nz/Motorcentral/VehicleData/GRA-dddfdbb5-a237-4584-ad70-5af5e9d14ace-5.jpg,https://www.grandemotors.co.nz/Motorcentral/VehicleData/GRA-dddfdbb5-a237-4584-ad70-5af5e9d14ace-6.jpg,https://www.grandemotors.co.nz/Motorcentral/VehicleData/GRA-dddfdbb5-a237-4584-ad70-5af5e9d14ace-7.jpg,https://www.grandemotors.co.nz/Motorcentral/VehicleData/GRA-dddfdbb5-a237-4584-ad70-5af5e9d14ace-8.jpg,https://www.grandemotors.co.nz/Motorcentral/VehicleData/GRA-dddfdbb5-a237-4584-ad70-5af5e9d14ace-9.jpg,https://www.grandemotors.co.nz/Motorcentral/VehicleData/GRA-dddfdbb5-a237-4584-ad70-5af5e9d14ace-10.jpg,https://www.grandemotors.co.nz/Motorcentral/VehicleData/GRA-dddfdbb5-a237-4584-ad70-5af5e9d14ace-11.jpg,https://www.grandemotors.co.nz/Motorcentral/VehicleData/GRA-dddfdbb5-a237-4584-ad70-5af5e9d14ace-12.jpg,https://www.grandemotors.co.nz/Motorcentral/VehicleData/GRA-dddfdbb5-a237-4584-ad70-5af5e9d14ace-13.jpg,https://www.grandemotors.co.nz/Motorcentral/VehicleData/GRA-dddfdbb5-a237-4584-ad70-5af5e9d14ace-14.jpg,https://www.grandemotors.co.nz/Motorcentral/VehicleData/GRA-dddfdbb5-a237-4584-ad70-5af5e9d14ace-15.jpg,https://www.grandemotors.co.nz/Motorcentral/VehicleData/GRA-dddfdbb5-a237-4584-ad70-5af5e9d14ace-16.jpg,https://www.grandemotors.co.nz/Motorcentral/VehicleData/GRA-dddfdbb5-a237-4584-ad70-5af5e9d14ace-17.jpg,https://www.grandemotors.co.nz/Motorcentral/VehicleData/GRA-dddfdbb5-a237-4584-ad70-5af5e9d14ace-18.jpg,https://www.grandemotors.co.nz/Motorcentral/VehicleData/GRA-dddfdbb5-a237-4584-ad70-5af5e9d14ace-19.jpg,https://www.grandemotors.co.nz/Motorcentral/VehicleData/GRA-dddfdbb5-a237-4584-ad70-5af5e9d14ace-20.jpg",Honda,"Vehicles & Parts > Vehicles > Cars, Trucks & Vans",2017,HATCHBACK,GASOLINE,Automatic,Grande Motors
13593,2014 Honda Fit Jazz.Hybrid.Cruise control.Rear camera.Button start.,"Immobilizer. Cruise control. Engine button start. 2014 Honda Fit/Jazz hybrid in grey colour with black interior. Japanese import, smooth 4 cyl Available from Grande Motors Ltd, East Tamaki, Auckland.",in stock,used,10400.00 NZD,https://www.grandemotors.co.nz/vehicle/2014-Honda-Fit/13593,https://www.grandemotors.co.nz/Motorcentral/VehicleData/GRA-790847bf-f877-42ba-a83e-14e4d40c7f50-1.jpg,"https://www.grandemotors.co.nz/Motorcentral/VehicleData/GRA-790847bf-f877-42ba-a83e-14e4d40c7f50-2.jpg,https://www.grandemotors.co.nz/Motorcentral/VehicleData/GRA-790847bf-f877-42ba-a83e-14e4d40c7f50-3.jpg,https://www.grandemotors.co.nz/Motorcentral/VehicleData/GRA-790847bf-f877-42ba-a83e-14e4d40c7f50-4.jpg,https://www.grandemotors.co.nz/Motorcentral/VehicleData/GRA-790847bf-f877-42ba-a83e-14e4d40c7f50-5.jpg,https://www.grandemotors.co.nz/Motorcentral/VehicleData/GRA-790847bf-f877-42ba-a83e-14e4d40c7f50-6.jpg,https://www.grandemotors.co.nz/Motorcentral/VehicleData/GRA-790847bf-f877-42ba-a83e-14e4d40c7f50-7.jpg,https://www.grandemotors.co.nz/Motorcentral/VehicleData/GRA-790847bf-f877-42ba-a83e-14e4d40c7f50-8.jpg,https://www.grandemotors.co.nz/Motorcentral/VehicleData/GRA-790847bf-f877-42ba-a83e-14e4d40c7f50-9.jpg,https://www.grandemotors.co.nz/Motorcentral/VehicleData/GRA-790847bf-f877-42ba-a83e-14e4d40c7f50-10.jpg,https://www.grandemotors.co.nz/Motorcentral/VehicleData/GRA-790847bf-f877-42ba-a83e-14e4d40c7f50-11.jpg,https://www.grandemotors.co.nz/Motorcentral/VehicleData/GRA-790847bf-f877-42ba-a83e-14e4d40c7f50-12.jpg,https://www.grandemotors.co.nz/Motorcentral/VehicleData/GRA-790847bf-f877-42ba-a83e-14e4d40c7f50-13.jpg,https://www.grandemotors.co.nz/Motorcentral/VehicleData/GRA-790847bf-f877-42ba-a83e-14e4d40c7f50-14.jpg,https://www.grandemotors.co.nz/Motorcentral/VehicleData/GRA-790847bf-f877-42ba-a83e-14e4d40c7f50-15.jpg,https://www.grandemotors.co.nz/Motorcentral/VehicleData/GRA-790847bf-f877-42ba-a83e-14e4d40c7f50-16.jpg,https://www.grandemotors.co.nz/Motorcentral/VehicleData/GRA-790847bf-f877-42ba-a83e-14e4d40c7f50-17.jpg,https://www.grandemotors.co.nz/Motorcentral/VehicleData/GRA-790847bf-f877-42ba-a83e-14e4d40c7f50-18.jpg,https://www.grandemotors.co.nz/Motorcentral/VehicleData/GRA-790847bf-f877-42ba-a83e-14e4d40c7f50-19.jpg",Honda,"Vehicles & Parts > Vehicles > Cars, Trucks & Vans",2014,HATCHBACK,HYBRID,Automatic,Grande Motors
13596,2020 Honda Fit Hybrid.Lane assist.Radar cruise.Rear cam.Park sens.Button start.,"Immobilizer. Cruise control. Engine button start. RCC (Radar ruise Control). LKA (Lane Keeping Assistance). 2020 Honda Fit hybrid in Navy Blue Available from Grande Motors Ltd, East Tamaki, Auckland.",in stock,used,15900.00 NZD,https://www.grandemotors.co.nz/vehicle/2020-Honda-Fit/13596,https://www.grandemotors.co.nz/Motorcentral/VehicleData/GRA-a56bac45-6e2f-4afb-876f-4b1d188c428e-1.jpg,"https://www.grandemotors.co.nz/Motorcentral/VehicleData/GRA-a56bac45-6e2f-4afb-876f-4b1d188c428e-2.jpg,https://www.grandemotors.co.nz/Motorcentral/VehicleData/GRA-a56bac45-6e2f-4afb-876f-4b1d188c428e-3.jpg,https://www.grandemotors.co.nz/Motorcentral/VehicleData/GRA-a56bac45-6e2f-4afb-876f-4b1d188c428e-4.jpg,https://www.grandemotors.co.nz/Motorcentral/VehicleData/GRA-a56bac45-6e2f-4afb-876f-4b1d188c428e-5.jpg,https://www.grandemotors.co.nz/Motorcentral/VehicleData/GRA-a56bac45-6e2f-4afb-876f-4b1d188c428e-6.jpg,https://www.grandemotors.co.nz/Motorcentral/VehicleData/GRA-a56bac45-6e2f-4afb-876f-4b1d188c428e-7.jpg,https://www.grandemotors.co.nz/Motorcentral/VehicleData/GRA-a56bac45-6e2f-4afb-876f-4b1d188c428e-8.jpg,https://www.grandemotors.co.nz/Motorcentral/VehicleData/GRA-a56bac45-6e2f-4afb-876f-4b1d188c428e-9.jpg,https://www.grandemotors.co.nz/Motorcentral/VehicleData/GRA-a56bac45-6e2f-4afb-876f-4b1d188c428e-10.jpg,https://www.grandemotors.co.nz/Motorcentral/VehicleData/GRA-a56bac45-6e2f-4afb-876f-4b1d188c428e-11.jpg,https://www.grandemotors.co.nz/Motorcentral/VehicleData/GRA-a56bac45-6e2f-4afb-876f-4b1d188c428e-12.jpg,https://www.grandemotors.co.nz/Motorcentral/VehicleData/GRA-a56bac45-6e2f-4afb-876f-4b1d188c428e-13.jpg,https://www.grandemotors.co.nz/Motorcentral/VehicleData/GRA-a56bac45-6e2f-4afb-876f-4b1d188c428e-14.jpg,https://www.grandemotors.co.nz/Motorcentral/VehicleData/GRA-a56bac45-6e2f-4afb-876f-4b1d188c428e-15.jpg,https://www.grandemotors.co.nz/Motorcentral/VehicleData/GRA-a56bac45-6e2f-4afb-876f-4b1d188c428e-16.jpg,https://www.grandemotors.co.nz/Motorcentral/VehicleData/GRA-a56bac45-6e2f-4afb-876f-4b1d188c428e-17.jpg,https://www.grandemotors.co.nz/Motorcentral/VehicleData/GRA-a56bac45-6e2f-4afb-876f-4b1d188c428e-18.jpg,https://www.grandemotors.co.nz/Motorcentral/VehicleData/GRA-a56bac45-6e2f-4afb-876f-4b1d188c428e-19.jpg",Honda,"Vehicles & Parts > Vehicles > Cars, Trucks & Vans",2020,HATCHBACK,HYBRID,Automatic,Grande Motors
13597,2015 Honda Grace Hybrid.Cruise control.Rear cam.8 Airbags.Button start.,"Immobilizer. Cruise control. Engine button start. Full factory ""Modulo"" bodykit. 8 SRS Airbags (front, side, rear). 2015 Honda Grace Hybrid in Available from Grande Motors Ltd, East Tamaki, Auckland.",in stock,used,14300.00 NZD,https://www.grandemotors.co.nz/vehicle/2015-Honda-Grace/13597,https://www.grandemotors.co.nz/Motorcentral/VehicleData/GRA-dcc92fe6-b988-4eda-9b4a-212653a76ecc-1.jpg,"https://www.grandemotors.co.nz/Motorcentral/VehicleData/GRA-dcc92fe6-b988-4eda-9b4a-212653a76ecc-2.jpg,https://www.grandemotors.co.nz/Motorcentral/VehicleData/GRA-dcc92fe6-b988-4eda-9b4a-212653a76ecc-3.jpg,https://www.grandemotors.co.nz/Motorcentral/VehicleData/GRA-dcc92fe6-b988-4eda-9b4a-212653a76ecc-4.jpg,https://www.grandemotors.co.nz/Motorcentral/VehicleData/GRA-dcc92fe6-b988-4eda-9b4a-212653a76ecc-5.jpg,https://www.grandemotors.co.nz/Motorcentral/VehicleData/GRA-dcc92fe6-b988-4eda-9b4a-212653a76ecc-6.jpg,https://www.grandemotors.co.nz/Motorcentral/VehicleData/GRA-dcc92fe6-b988-4eda-9b4a-212653a76ecc-7.jpg,https://www.grandemotors.co.nz/Motorcentral/VehicleData/GRA-dcc92fe6-b988-4eda-9b4a-212653a76ecc-8.jpg,https://www.grandemotors.co.nz/Motorcentral/VehicleData/GRA-dcc92fe6-b988-4eda-9b4a-212653a76ecc-9.jpg,https://www.grandemotors.co.nz/Motorcentral/VehicleData/GRA-dcc92fe6-b988-4eda-9b4a-212653a76ecc-10.jpg,https://www.grandemotors.co.nz/Motorcentral/VehicleData/GRA-dcc92fe6-b988-4eda-9b4a-212653a76ecc-11.jpg,https://www.grandemotors.co.nz/Motorcentral/VehicleData/GRA-dcc92fe6-b988-4eda-9b4a-212653a76ecc-12.jpg,https://www.grandemotors.co.nz/Motorcentral/VehicleData/GRA-dcc92fe6-b988-4eda-9b4a-212653a76ecc-13.jpg,https://www.grandemotors.co.nz/Motorcentral/VehicleData/GRA-dcc92fe6-b988-4eda-9b4a-212653a76ecc-14.jpg,https://www.grandemotors.co.nz/Motorcentral/VehicleData/GRA-dcc92fe6-b988-4eda-9b4a-212653a76ecc-15.jpg,https://www.grandemotors.co.nz/Motorcentral/VehicleData/GRA-dcc92fe6-b988-4eda-9b4a-212653a76ecc-16.jpg,https://www.grandemotors.co.nz/Motorcentral/VehicleData/GRA-dcc92fe6-b988-4eda-9b4a-212653a76ecc-17.jpg,https://www.grandemotors.co.nz/Motorcentral/VehicleData/GRA-dcc92fe6-b988-4eda-9b4a-212653a76ecc-18.jpg,https://www.grandemotors.co.nz/Motorcentral/VehicleData/GRA-dcc92fe6-b988-4eda-9b4a-212653a76ecc-19.jpg,https://www.grandemotors.co.nz/Motorcentral/VehicleData/GRA-dcc92fe6-b988-4eda-9b4a-212653a76ecc-20.jpg",Honda,"Vehicles & Parts > Vehicles > Cars, Trucks & Vans",2015,SEDAN,HYBRID,Automatic,Grande Motors
13704,2002 Honda Integra IS in Transit 24000km !!! R/Spoiler,"2002 Honda Integra Coupe in Red Japanese import, 2000 engine, done 24000kms,Automatic. Integra in Transit , Big R/Spoiler we will install in N Available from Grande Motors Ltd, East Tamaki, Auckland.",in stock,used,18900.00 NZD,https://www.grandemotors.co.nz/vehicle/2002-Honda-Integra/13704,https://www.grandemotors.co.nz/Motorcentral/VehicleData/GRA-c4c5c9b5-3b90-42c1-b3a5-b476963d629d-1.jpg,"https://www.grandemotors.co.nz/Motorcentral/VehicleData/GRA-c4c5c9b5-3b90-42c1-b3a5-b476963d629d-2.jpg,https://www.grandemotors.co.nz/Motorcentral/VehicleData/GRA-c4c5c9b5-3b90-42c1-b3a5-b476963d629d-3.jpg,https://www.grandemotors.co.nz/Motorcentral/VehicleData/GRA-c4c5c9b5-3b90-42c1-b3a5-b476963d629d-4.jpg,https://www.grandemotors.co.nz/Motorcentral/VehicleData/GRA-c4c5c9b5-3b90-42c1-b3a5-b476963d629d-5.jpg,https://www.grandemotors.co.nz/Motorcentral/VehicleData/GRA-c4c5c9b5-3b90-42c1-b3a5-b476963d629d-6.jpg,https://www.grandemotors.co.nz/Motorcentral/VehicleData/GRA-c4c5c9b5-3b90-42c1-b3a5-b476963d629d-7.jpg,https://www.grandemotors.co.nz/Motorcentral/VehicleData/GRA-c4c5c9b5-3b90-42c1-b3a5-b476963d629d-8.jpg,https://www.grandemotors.co.nz/Motorcentral/VehicleData/GRA-c4c5c9b5-3b90-42c1-b3a5-b476963d629d-9.jpg,https://www.grandemotors.co.nz/Motorcentral/VehicleData/GRA-c4c5c9b5-3b90-42c1-b3a5-b476963d629d-10.jpg,https://www.grandemotors.co.nz/Motorcentral/VehicleData/GRA-c4c5c9b5-3b90-42c1-b3a5-b476963d629d-11.jpg,https://www.grandemotors.co.nz/Motorcentral/VehicleData/GRA-c4c5c9b5-3b90-42c1-b3a5-b476963d629d-12.jpg,https://www.grandemotors.co.nz/Motorcentral/VehicleData/GRA-c4c5c9b5-3b90-42c1-b3a5-b476963d629d-13.jpg,https://www.grandemotors.co.nz/Motorcentral/VehicleData/GRA-c4c5c9b5-3b90-42c1-b3a5-b476963d629d-14.jpg,https://www.grandemotors.co.nz/Motorcentral/VehicleData/GRA-c4c5c9b5-3b90-42c1-b3a5-b476963d629d-15.jpg,https://www.grandemotors.co.nz/Motorcentral/VehicleData/GRA-c4c5c9b5-3b90-42c1-b3a5-b476963d629d-16.jpg,https://www.grandemotors.co.nz/Motorcentral/VehicleData/GRA-c4c5c9b5-3b90-42c1-b3a5-b476963d629d-17.jpg",Honda,"Vehicles & Parts > Vehicles > Cars, Trucks & Vans",2002,COUPE,OTHER,Automatic,Grande Motors
12558,2014 Honda Odyssey Absolute.Cruise control.7seats.Alloys.,"Dual Electric Doors Reversing Camera Cruise Control New Tires 2014HondaOdysseyVan in Black Japanese import, 2400 engine, done 94000kms -1,Aut Available from Grande Motors Ltd, East Tamaki, Auckland.",in stock,used,14940.00 NZD,https://www.grandemotors.co.nz/vehicle/2014-Honda-Odyssey/12558,https://www.grandemotors.co.nz/Motorcentral/VehicleData/GRA-d698b1c3-e538-4698-8eb3-b3c04feb8311-1.jpg,"https://www.grandemotors.co.nz/Motorcentral/VehicleData/GRA-d698b1c3-e538-4698-8eb3-b3c04feb8311-2.jpg,https://www.grandemotors.co.nz/Motorcentral/VehicleData/GRA-d698b1c3-e538-4698-8eb3-b3c04feb8311-3.jpg,https://www.grandemotors.co.nz/Motorcentral/VehicleData/GRA-d698b1c3-e538-4698-8eb3-b3c04feb8311-4.jpg,https://www.grandemotors.co.nz/Motorcentral/VehicleData/GRA-d698b1c3-e538-4698-8eb3-b3c04feb8311-5.jpg,https://www.grandemotors.co.nz/Motorcentral/VehicleData/GRA-d698b1c3-e538-4698-8eb3-b3c04feb8311-6.jpg,https://www.grandemotors.co.nz/Motorcentral/VehicleData/GRA-d698b1c3-e538-4698-8eb3-b3c04feb8311-7.jpg,https://www.grandemotors.co.nz/Motorcentral/VehicleData/GRA-d698b1c3-e538-4698-8eb3-b3c04feb8311-8.jpg,https://www.grandemotors.co.nz/Motorcentral/VehicleData/GRA-d698b1c3-e538-4698-8eb3-b3c04feb8311-9.jpg,https://www.grandemotors.co.nz/Motorcentral/VehicleData/GRA-d698b1c3-e538-4698-8eb3-b3c04feb8311-10.jpg,https://www.grandemotors.co.nz/Motorcentral/VehicleData/GRA-d698b1c3-e538-4698-8eb3-b3c04feb8311-11.jpg,https://www.grandemotors.co.nz/Motorcentral/VehicleData/GRA-d698b1c3-e538-4698-8eb3-b3c04feb8311-12.jpg,https://www.grandemotors.co.nz/Motorcentral/VehicleData/GRA-d698b1c3-e538-4698-8eb3-b3c04feb8311-13.jpg,https://www.grandemotors.co.nz/Motorcentral/VehicleData/GRA-d698b1c3-e538-4698-8eb3-b3c04feb8311-14.jpg,https://www.grandemotors.co.nz/Motorcentral/VehicleData/GRA-d698b1c3-e538-4698-8eb3-b3c04feb8311-15.jpg,https://www.grandemotors.co.nz/Motorcentral/VehicleData/GRA-d698b1c3-e538-4698-8eb3-b3c04feb8311-16.jpg,https://www.grandemotors.co.nz/Motorcentral/VehicleData/GRA-d698b1c3-e538-4698-8eb3-b3c04feb8311-17.jpg,https://www.grandemotors.co.nz/Motorcentral/VehicleData/GRA-d698b1c3-e538-4698-8eb3-b3c04feb8311-18.jpg,https://www.grandemotors.co.nz/Motorcentral/VehicleData/GRA-d698b1c3-e538-4698-8eb3-b3c04feb8311-19.jpg,https://www.grandemotors.co.nz/Motorcentral/VehicleData/GRA-d698b1c3-e538-4698-8eb3-b3c04feb8311-20.jpg",Honda,"Vehicles & Parts > Vehicles > Cars, Trucks & Vans",2014,TRUCK,GASOLINE,Automatic,Grande Motors
13547,2016 Honda Shuttle Hybrid.Cruise control.Rear camera.Button start.8 Airbags.,"Immobilizer. Engine button start. 8 SRS Airbags (front, side, rear). 2016 Honda Shuttle in Navy Blue colour with black interior. Japanese impo Available from Grande Motors Ltd, East Tamaki, Auckland.",in stock,used,15800.00 NZD,https://www.grandemotors.co.nz/vehicle/2016-Honda-Shuttle/13547,https://www.grandemotors.co.nz/Motorcentral/VehicleData/GRA-4a6cb8f7-b840-480c-8437-c731776167ad-1.jpg,"https://www.grandemotors.co.nz/Motorcentral/VehicleData/GRA-4a6cb8f7-b840-480c-8437-c731776167ad-2.jpg,https://www.grandemotors.co.nz/Motorcentral/VehicleData/GRA-4a6cb8f7-b840-480c-8437-c731776167ad-3.jpg,https://www.grandemotors.co.nz/Motorcentral/VehicleData/GRA-4a6cb8f7-b840-480c-8437-c731776167ad-4.jpg,https://www.grandemotors.co.nz/Motorcentral/VehicleData/GRA-4a6cb8f7-b840-480c-8437-c731776167ad-5.jpg,https://www.grandemotors.co.nz/Motorcentral/VehicleData/GRA-4a6cb8f7-b840-480c-8437-c731776167ad-6.jpg,https://www.grandemotors.co.nz/Motorcentral/VehicleData/GRA-4a6cb8f7-b840-480c-8437-c731776167ad-7.jpg,https://www.grandemotors.co.nz/Motorcentral/VehicleData/GRA-4a6cb8f7-b840-480c-8437-c731776167ad-8.jpg,https://www.grandemotors.co.nz/Motorcentral/VehicleData/GRA-4a6cb8f7-b840-480c-8437-c731776167ad-9.jpg,https://www.grandemotors.co.nz/Motorcentral/VehicleData/GRA-4a6cb8f7-b840-480c-8437-c731776167ad-10.jpg,https://www.grandemotors.co.nz/Motorcentral/VehicleData/GRA-4a6cb8f7-b840-480c-8437-c731776167ad-11.jpg,https://www.grandemotors.co.nz/Motorcentral/VehicleData/GRA-4a6cb8f7-b840-480c-8437-c731776167ad-12.jpg,https://www.grandemotors.co.nz/Motorcentral/VehicleData/GRA-4a6cb8f7-b840-480c-8437-c731776167ad-13.jpg,https://www.grandemotors.co.nz/Motorcentral/VehicleData/GRA-4a6cb8f7-b840-480c-8437-c731776167ad-14.jpg,https://www.grandemotors.co.nz/Motorcentral/VehicleData/GRA-4a6cb8f7-b840-480c-8437-c731776167ad-15.jpg,https://www.grandemotors.co.nz/Motorcentral/VehicleData/GRA-4a6cb8f7-b840-480c-8437-c731776167ad-16.jpg,https://www.grandemotors.co.nz/Motorcentral/VehicleData/GRA-4a6cb8f7-b840-480c-8437-c731776167ad-17.jpg,https://www.grandemotors.co.nz/Motorcentral/VehicleData/GRA-4a6cb8f7-b840-480c-8437-c731776167ad-18.jpg,https://www.grandemotors.co.nz/Motorcentral/VehicleData/GRA-4a6cb8f7-b840-480c-8437-c731776167ad-19.jpg",Honda,"Vehicles & Parts > Vehicles > Cars, Trucks & Vans",2016,WAGON,HYBRID,Automatic,Grande Motors
13599,2016 Honda Shuttle Hybrid.Cruise control.Rear camera.Button start.8 Airbags.,"Immobilizer. Engine button start. 8 SRS Airbags (front, side, rear). 2016 Honda Shuttle in silver colour with black interior. Japanese import, Available from Grande Motors Ltd, East Tamaki, Auckland.",in stock,used,10900.00 NZD,https://www.grandemotors.co.nz/vehicle/2016-Honda-Shuttle/13599,https://www.grandemotors.co.nz/Motorcentral/VehicleData/GRA-5f8d3226-7cc3-4a26-b1c4-d5798a55b124-1.jpg,"https://www.grandemotors.co.nz/Motorcentral/VehicleData/GRA-5f8d3226-7cc3-4a26-b1c4-d5798a55b124-2.jpg,https://www.grandemotors.co.nz/Motorcentral/VehicleData/GRA-5f8d3226-7cc3-4a26-b1c4-d5798a55b124-3.jpg,https://www.grandemotors.co.nz/Motorcentral/VehicleData/GRA-5f8d3226-7cc3-4a26-b1c4-d5798a55b124-4.jpg,https://www.grandemotors.co.nz/Motorcentral/VehicleData/GRA-5f8d3226-7cc3-4a26-b1c4-d5798a55b124-5.jpg,https://www.grandemotors.co.nz/Motorcentral/VehicleData/GRA-5f8d3226-7cc3-4a26-b1c4-d5798a55b124-6.jpg,https://www.grandemotors.co.nz/Motorcentral/VehicleData/GRA-5f8d3226-7cc3-4a26-b1c4-d5798a55b124-7.jpg,https://www.grandemotors.co.nz/Motorcentral/VehicleData/GRA-5f8d3226-7cc3-4a26-b1c4-d5798a55b124-8.jpg,https://www.grandemotors.co.nz/Motorcentral/VehicleData/GRA-5f8d3226-7cc3-4a26-b1c4-d5798a55b124-9.jpg,https://www.grandemotors.co.nz/Motorcentral/VehicleData/GRA-5f8d3226-7cc3-4a26-b1c4-d5798a55b124-10.jpg,https://www.grandemotors.co.nz/Motorcentral/VehicleData/GRA-5f8d3226-7cc3-4a26-b1c4-d5798a55b124-11.jpg,https://www.grandemotors.co.nz/Motorcentral/VehicleData/GRA-5f8d3226-7cc3-4a26-b1c4-d5798a55b124-12.jpg,https://www.grandemotors.co.nz/Motorcentral/VehicleData/GRA-5f8d3226-7cc3-4a26-b1c4-d5798a55b124-13.jpg,https://www.grandemotors.co.nz/Motorcentral/VehicleData/GRA-5f8d3226-7cc3-4a26-b1c4-d5798a55b124-14.jpg,https://www.grandemotors.co.nz/Motorcentral/VehicleData/GRA-5f8d3226-7cc3-4a26-b1c4-d5798a55b124-15.jpg,https://www.grandemotors.co.nz/Motorcentral/VehicleData/GRA-5f8d3226-7cc3-4a26-b1c4-d5798a55b124-16.jpg,https://www.grandemotors.co.nz/Motorcentral/VehicleData/GRA-5f8d3226-7cc3-4a26-b1c4-d5798a55b124-17.jpg,https://www.grandemotors.co.nz/Motorcentral/VehicleData/GRA-5f8d3226-7cc3-4a26-b1c4-d5798a55b124-18.jpg,https://www.grandemotors.co.nz/Motorcentral/VehicleData/GRA-5f8d3226-7cc3-4a26-b1c4-d5798a55b124-19.jpg",Honda,"Vehicles & Parts > Vehicles > Cars, Trucks & Vans",2016,WAGON,HYBRID,Automatic,Grande Motors
13447,2020 Honda Shuttle Hybrid.Safery radar.Lane assist.Radar cruise.Rear camera.,"Immobilizer. Safety Radar. Engine button start. (RCC) Radar Cruise Control. LKA (Lane Keeping Assistance). 2020 Honda Shuttle in black blue col Available from Grande Motors Ltd, East Tamaki, Auckland.",in stock,used,16900.00 NZD,https://www.grandemotors.co.nz/vehicle/2020-Honda-Shuttle/13447,https://www.grandemotors.co.nz/Motorcentral/VehicleData/GRA-6937ce16-7e34-46e5-ab86-65d094bcd7f8-1.jpg,"https://www.grandemotors.co.nz/Motorcentral/VehicleData/GRA-6937ce16-7e34-46e5-ab86-65d094bcd7f8-2.jpg,https://www.grandemotors.co.nz/Motorcentral/VehicleData/GRA-6937ce16-7e34-46e5-ab86-65d094bcd7f8-3.jpg,https://www.grandemotors.co.nz/Motorcentral/VehicleData/GRA-6937ce16-7e34-46e5-ab86-65d094bcd7f8-4.jpg,https://www.grandemotors.co.nz/Motorcentral/VehicleData/GRA-6937ce16-7e34-46e5-ab86-65d094bcd7f8-5.jpg,https://www.grandemotors.co.nz/Motorcentral/VehicleData/GRA-6937ce16-7e34-46e5-ab86-65d094bcd7f8-6.jpg,https://www.grandemotors.co.nz/Motorcentral/VehicleData/GRA-6937ce16-7e34-46e5-ab86-65d094bcd7f8-7.jpg,https://www.grandemotors.co.nz/Motorcentral/VehicleData/GRA-6937ce16-7e34-46e5-ab86-65d094bcd7f8-8.jpg,https://www.grandemotors.co.nz/Motorcentral/VehicleData/GRA-6937ce16-7e34-46e5-ab86-65d094bcd7f8-9.jpg,https://www.grandemotors.co.nz/Motorcentral/VehicleData/GRA-6937ce16-7e34-46e5-ab86-65d094bcd7f8-10.jpg,https://www.grandemotors.co.nz/Motorcentral/VehicleData/GRA-6937ce16-7e34-46e5-ab86-65d094bcd7f8-11.jpg,https://www.grandemotors.co.nz/Motorcentral/VehicleData/GRA-6937ce16-7e34-46e5-ab86-65d094bcd7f8-12.jpg,https://www.grandemotors.co.nz/Motorcentral/VehicleData/GRA-6937ce16-7e34-46e5-ab86-65d094bcd7f8-13.jpg,https://www.grandemotors.co.nz/Motorcentral/VehicleData/GRA-6937ce16-7e34-46e5-ab86-65d094bcd7f8-14.jpg,https://www.grandemotors.co.nz/Motorcentral/VehicleData/GRA-6937ce16-7e34-46e5-ab86-65d094bcd7f8-15.jpg,https://www.grandemotors.co.nz/Motorcentral/VehicleData/GRA-6937ce16-7e34-46e5-ab86-65d094bcd7f8-16.jpg,https://www.grandemotors.co.nz/Motorcentral/VehicleData/GRA-6937ce16-7e34-46e5-ab86-65d094bcd7f8-17.jpg,https://www.grandemotors.co.nz/Motorcentral/VehicleData/GRA-6937ce16-7e34-46e5-ab86-65d094bcd7f8-18.jpg,https://www.grandemotors.co.nz/Motorcentral/VehicleData/GRA-6937ce16-7e34-46e5-ab86-65d094bcd7f8-19.jpg",Honda,"Vehicles & Parts > Vehicles > Cars, Trucks & Vans",2020,WAGON,HYBRID,Automatic,Grande Motors
13635,2021 Honda VEZEL Hybrid In Transit e:HEV 4WD Z Model,"2021 Honda VEZEL RV-SUV in Red Japanese import, 1500 engine, done 102000kms,Automatic. Transit Hybrid 4WD e:HEV Z Hold deposit 1000$ An enjoya Available from Grande Motors Ltd, East Tamaki, Auckland.",in stock,used,28900.00 NZD,https://www.grandemotors.co.nz/vehicle/2021-Honda-VEZEL/13635,https://www.grandemotors.co.nz/Motorcentral/VehicleData/GRA-1439c347-aded-4cea-b95e-66d10db2e618-1.jpg,"https://www.grandemotors.co.nz/Motorcentral/VehicleData/GRA-1439c347-aded-4cea-b95e-66d10db2e618-2.jpg,https://www.grandemotors.co.nz/Motorcentral/VehicleData/GRA-1439c347-aded-4cea-b95e-66d10db2e618-3.jpg,https://www.grandemotors.co.nz/Motorcentral/VehicleData/GRA-1439c347-aded-4cea-b95e-66d10db2e618-4.jpg,https://www.grandemotors.co.nz/Motorcentral/VehicleData/GRA-1439c347-aded-4cea-b95e-66d10db2e618-5.jpg,https://www.grandemotors.co.nz/Motorcentral/VehicleData/GRA-1439c347-aded-4cea-b95e-66d10db2e618-6.jpg,https://www.grandemotors.co.nz/Motorcentral/VehicleData/GRA-1439c347-aded-4cea-b95e-66d10db2e618-7.jpg,https://www.grandemotors.co.nz/Motorcentral/VehicleData/GRA-1439c347-aded-4cea-b95e-66d10db2e618-8.jpg",Honda,"Vehicles & Parts > Vehicles > Cars, Trucks & Vans",2021,SUV,HYBRID,Automatic,Grande Motors
13279,2016 Honda Vezel Hybrid.Rear camera.Cruise control.,"Immobilizer. Engine button start. Pre-collision sensor. RCC (Radar Cruise Control). LKA (Lane Keeping Assistance). 2016 Honda Vezel Hybrid Z Ed Available from Grande Motors Ltd, East Tamaki, Auckland.",in stock,used,17900.00 NZD,https://www.grandemotors.co.nz/vehicle/2016-Honda-Vezel/13279,https://www.grandemotors.co.nz/Motorcentral/VehicleData/GRA-c32a2ce6-90a7-45d9-99ec-68eb699161de-1.jpg,"https://www.grandemotors.co.nz/Motorcentral/VehicleData/GRA-c32a2ce6-90a7-45d9-99ec-68eb699161de-2.jpg,https://www.grandemotors.co.nz/Motorcentral/VehicleData/GRA-c32a2ce6-90a7-45d9-99ec-68eb699161de-3.jpg,https://www.grandemotors.co.nz/Motorcentral/VehicleData/GRA-c32a2ce6-90a7-45d9-99ec-68eb699161de-4.jpg,https://www.grandemotors.co.nz/Motorcentral/VehicleData/GRA-c32a2ce6-90a7-45d9-99ec-68eb699161de-5.jpg,https://www.grandemotors.co.nz/Motorcentral/VehicleData/GRA-c32a2ce6-90a7-45d9-99ec-68eb699161de-6.jpg,https://www.grandemotors.co.nz/Motorcentral/VehicleData/GRA-c32a2ce6-90a7-45d9-99ec-68eb699161de-7.jpg,https://www.grandemotors.co.nz/Motorcentral/VehicleData/GRA-c32a2ce6-90a7-45d9-99ec-68eb699161de-8.jpg,https://www.grandemotors.co.nz/Motorcentral/VehicleData/GRA-c32a2ce6-90a7-45d9-99ec-68eb699161de-9.jpg,https://www.grandemotors.co.nz/Motorcentral/VehicleData/GRA-c32a2ce6-90a7-45d9-99ec-68eb699161de-10.jpg,https://www.grandemotors.co.nz/Motorcentral/VehicleData/GRA-c32a2ce6-90a7-45d9-99ec-68eb699161de-11.jpg,https://www.grandemotors.co.nz/Motorcentral/VehicleData/GRA-c32a2ce6-90a7-45d9-99ec-68eb699161de-12.jpg,https://www.grandemotors.co.nz/Motorcentral/VehicleData/GRA-c32a2ce6-90a7-45d9-99ec-68eb699161de-13.jpg,https://www.grandemotors.co.nz/Motorcentral/VehicleData/GRA-c32a2ce6-90a7-45d9-99ec-68eb699161de-14.jpg,https://www.grandemotors.co.nz/Motorcentral/VehicleData/GRA-c32a2ce6-90a7-45d9-99ec-68eb699161de-15.jpg,https://www.grandemotors.co.nz/Motorcentral/VehicleData/GRA-c32a2ce6-90a7-45d9-99ec-68eb699161de-16.jpg,https://www.grandemotors.co.nz/Motorcentral/VehicleData/GRA-c32a2ce6-90a7-45d9-99ec-68eb699161de-17.jpg,https://www.grandemotors.co.nz/Motorcentral/VehicleData/GRA-c32a2ce6-90a7-45d9-99ec-68eb699161de-18.jpg,https://www.grandemotors.co.nz/Motorcentral/VehicleData/GRA-c32a2ce6-90a7-45d9-99ec-68eb699161de-19.jpg,https://www.grandemotors.co.nz/Motorcentral/VehicleData/GRA-c32a2ce6-90a7-45d9-99ec-68eb699161de-20.jpg",Honda,"Vehicles & Parts > Vehicles > Cars, Trucks & Vans",2016,SUV,HYBRID,Automatic,Grande Motors
13104,2007 Hyundai Tucson NZ NEW.Towbar.Roof rails.Park sens.Cruise control.8 SRS Airbags.,"NZ NEW 2007 Hyundai Tuscon in grey colour with grey interior. An enjoyable roomy interior that can seat 5 in total comfort. Economical and reliabl Available from Grande Motors Ltd, East Tamaki, Auckland.",in stock,used,7800.00 NZD,https://www.grandemotors.co.nz/vehicle/2007-Hyundai-Tucson/13104,https://www.grandemotors.co.nz/Motorcentral/VehicleData/GRA-e864655b-fb0d-410c-a346-04d80834a8c2-1.jpg,"https://www.grandemotors.co.nz/Motorcentral/VehicleData/GRA-e864655b-fb0d-410c-a346-04d80834a8c2-2.jpg,https://www.grandemotors.co.nz/Motorcentral/VehicleData/GRA-e864655b-fb0d-410c-a346-04d80834a8c2-3.jpg,https://www.grandemotors.co.nz/Motorcentral/VehicleData/GRA-e864655b-fb0d-410c-a346-04d80834a8c2-4.jpg,https://www.grandemotors.co.nz/Motorcentral/VehicleData/GRA-e864655b-fb0d-410c-a346-04d80834a8c2-5.jpg,https://www.grandemotors.co.nz/Motorcentral/VehicleData/GRA-e864655b-fb0d-410c-a346-04d80834a8c2-6.jpg,https://www.grandemotors.co.nz/Motorcentral/VehicleData/GRA-e864655b-fb0d-410c-a346-04d80834a8c2-7.jpg,https://www.grandemotors.co.nz/Motorcentral/VehicleData/GRA-e864655b-fb0d-410c-a346-04d80834a8c2-8.jpg,https://www.grandemotors.co.nz/Motorcentral/VehicleData/GRA-e864655b-fb0d-410c-a346-04d80834a8c2-9.jpg,https://www.grandemotors.co.nz/Motorcentral/VehicleData/GRA-e864655b-fb0d-410c-a346-04d80834a8c2-10.jpg,https://www.grandemotors.co.nz/Motorcentral/VehicleData/GRA-e864655b-fb0d-410c-a346-04d80834a8c2-11.jpg,https://www.grandemotors.co.nz/Motorcentral/VehicleData/GRA-e864655b-fb0d-410c-a346-04d80834a8c2-12.jpg,https://www.grandemotors.co.nz/Motorcentral/VehicleData/GRA-e864655b-fb0d-410c-a346-04d80834a8c2-13.jpg,https://www.grandemotors.co.nz/Motorcentral/VehicleData/GRA-e864655b-fb0d-410c-a346-04d80834a8c2-14.jpg,https://www.grandemotors.co.nz/Motorcentral/VehicleData/GRA-e864655b-fb0d-410c-a346-04d80834a8c2-15.jpg,https://www.grandemotors.co.nz/Motorcentral/VehicleData/GRA-e864655b-fb0d-410c-a346-04d80834a8c2-16.jpg,https://www.grandemotors.co.nz/Motorcentral/VehicleData/GRA-e864655b-fb0d-410c-a346-04d80834a8c2-17.jpg,https://www.grandemotors.co.nz/Motorcentral/VehicleData/GRA-e864655b-fb0d-410c-a346-04d80834a8c2-18.jpg",Hyundai,"Vehicles & Parts > Vehicles > Cars, Trucks & Vans",2007,WAGON,GASOLINE,Automatic,Grande Motors
13360,2012 Lexus CT 200h NZ NEW.Cruise control.Park sensors.Alarm.10 Airbags.,"Alarm. Immobilizer. Parking sensors. Engine button start. NZ NEW 2012 Lexus CT 200h hybrid in Pearl White colour. Japanese import, 1800cc ch Available from Grande Motors Ltd, East Tamaki, Auckland.",in stock,used,13500.00 NZD,https://www.grandemotors.co.nz/vehicle/2012-Lexus-CT200h/13360,https://www.grandemotors.co.nz/Motorcentral/VehicleData/GRA-611ce972-1d4a-4901-8c1a-0bd111f89d31-1.jpg,"https://www.grandemotors.co.nz/Motorcentral/VehicleData/GRA-611ce972-1d4a-4901-8c1a-0bd111f89d31-2.jpg,https://www.grandemotors.co.nz/Motorcentral/VehicleData/GRA-611ce972-1d4a-4901-8c1a-0bd111f89d31-3.jpg,https://www.grandemotors.co.nz/Motorcentral/VehicleData/GRA-611ce972-1d4a-4901-8c1a-0bd111f89d31-4.jpg,https://www.grandemotors.co.nz/Motorcentral/VehicleData/GRA-611ce972-1d4a-4901-8c1a-0bd111f89d31-5.jpg,https://www.grandemotors.co.nz/Motorcentral/VehicleData/GRA-611ce972-1d4a-4901-8c1a-0bd111f89d31-6.jpg,https://www.grandemotors.co.nz/Motorcentral/VehicleData/GRA-611ce972-1d4a-4901-8c1a-0bd111f89d31-7.jpg,https://www.grandemotors.co.nz/Motorcentral/VehicleData/GRA-611ce972-1d4a-4901-8c1a-0bd111f89d31-8.jpg,https://www.grandemotors.co.nz/Motorcentral/VehicleData/GRA-611ce972-1d4a-4901-8c1a-0bd111f89d31-9.jpg,https://www.grandemotors.co.nz/Motorcentral/VehicleData/GRA-611ce972-1d4a-4901-8c1a-0bd111f89d31-10.jpg,https://www.grandemotors.co.nz/Motorcentral/VehicleData/GRA-611ce972-1d4a-4901-8c1a-0bd111f89d31-11.jpg,https://www.grandemotors.co.nz/Motorcentral/VehicleData/GRA-611ce972-1d4a-4901-8c1a-0bd111f89d31-12.jpg,https://www.grandemotors.co.nz/Motorcentral/VehicleData/GRA-611ce972-1d4a-4901-8c1a-0bd111f89d31-13.jpg,https://www.grandemotors.co.nz/Motorcentral/VehicleData/GRA-611ce972-1d4a-4901-8c1a-0bd111f89d31-14.jpg,https://www.grandemotors.co.nz/Motorcentral/VehicleData/GRA-611ce972-1d4a-4901-8c1a-0bd111f89d31-15.jpg,https://www.grandemotors.co.nz/Motorcentral/VehicleData/GRA-611ce972-1d4a-4901-8c1a-0bd111f89d31-16.jpg,https://www.grandemotors.co.nz/Motorcentral/VehicleData/GRA-611ce972-1d4a-4901-8c1a-0bd111f89d31-17.jpg,https://www.grandemotors.co.nz/Motorcentral/VehicleData/GRA-611ce972-1d4a-4901-8c1a-0bd111f89d31-18.jpg,https://www.grandemotors.co.nz/Motorcentral/VehicleData/GRA-611ce972-1d4a-4901-8c1a-0bd111f89d31-19.jpg",Lexus,"Vehicles & Parts > Vehicles > Cars, Trucks & Vans",2012,HATCHBACK,HYBRID,Automatic,Grande Motors
13523,2012 Lexus CT 200h Hybrid.Reversing Camera.,"2012 Lexus CT 200h Hatchback in Black Japanese import, 1800 engine, done 72000kms,Automatic. Transit Hybrid Hold Deposit 1000$ An enjoyable r Available from Grande Motors Ltd, East Tamaki, Auckland.",in stock,used,14500.00 NZD,https://www.grandemotors.co.nz/vehicle/2012-Lexus-CT200h/13523,https://www.grandemotors.co.nz/Motorcentral/VehicleData/GRA-3b6d0eae-5795-4a56-b5f9-dfeb243b9928-1.jpg,"https://www.grandemotors.co.nz/Motorcentral/VehicleData/GRA-3b6d0eae-5795-4a56-b5f9-dfeb243b9928-2.jpg,https://www.grandemotors.co.nz/Motorcentral/VehicleData/GRA-3b6d0eae-5795-4a56-b5f9-dfeb243b9928-3.jpg,https://www.grandemotors.co.nz/Motorcentral/VehicleData/GRA-3b6d0eae-5795-4a56-b5f9-dfeb243b9928-4.jpg,https://www.grandemotors.co.nz/Motorcentral/VehicleData/GRA-3b6d0eae-5795-4a56-b5f9-dfeb243b9928-5.jpg,https://www.grandemotors.co.nz/Motorcentral/VehicleData/GRA-3b6d0eae-5795-4a56-b5f9-dfeb243b9928-6.jpg,https://www.grandemotors.co.nz/Motorcentral/VehicleData/GRA-3b6d0eae-5795-4a56-b5f9-dfeb243b9928-7.jpg,https://www.grandemotors.co.nz/Motorcentral/VehicleData/GRA-3b6d0eae-5795-4a56-b5f9-dfeb243b9928-8.jpg,https://www.grandemotors.co.nz/Motorcentral/VehicleData/GRA-3b6d0eae-5795-4a56-b5f9-dfeb243b9928-9.jpg,https://www.grandemotors.co.nz/Motorcentral/VehicleData/GRA-3b6d0eae-5795-4a56-b5f9-dfeb243b9928-10.jpg,https://www.grandemotors.co.nz/Motorcentral/VehicleData/GRA-3b6d0eae-5795-4a56-b5f9-dfeb243b9928-11.jpg,https://www.grandemotors.co.nz/Motorcentral/VehicleData/GRA-3b6d0eae-5795-4a56-b5f9-dfeb243b9928-12.jpg",Lexus,"Vehicles & Parts > Vehicles > Cars, Trucks & Vans",2012,HATCHBACK,HYBRID,Automatic,Grande Motors
13517,2013 Lexus CT 200h Hybrid,"Immobilizer. Parking sensors. Engine button start. RCC (Radar Cruise Control). 2013 Lexus CT 200h hybrid in Grey Metallic colour. Japanese im Available from Grande Motors Ltd, East Tamaki, Auckland.",in stock,used,12900.00 NZD,https://www.grandemotors.co.nz/vehicle/2013-Lexus-CT200h/13517,https://www.grandemotors.co.nz/Motorcentral/VehicleData/GRA-4fe09696-8fb9-474d-b659-f9a304a01de2-1.jpg,"https://www.grandemotors.co.nz/Motorcentral/VehicleData/GRA-4fe09696-8fb9-474d-b659-f9a304a01de2-2.jpg,https://www.grandemotors.co.nz/Motorcentral/VehicleData/GRA-4fe09696-8fb9-474d-b659-f9a304a01de2-3.jpg,https://www.grandemotors.co.nz/Motorcentral/VehicleData/GRA-4fe09696-8fb9-474d-b659-f9a304a01de2-4.jpg,https://www.grandemotors.co.nz/Motorcentral/VehicleData/GRA-4fe09696-8fb9-474d-b659-f9a304a01de2-5.jpg,https://www.grandemotors.co.nz/Motorcentral/VehicleData/GRA-4fe09696-8fb9-474d-b659-f9a304a01de2-6.jpg,https://www.grandemotors.co.nz/Motorcentral/VehicleData/GRA-4fe09696-8fb9-474d-b659-f9a304a01de2-7.jpg,https://www.grandemotors.co.nz/Motorcentral/VehicleData/GRA-4fe09696-8fb9-474d-b659-f9a304a01de2-8.jpg,https://www.grandemotors.co.nz/Motorcentral/VehicleData/GRA-4fe09696-8fb9-474d-b659-f9a304a01de2-9.jpg,https://www.grandemotors.co.nz/Motorcentral/VehicleData/GRA-4fe09696-8fb9-474d-b659-f9a304a01de2-10.jpg,https://www.grandemotors.co.nz/Motorcentral/VehicleData/GRA-4fe09696-8fb9-474d-b659-f9a304a01de2-11.jpg,https://www.grandemotors.co.nz/Motorcentral/VehicleData/GRA-4fe09696-8fb9-474d-b659-f9a304a01de2-12.jpg,https://www.grandemotors.co.nz/Motorcentral/VehicleData/GRA-4fe09696-8fb9-474d-b659-f9a304a01de2-13.jpg,https://www.grandemotors.co.nz/Motorcentral/VehicleData/GRA-4fe09696-8fb9-474d-b659-f9a304a01de2-14.jpg,https://www.grandemotors.co.nz/Motorcentral/VehicleData/GRA-4fe09696-8fb9-474d-b659-f9a304a01de2-15.jpg,https://www.grandemotors.co.nz/Motorcentral/VehicleData/GRA-4fe09696-8fb9-474d-b659-f9a304a01de2-16.jpg,https://www.grandemotors.co.nz/Motorcentral/VehicleData/GRA-4fe09696-8fb9-474d-b659-f9a304a01de2-17.jpg,https://www.grandemotors.co.nz/Motorcentral/VehicleData/GRA-4fe09696-8fb9-474d-b659-f9a304a01de2-18.jpg,https://www.grandemotors.co.nz/Motorcentral/VehicleData/GRA-4fe09696-8fb9-474d-b659-f9a304a01de2-19.jpg,https://www.grandemotors.co.nz/Motorcentral/VehicleData/GRA-4fe09696-8fb9-474d-b659-f9a304a01de2-20.jpg",Lexus,"Vehicles & Parts > Vehicles > Cars, Trucks & Vans",2013,HATCHBACK,HYBRID,Automatic,Grande Motors
13614,2013 Lexus CT 200h Transit Hybrid Full Leather,"2013 Lexus CT 200h Hatchback in WINE Japanese import, 1800 engine, done 35000kms,Automatic. Transit Hybrid ,low km Hold deposit 1000$ An enjoya Available from Grande Motors Ltd, East Tamaki, Auckland.",in stock,used,18800.00 NZD,https://www.grandemotors.co.nz/vehicle/2013-Lexus-CT200h/13614,https://www.grandemotors.co.nz/Motorcentral/VehicleData/GRA-d0177329-4a7e-492a-a723-1c6a84bf86f3-1.jpg,"https://www.grandemotors.co.nz/Motorcentral/VehicleData/GRA-d0177329-4a7e-492a-a723-1c6a84bf86f3-2.jpg,https://www.grandemotors.co.nz/Motorcentral/VehicleData/GRA-d0177329-4a7e-492a-a723-1c6a84bf86f3-3.jpg,https://www.grandemotors.co.nz/Motorcentral/VehicleData/GRA-d0177329-4a7e-492a-a723-1c6a84bf86f3-4.jpg,https://www.grandemotors.co.nz/Motorcentral/VehicleData/GRA-d0177329-4a7e-492a-a723-1c6a84bf86f3-5.jpg,https://www.grandemotors.co.nz/Motorcentral/VehicleData/GRA-d0177329-4a7e-492a-a723-1c6a84bf86f3-6.jpg,https://www.grandemotors.co.nz/Motorcentral/VehicleData/GRA-d0177329-4a7e-492a-a723-1c6a84bf86f3-7.jpg,https://www.grandemotors.co.nz/Motorcentral/VehicleData/GRA-d0177329-4a7e-492a-a723-1c6a84bf86f3-8.jpg,https://www.grandemotors.co.nz/Motorcentral/VehicleData/GRA-d0177329-4a7e-492a-a723-1c6a84bf86f3-9.jpg,https://www.grandemotors.co.nz/Motorcentral/VehicleData/GRA-d0177329-4a7e-492a-a723-1c6a84bf86f3-10.jpg,https://www.grandemotors.co.nz/Motorcentral/VehicleData/GRA-d0177329-4a7e-492a-a723-1c6a84bf86f3-11.jpg,https://www.grandemotors.co.nz/Motorcentral/VehicleData/GRA-d0177329-4a7e-492a-a723-1c6a84bf86f3-12.jpg,https://www.grandemotors.co.nz/Motorcentral/VehicleData/GRA-d0177329-4a7e-492a-a723-1c6a84bf86f3-13.jpg,https://www.grandemotors.co.nz/Motorcentral/VehicleData/GRA-d0177329-4a7e-492a-a723-1c6a84bf86f3-14.jpg",Lexus,"Vehicles & Parts > Vehicles > Cars, Trucks & Vans",2013,HATCHBACK,HYBRID,Automatic,Grande Motors
13706,"2016 Lexus CT 200h Hybrid F-Sport in Transit Grade 4,5","2016 Lexus CT 200h Hatchback in Red Japanese import, 1800 engine, done 71000kms,Automatic. Ct200 H in Transit F-Sport Grade 4,5 Hold Deposit 10 Available from Grande Motors Ltd, East Tamaki, Auckland.",in stock,used,23500.00 NZD,https://www.grandemotors.co.nz/vehicle/2016-Lexus-CT200h/13706,https://www.grandemotors.co.nz/Motorcentral/VehicleData/GRA-2d10739e-3cfa-4a24-ae50-37134fa23542-1.jpg,"https://www.grandemotors.co.nz/Motorcentral/VehicleData/GRA-2d10739e-3cfa-4a24-ae50-37134fa23542-2.jpg,https://www.grandemotors.co.nz/Motorcentral/VehicleData/GRA-2d10739e-3cfa-4a24-ae50-37134fa23542-3.jpg,https://www.grandemotors.co.nz/Motorcentral/VehicleData/GRA-2d10739e-3cfa-4a24-ae50-37134fa23542-4.jpg,https://www.grandemotors.co.nz/Motorcentral/VehicleData/GRA-2d10739e-3cfa-4a24-ae50-37134fa23542-5.jpg,https://www.grandemotors.co.nz/Motorcentral/VehicleData/GRA-2d10739e-3cfa-4a24-ae50-37134fa23542-6.jpg,https://www.grandemotors.co.nz/Motorcentral/VehicleData/GRA-2d10739e-3cfa-4a24-ae50-37134fa23542-7.jpg,https://www.grandemotors.co.nz/Motorcentral/VehicleData/GRA-2d10739e-3cfa-4a24-ae50-37134fa23542-8.jpg,https://www.grandemotors.co.nz/Motorcentral/VehicleData/GRA-2d10739e-3cfa-4a24-ae50-37134fa23542-9.jpg,https://www.grandemotors.co.nz/Motorcentral/VehicleData/GRA-2d10739e-3cfa-4a24-ae50-37134fa23542-10.jpg,https://www.grandemotors.co.nz/Motorcentral/VehicleData/GRA-2d10739e-3cfa-4a24-ae50-37134fa23542-11.jpg,https://www.grandemotors.co.nz/Motorcentral/VehicleData/GRA-2d10739e-3cfa-4a24-ae50-37134fa23542-12.jpg,https://www.grandemotors.co.nz/Motorcentral/VehicleData/GRA-2d10739e-3cfa-4a24-ae50-37134fa23542-13.jpg,https://www.grandemotors.co.nz/Motorcentral/VehicleData/GRA-2d10739e-3cfa-4a24-ae50-37134fa23542-14.jpg,https://www.grandemotors.co.nz/Motorcentral/VehicleData/GRA-2d10739e-3cfa-4a24-ae50-37134fa23542-15.jpg,https://www.grandemotors.co.nz/Motorcentral/VehicleData/GRA-2d10739e-3cfa-4a24-ae50-37134fa23542-16.jpg,https://www.grandemotors.co.nz/Motorcentral/VehicleData/GRA-2d10739e-3cfa-4a24-ae50-37134fa23542-17.jpg,https://www.grandemotors.co.nz/Motorcentral/VehicleData/GRA-2d10739e-3cfa-4a24-ae50-37134fa23542-18.jpg",Lexus,"Vehicles & Parts > Vehicles > Cars, Trucks & Vans",2016,HATCHBACK,HYBRID,Automatic,Grande Motors
13526,2017 Lexus CT 200h Hybrid.Radar cruise.Rear camera.,"Immobilizer. Engine button start. RCC (Radar Cruise Control). LKA (Lane Keeping Assistance). 2017 Lexus CT 200h hybrid in Bronze colour. Japa Available from Grande Motors Ltd, East Tamaki, Auckland.",in stock,used,22800.00 NZD,https://www.grandemotors.co.nz/vehicle/2017-Lexus-CT200h/13526,https://www.grandemotors.co.nz/Motorcentral/VehicleData/GRA-3625dced-43fb-4e70-8eba-c73b6022c18b-1.jpg,"https://www.grandemotors.co.nz/Motorcentral/VehicleData/GRA-3625dced-43fb-4e70-8eba-c73b6022c18b-2.jpg,https://www.grandemotors.co.nz/Motorcentral/VehicleData/GRA-3625dced-43fb-4e70-8eba-c73b6022c18b-3.jpg,https://www.grandemotors.co.nz/Motorcentral/VehicleData/GRA-3625dced-43fb-4e70-8eba-c73b6022c18b-4.jpg,https://www.grandemotors.co.nz/Motorcentral/VehicleData/GRA-3625dced-43fb-4e70-8eba-c73b6022c18b-5.jpg,https://www.grandemotors.co.nz/Motorcentral/VehicleData/GRA-3625dced-43fb-4e70-8eba-c73b6022c18b-6.jpg,https://www.grandemotors.co.nz/Motorcentral/VehicleData/GRA-3625dced-43fb-4e70-8eba-c73b6022c18b-7.jpg,https://www.grandemotors.co.nz/Motorcentral/VehicleData/GRA-3625dced-43fb-4e70-8eba-c73b6022c18b-8.jpg,https://www.grandemotors.co.nz/Motorcentral/VehicleData/GRA-3625dced-43fb-4e70-8eba-c73b6022c18b-9.jpg,https://www.grandemotors.co.nz/Motorcentral/VehicleData/GRA-3625dced-43fb-4e70-8eba-c73b6022c18b-10.jpg,https://www.grandemotors.co.nz/Motorcentral/VehicleData/GRA-3625dced-43fb-4e70-8eba-c73b6022c18b-11.jpg,https://www.grandemotors.co.nz/Motorcentral/VehicleData/GRA-3625dced-43fb-4e70-8eba-c73b6022c18b-12.jpg,https://www.grandemotors.co.nz/Motorcentral/VehicleData/GRA-3625dced-43fb-4e70-8eba-c73b6022c18b-13.jpg,https://www.grandemotors.co.nz/Motorcentral/VehicleData/GRA-3625dced-43fb-4e70-8eba-c73b6022c18b-14.jpg,https://www.grandemotors.co.nz/Motorcentral/VehicleData/GRA-3625dced-43fb-4e70-8eba-c73b6022c18b-15.jpg,https://www.grandemotors.co.nz/Motorcentral/VehicleData/GRA-3625dced-43fb-4e70-8eba-c73b6022c18b-16.jpg,https://www.grandemotors.co.nz/Motorcentral/VehicleData/GRA-3625dced-43fb-4e70-8eba-c73b6022c18b-17.jpg,https://www.grandemotors.co.nz/Motorcentral/VehicleData/GRA-3625dced-43fb-4e70-8eba-c73b6022c18b-18.jpg,https://www.grandemotors.co.nz/Motorcentral/VehicleData/GRA-3625dced-43fb-4e70-8eba-c73b6022c18b-19.jpg,https://www.grandemotors.co.nz/Motorcentral/VehicleData/GRA-3625dced-43fb-4e70-8eba-c73b6022c18b-20.jpg",Lexus,"Vehicles & Parts > Vehicles > Cars, Trucks & Vans",2017,HATCHBACK,HYBRID,Automatic,Grande Motors
12185,2012 Lexus GS 350 F-sport.HUD.Radar cruise.Leather.Park sens.Alarm.12 Airbags.,"Alarm. Immobilizer. 12 SRS Airbags. RCC (Radar Cruise Control). Leather heated/cooled seats. Alloy wheels with brand new tires. 2012 Lexus GS Available from Grande Motors Ltd, East Tamaki, Auckland.",in stock,used,22900.00 NZD,https://www.grandemotors.co.nz/vehicle/2012-Lexus-GS350/12185,https://www.grandemotors.co.nz/Motorcentral/VehicleData/GRA-c02c66fe-f263-4b86-8ef7-05d54ff5aa1d-1.jpg,"https://www.grandemotors.co.nz/Motorcentral/VehicleData/GRA-c02c66fe-f263-4b86-8ef7-05d54ff5aa1d-2.jpg,https://www.grandemotors.co.nz/Motorcentral/VehicleData/GRA-c02c66fe-f263-4b86-8ef7-05d54ff5aa1d-3.jpg,https://www.grandemotors.co.nz/Motorcentral/VehicleData/GRA-c02c66fe-f263-4b86-8ef7-05d54ff5aa1d-4.jpg,https://www.grandemotors.co.nz/Motorcentral/VehicleData/GRA-c02c66fe-f263-4b86-8ef7-05d54ff5aa1d-5.jpg,https://www.grandemotors.co.nz/Motorcentral/VehicleData/GRA-c02c66fe-f263-4b86-8ef7-05d54ff5aa1d-6.jpg,https://www.grandemotors.co.nz/Motorcentral/VehicleData/GRA-c02c66fe-f263-4b86-8ef7-05d54ff5aa1d-7.jpg,https://www.grandemotors.co.nz/Motorcentral/VehicleData/GRA-c02c66fe-f263-4b86-8ef7-05d54ff5aa1d-8.jpg,https://www.grandemotors.co.nz/Motorcentral/VehicleData/GRA-c02c66fe-f263-4b86-8ef7-05d54ff5aa1d-9.jpg,https://www.grandemotors.co.nz/Motorcentral/VehicleData/GRA-c02c66fe-f263-4b86-8ef7-05d54ff5aa1d-10.jpg,https://www.grandemotors.co.nz/Motorcentral/VehicleData/GRA-c02c66fe-f263-4b86-8ef7-05d54ff5aa1d-11.jpg,https://www.grandemotors.co.nz/Motorcentral/VehicleData/GRA-c02c66fe-f263-4b86-8ef7-05d54ff5aa1d-12.jpg,https://www.grandemotors.co.nz/Motorcentral/VehicleData/GRA-c02c66fe-f263-4b86-8ef7-05d54ff5aa1d-13.jpg,https://www.grandemotors.co.nz/Motorcentral/VehicleData/GRA-c02c66fe-f263-4b86-8ef7-05d54ff5aa1d-14.jpg,https://www.grandemotors.co.nz/Motorcentral/VehicleData/GRA-c02c66fe-f263-4b86-8ef7-05d54ff5aa1d-15.jpg,https://www.grandemotors.co.nz/Motorcentral/VehicleData/GRA-c02c66fe-f263-4b86-8ef7-05d54ff5aa1d-16.jpg,https://www.grandemotors.co.nz/Motorcentral/VehicleData/GRA-c02c66fe-f263-4b86-8ef7-05d54ff5aa1d-17.jpg,https://www.grandemotors.co.nz/Motorcentral/VehicleData/GRA-c02c66fe-f263-4b86-8ef7-05d54ff5aa1d-18.jpg,https://www.grandemotors.co.nz/Motorcentral/VehicleData/GRA-c02c66fe-f263-4b86-8ef7-05d54ff5aa1d-19.jpg",Lexus,"Vehicles & Parts > Vehicles > Cars, Trucks & Vans",2012,SEDAN,OTHER,Automatic,Grande Motors
12034,2013 Lexus GS 350 Mark Levinson.Leather.Park sensors.Rear cam.12 Airbags.Alarm.,"Alarm. Immobilizer. 12 SRS Airbags. Leather heated/cooled seats. Alloy wheels with brand new tires. Premium ""Mark Levinson"" sound system. 2013 Available from Grande Motors Ltd, East Tamaki, Auckland.",in stock,used,19900.00 NZD,https://www.grandemotors.co.nz/vehicle/2013-Lexus-GS350/12034,https://www.grandemotors.co.nz/Motorcentral/VehicleData/GRA-c07e9d87-577d-4765-9fad-b44577287742-1.jpg,"https://www.grandemotors.co.nz/Motorcentral/VehicleData/GRA-c07e9d87-577d-4765-9fad-b44577287742-2.jpg,https://www.grandemotors.co.nz/Motorcentral/VehicleData/GRA-c07e9d87-577d-4765-9fad-b44577287742-3.jpg,https://www.grandemotors.co.nz/Motorcentral/VehicleData/GRA-c07e9d87-577d-4765-9fad-b44577287742-4.jpg,https://www.grandemotors.co.nz/Motorcentral/VehicleData/GRA-c07e9d87-577d-4765-9fad-b44577287742-5.jpg,https://www.grandemotors.co.nz/Motorcentral/VehicleData/GRA-c07e9d87-577d-4765-9fad-b44577287742-6.jpg,https://www.grandemotors.co.nz/Motorcentral/VehicleData/GRA-c07e9d87-577d-4765-9fad-b44577287742-7.jpg,https://www.grandemotors.co.nz/Motorcentral/VehicleData/GRA-c07e9d87-577d-4765-9fad-b44577287742-8.jpg,https://www.grandemotors.co.nz/Motorcentral/VehicleData/GRA-c07e9d87-577d-4765-9fad-b44577287742-9.jpg,https://www.grandemotors.co.nz/Motorcentral/VehicleData/GRA-c07e9d87-577d-4765-9fad-b44577287742-10.jpg,https://www.grandemotors.co.nz/Motorcentral/VehicleData/GRA-c07e9d87-577d-4765-9fad-b44577287742-11.jpg,https://www.grandemotors.co.nz/Motorcentral/VehicleData/GRA-c07e9d87-577d-4765-9fad-b44577287742-12.jpg,https://www.grandemotors.co.nz/Motorcentral/VehicleData/GRA-c07e9d87-577d-4765-9fad-b44577287742-13.jpg,https://www.grandemotors.co.nz/Motorcentral/VehicleData/GRA-c07e9d87-577d-4765-9fad-b44577287742-14.jpg,https://www.grandemotors.co.nz/Motorcentral/VehicleData/GRA-c07e9d87-577d-4765-9fad-b44577287742-15.jpg,https://www.grandemotors.co.nz/Motorcentral/VehicleData/GRA-c07e9d87-577d-4765-9fad-b44577287742-16.jpg,https://www.grandemotors.co.nz/Motorcentral/VehicleData/GRA-c07e9d87-577d-4765-9fad-b44577287742-17.jpg,https://www.grandemotors.co.nz/Motorcentral/VehicleData/GRA-c07e9d87-577d-4765-9fad-b44577287742-18.jpg,https://www.grandemotors.co.nz/Motorcentral/VehicleData/GRA-c07e9d87-577d-4765-9fad-b44577287742-19.jpg,https://www.grandemotors.co.nz/Motorcentral/VehicleData/GRA-c07e9d87-577d-4765-9fad-b44577287742-20.jpg",Lexus,"Vehicles & Parts > Vehicles > Cars, Trucks & Vans",2013,SEDAN,OTHER,Automatic,Grande Motors
13518,2013 Lexus GS350 F-Sport. Low Kms.Excellent condition,"2013 Lexus GS350 Sedan in Black Japanese import, 3500 engine, done 105000kms,Automatic. Transit F- Sport Hold Deposit 1000$ An enjoyable room Available from Grande Motors Ltd, East Tamaki, Auckland.",in stock,used,36000.00 NZD,https://www.grandemotors.co.nz/vehicle/2013-Lexus-GS350/13518,https://www.grandemotors.co.nz/Motorcentral/VehicleData/GRA-21569bc8-92e7-414f-9402-b1271310f395-1.jpg,"https://www.grandemotors.co.nz/Motorcentral/VehicleData/GRA-21569bc8-92e7-414f-9402-b1271310f395-2.jpg,https://www.grandemotors.co.nz/Motorcentral/VehicleData/GRA-21569bc8-92e7-414f-9402-b1271310f395-3.jpg,https://www.grandemotors.co.nz/Motorcentral/VehicleData/GRA-21569bc8-92e7-414f-9402-b1271310f395-4.jpg,https://www.grandemotors.co.nz/Motorcentral/VehicleData/GRA-21569bc8-92e7-414f-9402-b1271310f395-5.jpg,https://www.grandemotors.co.nz/Motorcentral/VehicleData/GRA-21569bc8-92e7-414f-9402-b1271310f395-6.jpg,https://www.grandemotors.co.nz/Motorcentral/VehicleData/GRA-21569bc8-92e7-414f-9402-b1271310f395-7.jpg,https://www.grandemotors.co.nz/Motorcentral/VehicleData/GRA-21569bc8-92e7-414f-9402-b1271310f395-8.jpg,https://www.grandemotors.co.nz/Motorcentral/VehicleData/GRA-21569bc8-92e7-414f-9402-b1271310f395-9.jpg,https://www.grandemotors.co.nz/Motorcentral/VehicleData/GRA-21569bc8-92e7-414f-9402-b1271310f395-10.jpg,https://www.grandemotors.co.nz/Motorcentral/VehicleData/GRA-21569bc8-92e7-414f-9402-b1271310f395-11.jpg,https://www.grandemotors.co.nz/Motorcentral/VehicleData/GRA-21569bc8-92e7-414f-9402-b1271310f395-12.jpg,https://www.grandemotors.co.nz/Motorcentral/VehicleData/GRA-21569bc8-92e7-414f-9402-b1271310f395-13.jpg,https://www.grandemotors.co.nz/Motorcentral/VehicleData/GRA-21569bc8-92e7-414f-9402-b1271310f395-14.jpg,https://www.grandemotors.co.nz/Motorcentral/VehicleData/GRA-21569bc8-92e7-414f-9402-b1271310f395-15.jpg,https://www.grandemotors.co.nz/Motorcentral/VehicleData/GRA-21569bc8-92e7-414f-9402-b1271310f395-16.jpg,https://www.grandemotors.co.nz/Motorcentral/VehicleData/GRA-21569bc8-92e7-414f-9402-b1271310f395-17.jpg,https://www.grandemotors.co.nz/Motorcentral/VehicleData/GRA-21569bc8-92e7-414f-9402-b1271310f395-18.jpg",Lexus,"Vehicles & Parts > Vehicles > Cars, Trucks & Vans",2013,SEDAN,OTHER,Automatic,Grande Motors
11423,2015 Lexus GS 350 Sunroof.Blind spot.Radar cruise.Alarm.Lane assist.12 Airbags.,"Alarm. Immobilizer. Parking sensors. Heated steering wheel. RCC (Radar Cruise Control). BSM (Blind Spot Monitoring). LKA (Lane Keeping Assistanc Available from Grande Motors Ltd, East Tamaki, Auckland.",in stock,used,23900.00 NZD,https://www.grandemotors.co.nz/vehicle/2015-Lexus-GS350/11423,https://www.grandemotors.co.nz/Motorcentral/VehicleData/GRA-e5ad01a3-d4be-41c2-8e5d-dc0b50e07935-1.jpg,"https://www.grandemotors.co.nz/Motorcentral/VehicleData/GRA-e5ad01a3-d4be-41c2-8e5d-dc0b50e07935-2.jpg,https://www.grandemotors.co.nz/Motorcentral/VehicleData/GRA-e5ad01a3-d4be-41c2-8e5d-dc0b50e07935-3.jpg,https://www.grandemotors.co.nz/Motorcentral/VehicleData/GRA-e5ad01a3-d4be-41c2-8e5d-dc0b50e07935-4.jpg,https://www.grandemotors.co.nz/Motorcentral/VehicleData/GRA-e5ad01a3-d4be-41c2-8e5d-dc0b50e07935-5.jpg,https://www.grandemotors.co.nz/Motorcentral/VehicleData/GRA-e5ad01a3-d4be-41c2-8e5d-dc0b50e07935-6.jpg,https://www.grandemotors.co.nz/Motorcentral/VehicleData/GRA-e5ad01a3-d4be-41c2-8e5d-dc0b50e07935-7.jpg,https://www.grandemotors.co.nz/Motorcentral/VehicleData/GRA-e5ad01a3-d4be-41c2-8e5d-dc0b50e07935-8.jpg,https://www.grandemotors.co.nz/Motorcentral/VehicleData/GRA-e5ad01a3-d4be-41c2-8e5d-dc0b50e07935-9.jpg,https://www.grandemotors.co.nz/Motorcentral/VehicleData/GRA-e5ad01a3-d4be-41c2-8e5d-dc0b50e07935-10.jpg,https://www.grandemotors.co.nz/Motorcentral/VehicleData/GRA-e5ad01a3-d4be-41c2-8e5d-dc0b50e07935-11.jpg,https://www.grandemotors.co.nz/Motorcentral/VehicleData/GRA-e5ad01a3-d4be-41c2-8e5d-dc0b50e07935-12.jpg,https://www.grandemotors.co.nz/Motorcentral/VehicleData/GRA-e5ad01a3-d4be-41c2-8e5d-dc0b50e07935-13.jpg,https://www.grandemotors.co.nz/Motorcentral/VehicleData/GRA-e5ad01a3-d4be-41c2-8e5d-dc0b50e07935-14.jpg,https://www.grandemotors.co.nz/Motorcentral/VehicleData/GRA-e5ad01a3-d4be-41c2-8e5d-dc0b50e07935-15.jpg,https://www.grandemotors.co.nz/Motorcentral/VehicleData/GRA-e5ad01a3-d4be-41c2-8e5d-dc0b50e07935-16.jpg,https://www.grandemotors.co.nz/Motorcentral/VehicleData/GRA-e5ad01a3-d4be-41c2-8e5d-dc0b50e07935-17.jpg,https://www.grandemotors.co.nz/Motorcentral/VehicleData/GRA-e5ad01a3-d4be-41c2-8e5d-dc0b50e07935-18.jpg,https://www.grandemotors.co.nz/Motorcentral/VehicleData/GRA-e5ad01a3-d4be-41c2-8e5d-dc0b50e07935-19.jpg",Lexus,"Vehicles & Parts > Vehicles > Cars, Trucks & Vans",2015,SEDAN,GASOLINE,Automatic,Grande Motors
12814,2015 Lexus GS 350 Alarm.Radar cruise.Lane assist.Park sens.10 Airbags.,"Alarm. Immobilizer. 10 multiple SRS Airbags. RCC (Radar Cruise Control). LKA (Lane Keeping Assistance). Electric leather heated/cooled seats. Available from Grande Motors Ltd, East Tamaki, Auckland.",in stock,used,28500.00 NZD,https://www.grandemotors.co.nz/vehicle/2015-Lexus-GS350/12814,https://www.grandemotors.co.nz/Motorcentral/VehicleData/GRA-3ac0b25f-af2f-4554-bc0d-17eee775dcb1-1.jpg,"https://www.grandemotors.co.nz/Motorcentral/VehicleData/GRA-3ac0b25f-af2f-4554-bc0d-17eee775dcb1-2.jpg,https://www.grandemotors.co.nz/Motorcentral/VehicleData/GRA-3ac0b25f-af2f-4554-bc0d-17eee775dcb1-3.jpg,https://www.grandemotors.co.nz/Motorcentral/VehicleData/GRA-3ac0b25f-af2f-4554-bc0d-17eee775dcb1-4.jpg,https://www.grandemotors.co.nz/Motorcentral/VehicleData/GRA-3ac0b25f-af2f-4554-bc0d-17eee775dcb1-5.jpg,https://www.grandemotors.co.nz/Motorcentral/VehicleData/GRA-3ac0b25f-af2f-4554-bc0d-17eee775dcb1-6.jpg,https://www.grandemotors.co.nz/Motorcentral/VehicleData/GRA-3ac0b25f-af2f-4554-bc0d-17eee775dcb1-7.jpg,https://www.grandemotors.co.nz/Motorcentral/VehicleData/GRA-3ac0b25f-af2f-4554-bc0d-17eee775dcb1-8.jpg,https://www.grandemotors.co.nz/Motorcentral/VehicleData/GRA-3ac0b25f-af2f-4554-bc0d-17eee775dcb1-9.jpg,https://www.grandemotors.co.nz/Motorcentral/VehicleData/GRA-3ac0b25f-af2f-4554-bc0d-17eee775dcb1-10.jpg,https://www.grandemotors.co.nz/Motorcentral/VehicleData/GRA-3ac0b25f-af2f-4554-bc0d-17eee775dcb1-11.jpg,https://www.grandemotors.co.nz/Motorcentral/VehicleData/GRA-3ac0b25f-af2f-4554-bc0d-17eee775dcb1-12.jpg,https://www.grandemotors.co.nz/Motorcentral/VehicleData/GRA-3ac0b25f-af2f-4554-bc0d-17eee775dcb1-13.jpg,https://www.grandemotors.co.nz/Motorcentral/VehicleData/GRA-3ac0b25f-af2f-4554-bc0d-17eee775dcb1-14.jpg,https://www.grandemotors.co.nz/Motorcentral/VehicleData/GRA-3ac0b25f-af2f-4554-bc0d-17eee775dcb1-15.jpg,https://www.grandemotors.co.nz/Motorcentral/VehicleData/GRA-3ac0b25f-af2f-4554-bc0d-17eee775dcb1-16.jpg,https://www.grandemotors.co.nz/Motorcentral/VehicleData/GRA-3ac0b25f-af2f-4554-bc0d-17eee775dcb1-17.jpg,https://www.grandemotors.co.nz/Motorcentral/VehicleData/GRA-3ac0b25f-af2f-4554-bc0d-17eee775dcb1-18.jpg,https://www.grandemotors.co.nz/Motorcentral/VehicleData/GRA-3ac0b25f-af2f-4554-bc0d-17eee775dcb1-19.jpg",Lexus,"Vehicles & Parts > Vehicles > Cars, Trucks & Vans",2015,SEDAN,GASOLINE,Automatic,Grande Motors
11986,2012 Lexus GS 450h Hybrid.Sunroof.Leather.Alarm.10 Airbags.,"Alarm. Immobilizer. Engine button start. Alloy wheels with """"Michelin"" tires. 2012 Lexus GS 450h hybrid in silver colour with black leather inte Available from Grande Motors Ltd, East Tamaki, Auckland.",in stock,used,18940.00 NZD,https://www.grandemotors.co.nz/vehicle/2012-Lexus-GS450h/11986,https://www.grandemotors.co.nz/Motorcentral/VehicleData/GRA-efa1826d-1c00-4460-95d3-5ffff0848c03-1.jpg,"https://www.grandemotors.co.nz/Motorcentral/VehicleData/GRA-efa1826d-1c00-4460-95d3-5ffff0848c03-2.jpg,https://www.grandemotors.co.nz/Motorcentral/VehicleData/GRA-efa1826d-1c00-4460-95d3-5ffff0848c03-3.jpg,https://www.grandemotors.co.nz/Motorcentral/VehicleData/GRA-efa1826d-1c00-4460-95d3-5ffff0848c03-4.jpg,https://www.grandemotors.co.nz/Motorcentral/VehicleData/GRA-efa1826d-1c00-4460-95d3-5ffff0848c03-5.jpg,https://www.grandemotors.co.nz/Motorcentral/VehicleData/GRA-efa1826d-1c00-4460-95d3-5ffff0848c03-6.jpg,https://www.grandemotors.co.nz/Motorcentral/VehicleData/GRA-efa1826d-1c00-4460-95d3-5ffff0848c03-7.jpg,https://www.grandemotors.co.nz/Motorcentral/VehicleData/GRA-efa1826d-1c00-4460-95d3-5ffff0848c03-8.jpg,https://www.grandemotors.co.nz/Motorcentral/VehicleData/GRA-efa1826d-1c00-4460-95d3-5ffff0848c03-9.jpg,https://www.grandemotors.co.nz/Motorcentral/VehicleData/GRA-efa1826d-1c00-4460-95d3-5ffff0848c03-10.jpg,https://www.grandemotors.co.nz/Motorcentral/VehicleData/GRA-efa1826d-1c00-4460-95d3-5ffff0848c03-11.jpg,https://www.grandemotors.co.nz/Motorcentral/VehicleData/GRA-efa1826d-1c00-4460-95d3-5ffff0848c03-12.jpg,https://www.grandemotors.co.nz/Motorcentral/VehicleData/GRA-efa1826d-1c00-4460-95d3-5ffff0848c03-13.jpg,https://www.grandemotors.co.nz/Motorcentral/VehicleData/GRA-efa1826d-1c00-4460-95d3-5ffff0848c03-14.jpg,https://www.grandemotors.co.nz/Motorcentral/VehicleData/GRA-efa1826d-1c00-4460-95d3-5ffff0848c03-15.jpg,https://www.grandemotors.co.nz/Motorcentral/VehicleData/GRA-efa1826d-1c00-4460-95d3-5ffff0848c03-16.jpg,https://www.grandemotors.co.nz/Motorcentral/VehicleData/GRA-efa1826d-1c00-4460-95d3-5ffff0848c03-17.jpg,https://www.grandemotors.co.nz/Motorcentral/VehicleData/GRA-efa1826d-1c00-4460-95d3-5ffff0848c03-18.jpg,https://www.grandemotors.co.nz/Motorcentral/VehicleData/GRA-efa1826d-1c00-4460-95d3-5ffff0848c03-19.jpg,https://www.grandemotors.co.nz/Motorcentral/VehicleData/GRA-efa1826d-1c00-4460-95d3-5ffff0848c03-20.jpg",Lexus,"Vehicles & Parts > Vehicles > Cars, Trucks & Vans",2012,SEDAN,HYBRID,Automatic,Grande Motors
12433,2012 Lexus GS 450h Hybrid Radar Cruise Control,"CERTIFIED KM Alarm Immobilizer Engine button start Reversing camera Radar Cruise Control 2012 Lexus GS 450h in Silver colour. Japanese im Available from Grande Motors Ltd, East Tamaki, Auckland.",in stock,used,20900.00 NZD,https://www.grandemotors.co.nz/vehicle/2012-Lexus-GS450h/12433,https://www.grandemotors.co.nz/Motorcentral/VehicleData/GRA-40c38024-09d1-4906-86b2-12179914dd5f-1.jpg,"https://www.grandemotors.co.nz/Motorcentral/VehicleData/GRA-40c38024-09d1-4906-86b2-12179914dd5f-2.jpg,https://www.grandemotors.co.nz/Motorcentral/VehicleData/GRA-40c38024-09d1-4906-86b2-12179914dd5f-3.jpg,https://www.grandemotors.co.nz/Motorcentral/VehicleData/GRA-40c38024-09d1-4906-86b2-12179914dd5f-4.jpg,https://www.grandemotors.co.nz/Motorcentral/VehicleData/GRA-40c38024-09d1-4906-86b2-12179914dd5f-5.jpg,https://www.grandemotors.co.nz/Motorcentral/VehicleData/GRA-40c38024-09d1-4906-86b2-12179914dd5f-6.jpg,https://www.grandemotors.co.nz/Motorcentral/VehicleData/GRA-40c38024-09d1-4906-86b2-12179914dd5f-7.jpg,https://www.grandemotors.co.nz/Motorcentral/VehicleData/GRA-40c38024-09d1-4906-86b2-12179914dd5f-8.jpg,https://www.grandemotors.co.nz/Motorcentral/VehicleData/GRA-40c38024-09d1-4906-86b2-12179914dd5f-9.jpg,https://www.grandemotors.co.nz/Motorcentral/VehicleData/GRA-40c38024-09d1-4906-86b2-12179914dd5f-10.jpg,https://www.grandemotors.co.nz/Motorcentral/VehicleData/GRA-40c38024-09d1-4906-86b2-12179914dd5f-11.jpg,https://www.grandemotors.co.nz/Motorcentral/VehicleData/GRA-40c38024-09d1-4906-86b2-12179914dd5f-12.jpg,https://www.grandemotors.co.nz/Motorcentral/VehicleData/GRA-40c38024-09d1-4906-86b2-12179914dd5f-13.jpg,https://www.grandemotors.co.nz/Motorcentral/VehicleData/GRA-40c38024-09d1-4906-86b2-12179914dd5f-14.jpg,https://www.grandemotors.co.nz/Motorcentral/VehicleData/GRA-40c38024-09d1-4906-86b2-12179914dd5f-15.jpg,https://www.grandemotors.co.nz/Motorcentral/VehicleData/GRA-40c38024-09d1-4906-86b2-12179914dd5f-16.jpg,https://www.grandemotors.co.nz/Motorcentral/VehicleData/GRA-40c38024-09d1-4906-86b2-12179914dd5f-17.jpg,https://www.grandemotors.co.nz/Motorcentral/VehicleData/GRA-40c38024-09d1-4906-86b2-12179914dd5f-18.jpg,https://www.grandemotors.co.nz/Motorcentral/VehicleData/GRA-40c38024-09d1-4906-86b2-12179914dd5f-19.jpg",Lexus,"Vehicles & Parts > Vehicles > Cars, Trucks & Vans",2012,SEDAN,HYBRID,Automatic,Grande Motors
12923,2012 Lexus GS 450h Hybrid.Rear camera.Cruise control.,"Alarm Immobilizer Engine button start Cruise Cruise 2012 Lexus GS 450h in Silver colour with Black leather interior. Japanese import, smooth Available from Grande Motors Ltd, East Tamaki, Auckland.",in stock,used,23400.00 NZD,https://www.grandemotors.co.nz/vehicle/2012-Lexus-GS450h/12923,https://www.grandemotors.co.nz/Motorcentral/VehicleData/GRA-4015bd95-ee49-4c90-8b6e-c6104187da3a-1.jpg,"https://www.grandemotors.co.nz/Motorcentral/VehicleData/GRA-4015bd95-ee49-4c90-8b6e-c6104187da3a-2.jpg,https://www.grandemotors.co.nz/Motorcentral/VehicleData/GRA-4015bd95-ee49-4c90-8b6e-c6104187da3a-3.jpg,https://www.grandemotors.co.nz/Motorcentral/VehicleData/GRA-4015bd95-ee49-4c90-8b6e-c6104187da3a-4.jpg,https://www.grandemotors.co.nz/Motorcentral/VehicleData/GRA-4015bd95-ee49-4c90-8b6e-c6104187da3a-5.jpg,https://www.grandemotors.co.nz/Motorcentral/VehicleData/GRA-4015bd95-ee49-4c90-8b6e-c6104187da3a-6.jpg,https://www.grandemotors.co.nz/Motorcentral/VehicleData/GRA-4015bd95-ee49-4c90-8b6e-c6104187da3a-7.jpg,https://www.grandemotors.co.nz/Motorcentral/VehicleData/GRA-4015bd95-ee49-4c90-8b6e-c6104187da3a-8.jpg,https://www.grandemotors.co.nz/Motorcentral/VehicleData/GRA-4015bd95-ee49-4c90-8b6e-c6104187da3a-9.jpg,https://www.grandemotors.co.nz/Motorcentral/VehicleData/GRA-4015bd95-ee49-4c90-8b6e-c6104187da3a-10.jpg,https://www.grandemotors.co.nz/Motorcentral/VehicleData/GRA-4015bd95-ee49-4c90-8b6e-c6104187da3a-11.jpg,https://www.grandemotors.co.nz/Motorcentral/VehicleData/GRA-4015bd95-ee49-4c90-8b6e-c6104187da3a-12.jpg,https://www.grandemotors.co.nz/Motorcentral/VehicleData/GRA-4015bd95-ee49-4c90-8b6e-c6104187da3a-13.jpg,https://www.grandemotors.co.nz/Motorcentral/VehicleData/GRA-4015bd95-ee49-4c90-8b6e-c6104187da3a-14.jpg,https://www.grandemotors.co.nz/Motorcentral/VehicleData/GRA-4015bd95-ee49-4c90-8b6e-c6104187da3a-15.jpg,https://www.grandemotors.co.nz/Motorcentral/VehicleData/GRA-4015bd95-ee49-4c90-8b6e-c6104187da3a-16.jpg,https://www.grandemotors.co.nz/Motorcentral/VehicleData/GRA-4015bd95-ee49-4c90-8b6e-c6104187da3a-17.jpg,https://www.grandemotors.co.nz/Motorcentral/VehicleData/GRA-4015bd95-ee49-4c90-8b6e-c6104187da3a-18.jpg",Lexus,"Vehicles & Parts > Vehicles > Cars, Trucks & Vans",2012,SEDAN,HYBRID,Automatic,Grande Motors
12833,2013 Lexus GS 450h Hybrid.Alarm.10 Airbags.Cruise control.,"CERTIFIED LOW KM. Alarm. Immobilizer. Engine button start. 2013 Lexus GS 450h in Pearl White colour with black leather interior. Japanese i Available from Grande Motors Ltd, East Tamaki, Auckland.",in stock,used,25700.00 NZD,https://www.grandemotors.co.nz/vehicle/2013-Lexus-GS450h/12833,https://www.grandemotors.co.nz/Motorcentral/VehicleData/GRA-c11a620f-2689-4ef1-a27e-e51f27f0d837-1.jpg,"https://www.grandemotors.co.nz/Motorcentral/VehicleData/GRA-c11a620f-2689-4ef1-a27e-e51f27f0d837-2.jpg,https://www.grandemotors.co.nz/Motorcentral/VehicleData/GRA-c11a620f-2689-4ef1-a27e-e51f27f0d837-3.jpg,https://www.grandemotors.co.nz/Motorcentral/VehicleData/GRA-c11a620f-2689-4ef1-a27e-e51f27f0d837-4.jpg,https://www.grandemotors.co.nz/Motorcentral/VehicleData/GRA-c11a620f-2689-4ef1-a27e-e51f27f0d837-5.jpg,https://www.grandemotors.co.nz/Motorcentral/VehicleData/GRA-c11a620f-2689-4ef1-a27e-e51f27f0d837-6.jpg,https://www.grandemotors.co.nz/Motorcentral/VehicleData/GRA-c11a620f-2689-4ef1-a27e-e51f27f0d837-7.jpg,https://www.grandemotors.co.nz/Motorcentral/VehicleData/GRA-c11a620f-2689-4ef1-a27e-e51f27f0d837-8.jpg,https://www.grandemotors.co.nz/Motorcentral/VehicleData/GRA-c11a620f-2689-4ef1-a27e-e51f27f0d837-9.jpg,https://www.grandemotors.co.nz/Motorcentral/VehicleData/GRA-c11a620f-2689-4ef1-a27e-e51f27f0d837-10.jpg,https://www.grandemotors.co.nz/Motorcentral/VehicleData/GRA-c11a620f-2689-4ef1-a27e-e51f27f0d837-11.jpg,https://www.grandemotors.co.nz/Motorcentral/VehicleData/GRA-c11a620f-2689-4ef1-a27e-e51f27f0d837-12.jpg,https://www.grandemotors.co.nz/Motorcentral/VehicleData/GRA-c11a620f-2689-4ef1-a27e-e51f27f0d837-13.jpg,https://www.grandemotors.co.nz/Motorcentral/VehicleData/GRA-c11a620f-2689-4ef1-a27e-e51f27f0d837-14.jpg,https://www.grandemotors.co.nz/Motorcentral/VehicleData/GRA-c11a620f-2689-4ef1-a27e-e51f27f0d837-15.jpg,https://www.grandemotors.co.nz/Motorcentral/VehicleData/GRA-c11a620f-2689-4ef1-a27e-e51f27f0d837-16.jpg,https://www.grandemotors.co.nz/Motorcentral/VehicleData/GRA-c11a620f-2689-4ef1-a27e-e51f27f0d837-17.jpg,https://www.grandemotors.co.nz/Motorcentral/VehicleData/GRA-c11a620f-2689-4ef1-a27e-e51f27f0d837-18.jpg,https://www.grandemotors.co.nz/Motorcentral/VehicleData/GRA-c11a620f-2689-4ef1-a27e-e51f27f0d837-19.jpg,https://www.grandemotors.co.nz/Motorcentral/VehicleData/GRA-c11a620f-2689-4ef1-a27e-e51f27f0d837-20.jpg",Lexus,"Vehicles & Parts > Vehicles > Cars, Trucks & Vans",2013,SEDAN,HYBRID,Automatic,Grande Motors
12181,2015 Lexus GS 450h Sunroof.HUD.Lane assist.Radar cruise.Leather.Alarm.12 Airbags.,"Alarm. Immobilizer. Multiple SRS Airbags. HUD (Head Up Display). RCC (Radar Cruise Control). LKA (Lane Keeping Assistance). Electric leather hea Available from Grande Motors Ltd, East Tamaki, Auckland.",in stock,used,28800.00 NZD,https://www.grandemotors.co.nz/vehicle/2015-Lexus-GS450h/12181,https://www.grandemotors.co.nz/Motorcentral/VehicleData/GRA-3eb8ef96-8d58-4e6d-b9a2-2a55c33f98a5-1.jpg,"https://www.grandemotors.co.nz/Motorcentral/VehicleData/GRA-3eb8ef96-8d58-4e6d-b9a2-2a55c33f98a5-2.jpg,https://www.grandemotors.co.nz/Motorcentral/VehicleData/GRA-3eb8ef96-8d58-4e6d-b9a2-2a55c33f98a5-3.jpg,https://www.grandemotors.co.nz/Motorcentral/VehicleData/GRA-3eb8ef96-8d58-4e6d-b9a2-2a55c33f98a5-4.jpg,https://www.grandemotors.co.nz/Motorcentral/VehicleData/GRA-3eb8ef96-8d58-4e6d-b9a2-2a55c33f98a5-5.jpg,https://www.grandemotors.co.nz/Motorcentral/VehicleData/GRA-3eb8ef96-8d58-4e6d-b9a2-2a55c33f98a5-6.jpg,https://www.grandemotors.co.nz/Motorcentral/VehicleData/GRA-3eb8ef96-8d58-4e6d-b9a2-2a55c33f98a5-7.jpg,https://www.grandemotors.co.nz/Motorcentral/VehicleData/GRA-3eb8ef96-8d58-4e6d-b9a2-2a55c33f98a5-8.jpg,https://www.grandemotors.co.nz/Motorcentral/VehicleData/GRA-3eb8ef96-8d58-4e6d-b9a2-2a55c33f98a5-9.jpg,https://www.grandemotors.co.nz/Motorcentral/VehicleData/GRA-3eb8ef96-8d58-4e6d-b9a2-2a55c33f98a5-10.jpg,https://www.grandemotors.co.nz/Motorcentral/VehicleData/GRA-3eb8ef96-8d58-4e6d-b9a2-2a55c33f98a5-11.jpg,https://www.grandemotors.co.nz/Motorcentral/VehicleData/GRA-3eb8ef96-8d58-4e6d-b9a2-2a55c33f98a5-12.jpg,https://www.grandemotors.co.nz/Motorcentral/VehicleData/GRA-3eb8ef96-8d58-4e6d-b9a2-2a55c33f98a5-13.jpg,https://www.grandemotors.co.nz/Motorcentral/VehicleData/GRA-3eb8ef96-8d58-4e6d-b9a2-2a55c33f98a5-14.jpg,https://www.grandemotors.co.nz/Motorcentral/VehicleData/GRA-3eb8ef96-8d58-4e6d-b9a2-2a55c33f98a5-15.jpg,https://www.grandemotors.co.nz/Motorcentral/VehicleData/GRA-3eb8ef96-8d58-4e6d-b9a2-2a55c33f98a5-16.jpg,https://www.grandemotors.co.nz/Motorcentral/VehicleData/GRA-3eb8ef96-8d58-4e6d-b9a2-2a55c33f98a5-17.jpg,https://www.grandemotors.co.nz/Motorcentral/VehicleData/GRA-3eb8ef96-8d58-4e6d-b9a2-2a55c33f98a5-18.jpg,https://www.grandemotors.co.nz/Motorcentral/VehicleData/GRA-3eb8ef96-8d58-4e6d-b9a2-2a55c33f98a5-19.jpg,https://www.grandemotors.co.nz/Motorcentral/VehicleData/GRA-3eb8ef96-8d58-4e6d-b9a2-2a55c33f98a5-20.jpg",Lexus,"Vehicles & Parts > Vehicles > Cars, Trucks & Vans",2015,SEDAN,OTHER,Automatic,Grande Motors
12815,2016 Lexus GS 450h Hybrid.HUD.Lane assist.Radar cruise.Park sens.10 Airbags.Alarm.,"Alarm. Immobilizer. Multiple SRS Airbags. HUD (Head Up Display). RCC (Radar Cruise Control). LKA (Lane Keeping Assistance). Electric leather hea Available from Grande Motors Ltd, East Tamaki, Auckland.",in stock,used,32980.00 NZD,https://www.grandemotors.co.nz/vehicle/2016-Lexus-GS450h/12815,https://www.grandemotors.co.nz/Motorcentral/VehicleData/GRA-5c5203de-c3ac-4e87-904e-517a3a99840b-1.jpg,"https://www.grandemotors.co.nz/Motorcentral/VehicleData/GRA-5c5203de-c3ac-4e87-904e-517a3a99840b-2.jpg,https://www.grandemotors.co.nz/Motorcentral/VehicleData/GRA-5c5203de-c3ac-4e87-904e-517a3a99840b-3.jpg,https://www.grandemotors.co.nz/Motorcentral/VehicleData/GRA-5c5203de-c3ac-4e87-904e-517a3a99840b-4.jpg,https://www.grandemotors.co.nz/Motorcentral/VehicleData/GRA-5c5203de-c3ac-4e87-904e-517a3a99840b-5.jpg,https://www.grandemotors.co.nz/Motorcentral/VehicleData/GRA-5c5203de-c3ac-4e87-904e-517a3a99840b-6.jpg,https://www.grandemotors.co.nz/Motorcentral/VehicleData/GRA-5c5203de-c3ac-4e87-904e-517a3a99840b-7.jpg,https://www.grandemotors.co.nz/Motorcentral/VehicleData/GRA-5c5203de-c3ac-4e87-904e-517a3a99840b-8.jpg,https://www.grandemotors.co.nz/Motorcentral/VehicleData/GRA-5c5203de-c3ac-4e87-904e-517a3a99840b-9.jpg,https://www.grandemotors.co.nz/Motorcentral/VehicleData/GRA-5c5203de-c3ac-4e87-904e-517a3a99840b-10.jpg,https://www.grandemotors.co.nz/Motorcentral/VehicleData/GRA-5c5203de-c3ac-4e87-904e-517a3a99840b-11.jpg,https://www.grandemotors.co.nz/Motorcentral/VehicleData/GRA-5c5203de-c3ac-4e87-904e-517a3a99840b-12.jpg,https://www.grandemotors.co.nz/Motorcentral/VehicleData/GRA-5c5203de-c3ac-4e87-904e-517a3a99840b-13.jpg,https://www.grandemotors.co.nz/Motorcentral/VehicleData/GRA-5c5203de-c3ac-4e87-904e-517a3a99840b-14.jpg,https://www.grandemotors.co.nz/Motorcentral/VehicleData/GRA-5c5203de-c3ac-4e87-904e-517a3a99840b-15.jpg,https://www.grandemotors.co.nz/Motorcentral/VehicleData/GRA-5c5203de-c3ac-4e87-904e-517a3a99840b-16.jpg,https://www.grandemotors.co.nz/Motorcentral/VehicleData/GRA-5c5203de-c3ac-4e87-904e-517a3a99840b-17.jpg,https://www.grandemotors.co.nz/Motorcentral/VehicleData/GRA-5c5203de-c3ac-4e87-904e-517a3a99840b-18.jpg,https://www.grandemotors.co.nz/Motorcentral/VehicleData/GRA-5c5203de-c3ac-4e87-904e-517a3a99840b-19.jpg,https://www.grandemotors.co.nz/Motorcentral/VehicleData/GRA-5c5203de-c3ac-4e87-904e-517a3a99840b-20.jpg",Lexus,"Vehicles & Parts > Vehicles > Cars, Trucks & Vans",2016,SEDAN,HYBRID,Automatic,Grande Motors
13368,2012 Lexus IS 250 F-Sport.Certified suspension.Alarm.Alloys.LOW KM.,"Alarm. Immobilizer. Engine button start. 2012 Lexus IS 250 F-sport in blue colour with black interior. Japanese import, 2500cc chain driven en Available from Grande Motors Ltd, East Tamaki, Auckland.",in stock,used,22500.00 NZD,https://www.grandemotors.co.nz/vehicle/2012-Lexus-IS250/13368,https://www.grandemotors.co.nz/Motorcentral/VehicleData/GRA-f899cc78-88c3-4a8b-bc26-ddadcae8ad57-1.jpg,"https://www.grandemotors.co.nz/Motorcentral/VehicleData/GRA-f899cc78-88c3-4a8b-bc26-ddadcae8ad57-2.jpg,https://www.grandemotors.co.nz/Motorcentral/VehicleData/GRA-f899cc78-88c3-4a8b-bc26-ddadcae8ad57-3.jpg,https://www.grandemotors.co.nz/Motorcentral/VehicleData/GRA-f899cc78-88c3-4a8b-bc26-ddadcae8ad57-4.jpg,https://www.grandemotors.co.nz/Motorcentral/VehicleData/GRA-f899cc78-88c3-4a8b-bc26-ddadcae8ad57-5.jpg,https://www.grandemotors.co.nz/Motorcentral/VehicleData/GRA-f899cc78-88c3-4a8b-bc26-ddadcae8ad57-6.jpg,https://www.grandemotors.co.nz/Motorcentral/VehicleData/GRA-f899cc78-88c3-4a8b-bc26-ddadcae8ad57-7.jpg,https://www.grandemotors.co.nz/Motorcentral/VehicleData/GRA-f899cc78-88c3-4a8b-bc26-ddadcae8ad57-8.jpg,https://www.grandemotors.co.nz/Motorcentral/VehicleData/GRA-f899cc78-88c3-4a8b-bc26-ddadcae8ad57-9.jpg,https://www.grandemotors.co.nz/Motorcentral/VehicleData/GRA-f899cc78-88c3-4a8b-bc26-ddadcae8ad57-10.jpg,https://www.grandemotors.co.nz/Motorcentral/VehicleData/GRA-f899cc78-88c3-4a8b-bc26-ddadcae8ad57-11.jpg,https://www.grandemotors.co.nz/Motorcentral/VehicleData/GRA-f899cc78-88c3-4a8b-bc26-ddadcae8ad57-12.jpg,https://www.grandemotors.co.nz/Motorcentral/VehicleData/GRA-f899cc78-88c3-4a8b-bc26-ddadcae8ad57-13.jpg,https://www.grandemotors.co.nz/Motorcentral/VehicleData/GRA-f899cc78-88c3-4a8b-bc26-ddadcae8ad57-14.jpg,https://www.grandemotors.co.nz/Motorcentral/VehicleData/GRA-f899cc78-88c3-4a8b-bc26-ddadcae8ad57-15.jpg,https://www.grandemotors.co.nz/Motorcentral/VehicleData/GRA-f899cc78-88c3-4a8b-bc26-ddadcae8ad57-16.jpg,https://www.grandemotors.co.nz/Motorcentral/VehicleData/GRA-f899cc78-88c3-4a8b-bc26-ddadcae8ad57-17.jpg,https://www.grandemotors.co.nz/Motorcentral/VehicleData/GRA-f899cc78-88c3-4a8b-bc26-ddadcae8ad57-18.jpg",Lexus,"Vehicles & Parts > Vehicles > Cars, Trucks & Vans",2012,SEDAN,GASOLINE,Automatic,Grande Motors
13611,2012 Lexus IS 250 Transit F sport Full leather 10SRS,"2012 Lexus IS 250 Sedan in Black Japanese import, 2500 engine, done 93950kms,Automatic. Transit F-Sport Sun Roof Hold deposit 1000$ An enjoy Available from Grande Motors Ltd, East Tamaki, Auckland.",in stock,used,23900.00 NZD,https://www.grandemotors.co.nz/vehicle/2012-Lexus-IS250/13611,https://www.grandemotors.co.nz/Motorcentral/VehicleData/GRA-e0e48dcb-3430-4a42-9106-d3aad6fb123c-1.jpg,"https://www.grandemotors.co.nz/Motorcentral/VehicleData/GRA-e0e48dcb-3430-4a42-9106-d3aad6fb123c-2.jpg,https://www.grandemotors.co.nz/Motorcentral/VehicleData/GRA-e0e48dcb-3430-4a42-9106-d3aad6fb123c-3.jpg,https://www.grandemotors.co.nz/Motorcentral/VehicleData/GRA-e0e48dcb-3430-4a42-9106-d3aad6fb123c-4.jpg,https://www.grandemotors.co.nz/Motorcentral/VehicleData/GRA-e0e48dcb-3430-4a42-9106-d3aad6fb123c-5.jpg,https://www.grandemotors.co.nz/Motorcentral/VehicleData/GRA-e0e48dcb-3430-4a42-9106-d3aad6fb123c-6.jpg,https://www.grandemotors.co.nz/Motorcentral/VehicleData/GRA-e0e48dcb-3430-4a42-9106-d3aad6fb123c-7.jpg,https://www.grandemotors.co.nz/Motorcentral/VehicleData/GRA-e0e48dcb-3430-4a42-9106-d3aad6fb123c-8.jpg",Lexus,"Vehicles & Parts > Vehicles > Cars, Trucks & Vans",2012,SEDAN,OTHER,Automatic,Grande Motors
12669,2013 Lexus IS 250 Leather.Sunroof.Rear camera.Alarm.,"Alarm. Immobilizer. Engine button start. Heated and cooled seats Reversing camera 2013 Lexus IS 250 in Silver Metallic colour with leather i Available from Grande Motors Ltd, East Tamaki, Auckland.",in stock,used,18900.00 NZD,https://www.grandemotors.co.nz/vehicle/2013-Lexus-IS250/12669,https://www.grandemotors.co.nz/Motorcentral/VehicleData/GRA-3c528256-c8b3-4d85-a2b6-b1f70f675dd8-1.jpg,"https://www.grandemotors.co.nz/Motorcentral/VehicleData/GRA-3c528256-c8b3-4d85-a2b6-b1f70f675dd8-2.jpg,https://www.grandemotors.co.nz/Motorcentral/VehicleData/GRA-3c528256-c8b3-4d85-a2b6-b1f70f675dd8-3.jpg,https://www.grandemotors.co.nz/Motorcentral/VehicleData/GRA-3c528256-c8b3-4d85-a2b6-b1f70f675dd8-4.jpg,https://www.grandemotors.co.nz/Motorcentral/VehicleData/GRA-3c528256-c8b3-4d85-a2b6-b1f70f675dd8-5.jpg,https://www.grandemotors.co.nz/Motorcentral/VehicleData/GRA-3c528256-c8b3-4d85-a2b6-b1f70f675dd8-6.jpg,https://www.grandemotors.co.nz/Motorcentral/VehicleData/GRA-3c528256-c8b3-4d85-a2b6-b1f70f675dd8-7.jpg,https://www.grandemotors.co.nz/Motorcentral/VehicleData/GRA-3c528256-c8b3-4d85-a2b6-b1f70f675dd8-8.jpg,https://www.grandemotors.co.nz/Motorcentral/VehicleData/GRA-3c528256-c8b3-4d85-a2b6-b1f70f675dd8-9.jpg,https://www.grandemotors.co.nz/Motorcentral/VehicleData/GRA-3c528256-c8b3-4d85-a2b6-b1f70f675dd8-10.jpg,https://www.grandemotors.co.nz/Motorcentral/VehicleData/GRA-3c528256-c8b3-4d85-a2b6-b1f70f675dd8-11.jpg,https://www.grandemotors.co.nz/Motorcentral/VehicleData/GRA-3c528256-c8b3-4d85-a2b6-b1f70f675dd8-12.jpg,https://www.grandemotors.co.nz/Motorcentral/VehicleData/GRA-3c528256-c8b3-4d85-a2b6-b1f70f675dd8-13.jpg,https://www.grandemotors.co.nz/Motorcentral/VehicleData/GRA-3c528256-c8b3-4d85-a2b6-b1f70f675dd8-14.jpg",Lexus,"Vehicles & Parts > Vehicles > Cars, Trucks & Vans",2013,SEDAN,GASOLINE,Automatic,Grande Motors
12752,2013 Lexus IS 250 LOW KM.Rear camera.Alarm.10 Airbags.,"Alarm. Immobilizer. Engine button start. 10 SRS Airbags (Front, knee, side, rear). 2013 Lexus IS 250 in black colour with black interior. Jap Available from Grande Motors Ltd, East Tamaki, Auckland.",in stock,used,20800.00 NZD,https://www.grandemotors.co.nz/vehicle/2013-Lexus-IS250/12752,https://www.grandemotors.co.nz/Motorcentral/VehicleData/GRA-802154d6-d13a-48a9-9551-2d870891be11-1.jpg,"https://www.grandemotors.co.nz/Motorcentral/VehicleData/GRA-802154d6-d13a-48a9-9551-2d870891be11-2.jpg,https://www.grandemotors.co.nz/Motorcentral/VehicleData/GRA-802154d6-d13a-48a9-9551-2d870891be11-3.jpg,https://www.grandemotors.co.nz/Motorcentral/VehicleData/GRA-802154d6-d13a-48a9-9551-2d870891be11-4.jpg,https://www.grandemotors.co.nz/Motorcentral/VehicleData/GRA-802154d6-d13a-48a9-9551-2d870891be11-5.jpg,https://www.grandemotors.co.nz/Motorcentral/VehicleData/GRA-802154d6-d13a-48a9-9551-2d870891be11-6.jpg,https://www.grandemotors.co.nz/Motorcentral/VehicleData/GRA-802154d6-d13a-48a9-9551-2d870891be11-7.jpg,https://www.grandemotors.co.nz/Motorcentral/VehicleData/GRA-802154d6-d13a-48a9-9551-2d870891be11-8.jpg,https://www.grandemotors.co.nz/Motorcentral/VehicleData/GRA-802154d6-d13a-48a9-9551-2d870891be11-9.jpg,https://www.grandemotors.co.nz/Motorcentral/VehicleData/GRA-802154d6-d13a-48a9-9551-2d870891be11-10.jpg,https://www.grandemotors.co.nz/Motorcentral/VehicleData/GRA-802154d6-d13a-48a9-9551-2d870891be11-11.jpg,https://www.grandemotors.co.nz/Motorcentral/VehicleData/GRA-802154d6-d13a-48a9-9551-2d870891be11-12.jpg,https://www.grandemotors.co.nz/Motorcentral/VehicleData/GRA-802154d6-d13a-48a9-9551-2d870891be11-13.jpg,https://www.grandemotors.co.nz/Motorcentral/VehicleData/GRA-802154d6-d13a-48a9-9551-2d870891be11-14.jpg,https://www.grandemotors.co.nz/Motorcentral/VehicleData/GRA-802154d6-d13a-48a9-9551-2d870891be11-15.jpg",Lexus,"Vehicles & Parts > Vehicles > Cars, Trucks & Vans",2013,SEDAN,GASOLINE,Automatic,Grande Motors
13422,2013 Lexus IS 250 Leather.Cruise control.Rear cam.Park sens.10 Airbags.,"2013 Lexus IS 250 in black colour with leather interior. Japanese import, 2500cc chain driven engine provides perfect compromise between power and Available from Grande Motors Ltd, East Tamaki, Auckland.",in stock,used,20400.00 NZD,https://www.grandemotors.co.nz/vehicle/2013-Lexus-IS250/13422,https://www.grandemotors.co.nz/Motorcentral/VehicleData/GRA-13e90c80-e404-411d-b028-fca7383337f7-1.jpg,"https://www.grandemotors.co.nz/Motorcentral/VehicleData/GRA-13e90c80-e404-411d-b028-fca7383337f7-2.jpg,https://www.grandemotors.co.nz/Motorcentral/VehicleData/GRA-13e90c80-e404-411d-b028-fca7383337f7-3.jpg,https://www.grandemotors.co.nz/Motorcentral/VehicleData/GRA-13e90c80-e404-411d-b028-fca7383337f7-4.jpg,https://www.grandemotors.co.nz/Motorcentral/VehicleData/GRA-13e90c80-e404-411d-b028-fca7383337f7-5.jpg,https://www.grandemotors.co.nz/Motorcentral/VehicleData/GRA-13e90c80-e404-411d-b028-fca7383337f7-6.jpg,https://www.grandemotors.co.nz/Motorcentral/VehicleData/GRA-13e90c80-e404-411d-b028-fca7383337f7-7.jpg,https://www.grandemotors.co.nz/Motorcentral/VehicleData/GRA-13e90c80-e404-411d-b028-fca7383337f7-8.jpg,https://www.grandemotors.co.nz/Motorcentral/VehicleData/GRA-13e90c80-e404-411d-b028-fca7383337f7-9.jpg,https://www.grandemotors.co.nz/Motorcentral/VehicleData/GRA-13e90c80-e404-411d-b028-fca7383337f7-10.jpg,https://www.grandemotors.co.nz/Motorcentral/VehicleData/GRA-13e90c80-e404-411d-b028-fca7383337f7-11.jpg,https://www.grandemotors.co.nz/Motorcentral/VehicleData/GRA-13e90c80-e404-411d-b028-fca7383337f7-12.jpg,https://www.grandemotors.co.nz/Motorcentral/VehicleData/GRA-13e90c80-e404-411d-b028-fca7383337f7-13.jpg,https://www.grandemotors.co.nz/Motorcentral/VehicleData/GRA-13e90c80-e404-411d-b028-fca7383337f7-14.jpg,https://www.grandemotors.co.nz/Motorcentral/VehicleData/GRA-13e90c80-e404-411d-b028-fca7383337f7-15.jpg,https://www.grandemotors.co.nz/Motorcentral/VehicleData/GRA-13e90c80-e404-411d-b028-fca7383337f7-16.jpg,https://www.grandemotors.co.nz/Motorcentral/VehicleData/GRA-13e90c80-e404-411d-b028-fca7383337f7-17.jpg,https://www.grandemotors.co.nz/Motorcentral/VehicleData/GRA-13e90c80-e404-411d-b028-fca7383337f7-18.jpg",Lexus,"Vehicles & Parts > Vehicles > Cars, Trucks & Vans",2013,SEDAN,GASOLINE,Automatic,Grande Motors
13550,2014 Lexus IS 250 10 Airbags.Rear camera.Radar cruise control.,"Alarm. Immobilizer. Engine button start. RCC (Radar Cruise Control). 2014 Lexus IS 250 in silver colour with black interior. Japanese import, Available from Grande Motors Ltd, East Tamaki, Auckland.",in stock,used,21900.00 NZD,https://www.grandemotors.co.nz/vehicle/2014-Lexus-IS250/13550,https://www.grandemotors.co.nz/Motorcentral/VehicleData/GRA-6379be51-824d-4a65-a02e-f4fce4805067-1.jpg,"https://www.grandemotors.co.nz/Motorcentral/VehicleData/GRA-6379be51-824d-4a65-a02e-f4fce4805067-2.jpg,https://www.grandemotors.co.nz/Motorcentral/VehicleData/GRA-6379be51-824d-4a65-a02e-f4fce4805067-3.jpg,https://www.grandemotors.co.nz/Motorcentral/VehicleData/GRA-6379be51-824d-4a65-a02e-f4fce4805067-4.jpg,https://www.grandemotors.co.nz/Motorcentral/VehicleData/GRA-6379be51-824d-4a65-a02e-f4fce4805067-5.jpg,https://www.grandemotors.co.nz/Motorcentral/VehicleData/GRA-6379be51-824d-4a65-a02e-f4fce4805067-6.jpg,https://www.grandemotors.co.nz/Motorcentral/VehicleData/GRA-6379be51-824d-4a65-a02e-f4fce4805067-7.jpg,https://www.grandemotors.co.nz/Motorcentral/VehicleData/GRA-6379be51-824d-4a65-a02e-f4fce4805067-8.jpg,https://www.grandemotors.co.nz/Motorcentral/VehicleData/GRA-6379be51-824d-4a65-a02e-f4fce4805067-9.jpg,https://www.grandemotors.co.nz/Motorcentral/VehicleData/GRA-6379be51-824d-4a65-a02e-f4fce4805067-10.jpg,https://www.grandemotors.co.nz/Motorcentral/VehicleData/GRA-6379be51-824d-4a65-a02e-f4fce4805067-11.jpg,https://www.grandemotors.co.nz/Motorcentral/VehicleData/GRA-6379be51-824d-4a65-a02e-f4fce4805067-12.jpg,https://www.grandemotors.co.nz/Motorcentral/VehicleData/GRA-6379be51-824d-4a65-a02e-f4fce4805067-13.jpg,https://www.grandemotors.co.nz/Motorcentral/VehicleData/GRA-6379be51-824d-4a65-a02e-f4fce4805067-14.jpg,https://www.grandemotors.co.nz/Motorcentral/VehicleData/GRA-6379be51-824d-4a65-a02e-f4fce4805067-15.jpg,https://www.grandemotors.co.nz/Motorcentral/VehicleData/GRA-6379be51-824d-4a65-a02e-f4fce4805067-16.jpg,https://www.grandemotors.co.nz/Motorcentral/VehicleData/GRA-6379be51-824d-4a65-a02e-f4fce4805067-17.jpg,https://www.grandemotors.co.nz/Motorcentral/VehicleData/GRA-6379be51-824d-4a65-a02e-f4fce4805067-18.jpg",Lexus,"Vehicles & Parts > Vehicles > Cars, Trucks & Vans",2014,SEDAN,GASOLINE,Automatic,Grande Motors
12690,2015 Lexus IS 250 10 Airbags.Rear camera.Cruise control.Alarm.,"Alarm. Immobilizer. Engine button start. 10 SRS Airbags (Front, knee, side, rear). 2015 Lexus IS 250 in white colour with black interior. Jap Available from Grande Motors Ltd, East Tamaki, Auckland.",in stock,used,22900.00 NZD,https://www.grandemotors.co.nz/vehicle/2015-Lexus-IS250/12690,https://www.grandemotors.co.nz/Motorcentral/VehicleData/GRA-e24b4666-fa13-4d49-82f9-381b54b68ce4-1.jpg,"https://www.grandemotors.co.nz/Motorcentral/VehicleData/GRA-e24b4666-fa13-4d49-82f9-381b54b68ce4-2.jpg,https://www.grandemotors.co.nz/Motorcentral/VehicleData/GRA-e24b4666-fa13-4d49-82f9-381b54b68ce4-3.jpg,https://www.grandemotors.co.nz/Motorcentral/VehicleData/GRA-e24b4666-fa13-4d49-82f9-381b54b68ce4-4.jpg,https://www.grandemotors.co.nz/Motorcentral/VehicleData/GRA-e24b4666-fa13-4d49-82f9-381b54b68ce4-5.jpg,https://www.grandemotors.co.nz/Motorcentral/VehicleData/GRA-e24b4666-fa13-4d49-82f9-381b54b68ce4-6.jpg,https://www.grandemotors.co.nz/Motorcentral/VehicleData/GRA-e24b4666-fa13-4d49-82f9-381b54b68ce4-7.jpg,https://www.grandemotors.co.nz/Motorcentral/VehicleData/GRA-e24b4666-fa13-4d49-82f9-381b54b68ce4-8.jpg,https://www.grandemotors.co.nz/Motorcentral/VehicleData/GRA-e24b4666-fa13-4d49-82f9-381b54b68ce4-9.jpg,https://www.grandemotors.co.nz/Motorcentral/VehicleData/GRA-e24b4666-fa13-4d49-82f9-381b54b68ce4-10.jpg,https://www.grandemotors.co.nz/Motorcentral/VehicleData/GRA-e24b4666-fa13-4d49-82f9-381b54b68ce4-11.jpg,https://www.grandemotors.co.nz/Motorcentral/VehicleData/GRA-e24b4666-fa13-4d49-82f9-381b54b68ce4-12.jpg,https://www.grandemotors.co.nz/Motorcentral/VehicleData/GRA-e24b4666-fa13-4d49-82f9-381b54b68ce4-13.jpg,https://www.grandemotors.co.nz/Motorcentral/VehicleData/GRA-e24b4666-fa13-4d49-82f9-381b54b68ce4-14.jpg,https://www.grandemotors.co.nz/Motorcentral/VehicleData/GRA-e24b4666-fa13-4d49-82f9-381b54b68ce4-15.jpg",Lexus,"Vehicles & Parts > Vehicles > Cars, Trucks & Vans",2015,SEDAN,GASOLINE,Automatic,Grande Motors
12902,2013 Lexus IS 300h F-Sport.Radar cruise.Alarm.Leather.10 SRS Airbags.New tires.,"2013 Lexus IS 300h Sedan in Blue Japanese import, 2500 engine, done 133000kms,Automatic. Arriving yard soon .Lexus F Sport with Sunroof ,Nice bl Available from Grande Motors Ltd, East Tamaki, Auckland.",in stock,used,23900.00 NZD,https://www.grandemotors.co.nz/vehicle/2013-Lexus-IS300h/12902,https://www.grandemotors.co.nz/Motorcentral/VehicleData/GRA-182d5e88-412f-4f85-8e92-b836039b1847-1.jpg,"https://www.grandemotors.co.nz/Motorcentral/VehicleData/GRA-182d5e88-412f-4f85-8e92-b836039b1847-2.jpg,https://www.grandemotors.co.nz/Motorcentral/VehicleData/GRA-182d5e88-412f-4f85-8e92-b836039b1847-3.jpg,https://www.grandemotors.co.nz/Motorcentral/VehicleData/GRA-182d5e88-412f-4f85-8e92-b836039b1847-4.jpg,https://www.grandemotors.co.nz/Motorcentral/VehicleData/GRA-182d5e88-412f-4f85-8e92-b836039b1847-5.jpg",Lexus,"Vehicles & Parts > Vehicles > Cars, Trucks & Vans",2013,SEDAN,HYBRID,Automatic,Grande Motors
13404,2013 Lexus IS 300h Hybrid.F-Sport.Radar cruise.Blind spot.Alarm.10 Airbags.Rear camera.,"Alarm. Immobilizer. Engine button start. RCC (Radar Cruise Control). BSM (Blind Spot Monitoring). 2013 Lexus IS 300h F-Sport hybrid in Grey Met Available from Grande Motors Ltd, East Tamaki, Auckland.",in stock,used,23900.00 NZD,https://www.grandemotors.co.nz/vehicle/2013-Lexus-IS300h/13404,https://www.grandemotors.co.nz/Motorcentral/VehicleData/GRA-88fe24e7-ba18-4a88-a40c-8c61f82a10e5-1.jpg,"https://www.grandemotors.co.nz/Motorcentral/VehicleData/GRA-88fe24e7-ba18-4a88-a40c-8c61f82a10e5-2.jpg,https://www.grandemotors.co.nz/Motorcentral/VehicleData/GRA-88fe24e7-ba18-4a88-a40c-8c61f82a10e5-3.jpg,https://www.grandemotors.co.nz/Motorcentral/VehicleData/GRA-88fe24e7-ba18-4a88-a40c-8c61f82a10e5-4.jpg,https://www.grandemotors.co.nz/Motorcentral/VehicleData/GRA-88fe24e7-ba18-4a88-a40c-8c61f82a10e5-5.jpg,https://www.grandemotors.co.nz/Motorcentral/VehicleData/GRA-88fe24e7-ba18-4a88-a40c-8c61f82a10e5-6.jpg,https://www.grandemotors.co.nz/Motorcentral/VehicleData/GRA-88fe24e7-ba18-4a88-a40c-8c61f82a10e5-7.jpg,https://www.grandemotors.co.nz/Motorcentral/VehicleData/GRA-88fe24e7-ba18-4a88-a40c-8c61f82a10e5-8.jpg,https://www.grandemotors.co.nz/Motorcentral/VehicleData/GRA-88fe24e7-ba18-4a88-a40c-8c61f82a10e5-9.jpg,https://www.grandemotors.co.nz/Motorcentral/VehicleData/GRA-88fe24e7-ba18-4a88-a40c-8c61f82a10e5-10.jpg,https://www.grandemotors.co.nz/Motorcentral/VehicleData/GRA-88fe24e7-ba18-4a88-a40c-8c61f82a10e5-11.jpg,https://www.grandemotors.co.nz/Motorcentral/VehicleData/GRA-88fe24e7-ba18-4a88-a40c-8c61f82a10e5-12.jpg,https://www.grandemotors.co.nz/Motorcentral/VehicleData/GRA-88fe24e7-ba18-4a88-a40c-8c61f82a10e5-13.jpg,https://www.grandemotors.co.nz/Motorcentral/VehicleData/GRA-88fe24e7-ba18-4a88-a40c-8c61f82a10e5-14.jpg,https://www.grandemotors.co.nz/Motorcentral/VehicleData/GRA-88fe24e7-ba18-4a88-a40c-8c61f82a10e5-15.jpg,https://www.grandemotors.co.nz/Motorcentral/VehicleData/GRA-88fe24e7-ba18-4a88-a40c-8c61f82a10e5-16.jpg,https://www.grandemotors.co.nz/Motorcentral/VehicleData/GRA-88fe24e7-ba18-4a88-a40c-8c61f82a10e5-17.jpg,https://www.grandemotors.co.nz/Motorcentral/VehicleData/GRA-88fe24e7-ba18-4a88-a40c-8c61f82a10e5-18.jpg,https://www.grandemotors.co.nz/Motorcentral/VehicleData/GRA-88fe24e7-ba18-4a88-a40c-8c61f82a10e5-19.jpg,https://www.grandemotors.co.nz/Motorcentral/VehicleData/GRA-88fe24e7-ba18-4a88-a40c-8c61f82a10e5-20.jpg",Lexus,"Vehicles & Parts > Vehicles > Cars, Trucks & Vans",2013,SEDAN,HYBRID,Automatic,Grande Motors
13483,2013 Lexus IS 300h Hybrid.F-Sport.Cruise control.Alarm.10 Airbags.Rear camera.,"Alarm. Immobilizer. Engine button start. 2013 Lexus IS 300h F-Sport hybrid in Pearl White colour with black interior. Japanese import, 2500cc Available from Grande Motors Ltd, East Tamaki, Auckland.",in stock,used,22900.00 NZD,https://www.grandemotors.co.nz/vehicle/2013-Lexus-IS300h/13483,https://www.grandemotors.co.nz/Motorcentral/VehicleData/GRA-9693b307-986b-43fd-a7f6-718e656fe1eb-1.jpg,"https://www.grandemotors.co.nz/Motorcentral/VehicleData/GRA-9693b307-986b-43fd-a7f6-718e656fe1eb-2.jpg,https://www.grandemotors.co.nz/Motorcentral/VehicleData/GRA-9693b307-986b-43fd-a7f6-718e656fe1eb-3.jpg,https://www.grandemotors.co.nz/Motorcentral/VehicleData/GRA-9693b307-986b-43fd-a7f6-718e656fe1eb-4.jpg,https://www.grandemotors.co.nz/Motorcentral/VehicleData/GRA-9693b307-986b-43fd-a7f6-718e656fe1eb-5.jpg,https://www.grandemotors.co.nz/Motorcentral/VehicleData/GRA-9693b307-986b-43fd-a7f6-718e656fe1eb-6.jpg,https://www.grandemotors.co.nz/Motorcentral/VehicleData/GRA-9693b307-986b-43fd-a7f6-718e656fe1eb-7.jpg,https://www.grandemotors.co.nz/Motorcentral/VehicleData/GRA-9693b307-986b-43fd-a7f6-718e656fe1eb-8.jpg,https://www.grandemotors.co.nz/Motorcentral/VehicleData/GRA-9693b307-986b-43fd-a7f6-718e656fe1eb-9.jpg,https://www.grandemotors.co.nz/Motorcentral/VehicleData/GRA-9693b307-986b-43fd-a7f6-718e656fe1eb-10.jpg,https://www.grandemotors.co.nz/Motorcentral/VehicleData/GRA-9693b307-986b-43fd-a7f6-718e656fe1eb-11.jpg,https://www.grandemotors.co.nz/Motorcentral/VehicleData/GRA-9693b307-986b-43fd-a7f6-718e656fe1eb-12.jpg,https://www.grandemotors.co.nz/Motorcentral/VehicleData/GRA-9693b307-986b-43fd-a7f6-718e656fe1eb-13.jpg,https://www.grandemotors.co.nz/Motorcentral/VehicleData/GRA-9693b307-986b-43fd-a7f6-718e656fe1eb-14.jpg,https://www.grandemotors.co.nz/Motorcentral/VehicleData/GRA-9693b307-986b-43fd-a7f6-718e656fe1eb-15.jpg,https://www.grandemotors.co.nz/Motorcentral/VehicleData/GRA-9693b307-986b-43fd-a7f6-718e656fe1eb-16.jpg,https://www.grandemotors.co.nz/Motorcentral/VehicleData/GRA-9693b307-986b-43fd-a7f6-718e656fe1eb-17.jpg,https://www.grandemotors.co.nz/Motorcentral/VehicleData/GRA-9693b307-986b-43fd-a7f6-718e656fe1eb-18.jpg",Lexus,"Vehicles & Parts > Vehicles > Cars, Trucks & Vans",2013,SEDAN,HYBRID,Automatic,Grande Motors
13558,2013 Lexus IS 300h F-Sport.Radar cruise.Rear cam.Park sensors.10 SRS Airbags.,"Immobilizer. Parking sensors. Engine button start. RCC (Radar Cruise Control). 2013 Lexus IS 300h F-sport hybrid in Grey Metallic colour with re Available from Grande Motors Ltd, East Tamaki, Auckland.",in stock,used,23800.00 NZD,https://www.grandemotors.co.nz/vehicle/2013-Lexus-IS300h/13558,https://www.grandemotors.co.nz/Motorcentral/VehicleData/GRA-0c7a8bdd-da77-432a-8d1c-bfc00879397d-1.jpg,"https://www.grandemotors.co.nz/Motorcentral/VehicleData/GRA-0c7a8bdd-da77-432a-8d1c-bfc00879397d-2.jpg,https://www.grandemotors.co.nz/Motorcentral/VehicleData/GRA-0c7a8bdd-da77-432a-8d1c-bfc00879397d-3.jpg,https://www.grandemotors.co.nz/Motorcentral/VehicleData/GRA-0c7a8bdd-da77-432a-8d1c-bfc00879397d-4.jpg,https://www.grandemotors.co.nz/Motorcentral/VehicleData/GRA-0c7a8bdd-da77-432a-8d1c-bfc00879397d-5.jpg,https://www.grandemotors.co.nz/Motorcentral/VehicleData/GRA-0c7a8bdd-da77-432a-8d1c-bfc00879397d-6.jpg,https://www.grandemotors.co.nz/Motorcentral/VehicleData/GRA-0c7a8bdd-da77-432a-8d1c-bfc00879397d-7.jpg,https://www.grandemotors.co.nz/Motorcentral/VehicleData/GRA-0c7a8bdd-da77-432a-8d1c-bfc00879397d-8.jpg,https://www.grandemotors.co.nz/Motorcentral/VehicleData/GRA-0c7a8bdd-da77-432a-8d1c-bfc00879397d-9.jpg,https://www.grandemotors.co.nz/Motorcentral/VehicleData/GRA-0c7a8bdd-da77-432a-8d1c-bfc00879397d-10.jpg,https://www.grandemotors.co.nz/Motorcentral/VehicleData/GRA-0c7a8bdd-da77-432a-8d1c-bfc00879397d-11.jpg,https://www.grandemotors.co.nz/Motorcentral/VehicleData/GRA-0c7a8bdd-da77-432a-8d1c-bfc00879397d-12.jpg,https://www.grandemotors.co.nz/Motorcentral/VehicleData/GRA-0c7a8bdd-da77-432a-8d1c-bfc00879397d-13.jpg,https://www.grandemotors.co.nz/Motorcentral/VehicleData/GRA-0c7a8bdd-da77-432a-8d1c-bfc00879397d-14.jpg,https://www.grandemotors.co.nz/Motorcentral/VehicleData/GRA-0c7a8bdd-da77-432a-8d1c-bfc00879397d-15.jpg,https://www.grandemotors.co.nz/Motorcentral/VehicleData/GRA-0c7a8bdd-da77-432a-8d1c-bfc00879397d-16.jpg,https://www.grandemotors.co.nz/Motorcentral/VehicleData/GRA-0c7a8bdd-da77-432a-8d1c-bfc00879397d-17.jpg",Lexus,"Vehicles & Parts > Vehicles > Cars, Trucks & Vans",2013,SEDAN,HYBRID,Automatic,Grande Motors
13658,2013 Lexus IS 300h Hybrid in Transit 64000 km!!!,"2013 Lexus IS 300h Sedan in Silver Japanese import, 2500 engine, done 64000kms,Automatic. Transit Hybrid 64000km only! Auction Grade 4 Cruise c Available from Grande Motors Ltd, East Tamaki, Auckland.",in stock,used,23500.00 NZD,https://www.grandemotors.co.nz/vehicle/2013-Lexus-IS300h/13658,https://www.grandemotors.co.nz/Motorcentral/VehicleData/GRA-8f8eb5bf-194d-4d45-a1fa-387a1ae17909-1.jpg,"https://www.grandemotors.co.nz/Motorcentral/VehicleData/GRA-8f8eb5bf-194d-4d45-a1fa-387a1ae17909-2.jpg,https://www.grandemotors.co.nz/Motorcentral/VehicleData/GRA-8f8eb5bf-194d-4d45-a1fa-387a1ae17909-3.jpg,https://www.grandemotors.co.nz/Motorcentral/VehicleData/GRA-8f8eb5bf-194d-4d45-a1fa-387a1ae17909-4.jpg,https://www.grandemotors.co.nz/Motorcentral/VehicleData/GRA-8f8eb5bf-194d-4d45-a1fa-387a1ae17909-5.jpg,https://www.grandemotors.co.nz/Motorcentral/VehicleData/GRA-8f8eb5bf-194d-4d45-a1fa-387a1ae17909-6.jpg,https://www.grandemotors.co.nz/Motorcentral/VehicleData/GRA-8f8eb5bf-194d-4d45-a1fa-387a1ae17909-7.jpg,https://www.grandemotors.co.nz/Motorcentral/VehicleData/GRA-8f8eb5bf-194d-4d45-a1fa-387a1ae17909-8.jpg,https://www.grandemotors.co.nz/Motorcentral/VehicleData/GRA-8f8eb5bf-194d-4d45-a1fa-387a1ae17909-9.jpg,https://www.grandemotors.co.nz/Motorcentral/VehicleData/GRA-8f8eb5bf-194d-4d45-a1fa-387a1ae17909-10.jpg,https://www.grandemotors.co.nz/Motorcentral/VehicleData/GRA-8f8eb5bf-194d-4d45-a1fa-387a1ae17909-11.jpg",Lexus,"Vehicles & Parts > Vehicles > Cars, Trucks & Vans",2013,SEDAN,HYBRID,Automatic,Grande Motors
13659,2013 Lexus IS 300h F-Sport Hybrid in Transit,"2013 Lexus IS 300h Sedan in White Japanese import, 2500 engine, done 108000kms,Automatic. Transit F-Sport Hybrid .Red leather trim, Rear camera, Available from Grande Motors Ltd, East Tamaki, Auckland.",in stock,used,24500.00 NZD,https://www.grandemotors.co.nz/vehicle/2013-Lexus-IS300h/13659,https://www.grandemotors.co.nz/Motorcentral/VehicleData/GRA-1be532fb-e996-46e2-83a7-856552814448-2.jpg,"https://www.grandemotors.co.nz/Motorcentral/VehicleData/GRA-1be532fb-e996-46e2-83a7-856552814448-3.jpg,https://www.grandemotors.co.nz/Motorcentral/VehicleData/GRA-1be532fb-e996-46e2-83a7-856552814448-4.jpg,https://www.grandemotors.co.nz/Motorcentral/VehicleData/GRA-1be532fb-e996-46e2-83a7-856552814448-5.jpg,https://www.grandemotors.co.nz/Motorcentral/VehicleData/GRA-1be532fb-e996-46e2-83a7-856552814448-6.jpg,https://www.grandemotors.co.nz/Motorcentral/VehicleData/GRA-1be532fb-e996-46e2-83a7-856552814448-7.jpg,https://www.grandemotors.co.nz/Motorcentral/VehicleData/GRA-1be532fb-e996-46e2-83a7-856552814448-8.jpg,https://www.grandemotors.co.nz/Motorcentral/VehicleData/GRA-1be532fb-e996-46e2-83a7-856552814448-9.jpg,https://www.grandemotors.co.nz/Motorcentral/VehicleData/GRA-1be532fb-e996-46e2-83a7-856552814448-10.jpg,https://www.grandemotors.co.nz/Motorcentral/VehicleData/GRA-1be532fb-e996-46e2-83a7-856552814448-11.jpg,https://www.grandemotors.co.nz/Motorcentral/VehicleData/GRA-1be532fb-e996-46e2-83a7-856552814448-12.jpg,https://www.grandemotors.co.nz/Motorcentral/VehicleData/GRA-1be532fb-e996-46e2-83a7-856552814448-13.jpg,https://www.grandemotors.co.nz/Motorcentral/VehicleData/GRA-1be532fb-e996-46e2-83a7-856552814448-14.jpg,https://www.grandemotors.co.nz/Motorcentral/VehicleData/GRA-1be532fb-e996-46e2-83a7-856552814448-15.jpg,https://www.grandemotors.co.nz/Motorcentral/VehicleData/GRA-1be532fb-e996-46e2-83a7-856552814448-16.jpg,https://www.grandemotors.co.nz/Motorcentral/VehicleData/GRA-1be532fb-e996-46e2-83a7-856552814448-17.jpg,https://www.grandemotors.co.nz/Motorcentral/VehicleData/GRA-1be532fb-e996-46e2-83a7-856552814448-18.jpg,https://www.grandemotors.co.nz/Motorcentral/VehicleData/GRA-1be532fb-e996-46e2-83a7-856552814448-19.jpg,https://www.grandemotors.co.nz/Motorcentral/VehicleData/GRA-1be532fb-e996-46e2-83a7-856552814448-20.jpg",Lexus,"Vehicles & Parts > Vehicles > Cars, Trucks & Vans",2013,SEDAN,HYBRID,Automatic,Grande Motors
12605,2014 Lexus IS 300h Hybrid.Cruise control.Alarm.10 Airbags.Rear camera.,"Alarm. Immobilzer. 10 SRS Airbags. 2014 Lexus IS 300h hybrid in grey metallic colour. Japanese import, 2500cc chain driven hybrid engine provi Available from Grande Motors Ltd, East Tamaki, Auckland.",in stock,used,22790.00 NZD,https://www.grandemotors.co.nz/vehicle/2014-Lexus-IS300h/12605,https://www.grandemotors.co.nz/Motorcentral/VehicleData/GRA-7c9f9a55-2d17-4563-b40d-2232e462e182-1.jpg,"https://www.grandemotors.co.nz/Motorcentral/VehicleData/GRA-7c9f9a55-2d17-4563-b40d-2232e462e182-2.jpg,https://www.grandemotors.co.nz/Motorcentral/VehicleData/GRA-7c9f9a55-2d17-4563-b40d-2232e462e182-3.jpg,https://www.grandemotors.co.nz/Motorcentral/VehicleData/GRA-7c9f9a55-2d17-4563-b40d-2232e462e182-4.jpg,https://www.grandemotors.co.nz/Motorcentral/VehicleData/GRA-7c9f9a55-2d17-4563-b40d-2232e462e182-5.jpg,https://www.grandemotors.co.nz/Motorcentral/VehicleData/GRA-7c9f9a55-2d17-4563-b40d-2232e462e182-6.jpg,https://www.grandemotors.co.nz/Motorcentral/VehicleData/GRA-7c9f9a55-2d17-4563-b40d-2232e462e182-7.jpg,https://www.grandemotors.co.nz/Motorcentral/VehicleData/GRA-7c9f9a55-2d17-4563-b40d-2232e462e182-8.jpg,https://www.grandemotors.co.nz/Motorcentral/VehicleData/GRA-7c9f9a55-2d17-4563-b40d-2232e462e182-9.jpg,https://www.grandemotors.co.nz/Motorcentral/VehicleData/GRA-7c9f9a55-2d17-4563-b40d-2232e462e182-10.jpg,https://www.grandemotors.co.nz/Motorcentral/VehicleData/GRA-7c9f9a55-2d17-4563-b40d-2232e462e182-11.jpg,https://www.grandemotors.co.nz/Motorcentral/VehicleData/GRA-7c9f9a55-2d17-4563-b40d-2232e462e182-12.jpg,https://www.grandemotors.co.nz/Motorcentral/VehicleData/GRA-7c9f9a55-2d17-4563-b40d-2232e462e182-13.jpg,https://www.grandemotors.co.nz/Motorcentral/VehicleData/GRA-7c9f9a55-2d17-4563-b40d-2232e462e182-14.jpg,https://www.grandemotors.co.nz/Motorcentral/VehicleData/GRA-7c9f9a55-2d17-4563-b40d-2232e462e182-15.jpg,https://www.grandemotors.co.nz/Motorcentral/VehicleData/GRA-7c9f9a55-2d17-4563-b40d-2232e462e182-16.jpg,https://www.grandemotors.co.nz/Motorcentral/VehicleData/GRA-7c9f9a55-2d17-4563-b40d-2232e462e182-17.jpg,https://www.grandemotors.co.nz/Motorcentral/VehicleData/GRA-7c9f9a55-2d17-4563-b40d-2232e462e182-18.jpg,https://www.grandemotors.co.nz/Motorcentral/VehicleData/GRA-7c9f9a55-2d17-4563-b40d-2232e462e182-19.jpg",Lexus,"Vehicles & Parts > Vehicles > Cars, Trucks & Vans",2014,SEDAN,HYBRID,Automatic,Grande Motors
13335,2014 Lexus IS 300h F-Sport.Blind spot.Radar cruise.Alarm.Leather.10 SRS Airbags.,"Alarm. Immobilizer. Engine button start. RCC (Radar Cruise Control). 2014 Lexus IS 300h F-Sport hybrid in red colour with black leather interior Available from Grande Motors Ltd, East Tamaki, Auckland.",in stock,used,26900.00 NZD,https://www.grandemotors.co.nz/vehicle/2014-Lexus-IS300h/13335,https://www.grandemotors.co.nz/Motorcentral/VehicleData/GRA-997856bb-c030-4410-b8a5-488cf16d63fc-1.jpg,"https://www.grandemotors.co.nz/Motorcentral/VehicleData/GRA-997856bb-c030-4410-b8a5-488cf16d63fc-2.jpg,https://www.grandemotors.co.nz/Motorcentral/VehicleData/GRA-997856bb-c030-4410-b8a5-488cf16d63fc-3.jpg,https://www.grandemotors.co.nz/Motorcentral/VehicleData/GRA-997856bb-c030-4410-b8a5-488cf16d63fc-4.jpg,https://www.grandemotors.co.nz/Motorcentral/VehicleData/GRA-997856bb-c030-4410-b8a5-488cf16d63fc-5.jpg,https://www.grandemotors.co.nz/Motorcentral/VehicleData/GRA-997856bb-c030-4410-b8a5-488cf16d63fc-6.jpg,https://www.grandemotors.co.nz/Motorcentral/VehicleData/GRA-997856bb-c030-4410-b8a5-488cf16d63fc-7.jpg,https://www.grandemotors.co.nz/Motorcentral/VehicleData/GRA-997856bb-c030-4410-b8a5-488cf16d63fc-8.jpg,https://www.grandemotors.co.nz/Motorcentral/VehicleData/GRA-997856bb-c030-4410-b8a5-488cf16d63fc-9.jpg,https://www.grandemotors.co.nz/Motorcentral/VehicleData/GRA-997856bb-c030-4410-b8a5-488cf16d63fc-10.jpg,https://www.grandemotors.co.nz/Motorcentral/VehicleData/GRA-997856bb-c030-4410-b8a5-488cf16d63fc-11.jpg,https://www.grandemotors.co.nz/Motorcentral/VehicleData/GRA-997856bb-c030-4410-b8a5-488cf16d63fc-12.jpg,https://www.grandemotors.co.nz/Motorcentral/VehicleData/GRA-997856bb-c030-4410-b8a5-488cf16d63fc-13.jpg,https://www.grandemotors.co.nz/Motorcentral/VehicleData/GRA-997856bb-c030-4410-b8a5-488cf16d63fc-14.jpg,https://www.grandemotors.co.nz/Motorcentral/VehicleData/GRA-997856bb-c030-4410-b8a5-488cf16d63fc-15.jpg,https://www.grandemotors.co.nz/Motorcentral/VehicleData/GRA-997856bb-c030-4410-b8a5-488cf16d63fc-16.jpg,https://www.grandemotors.co.nz/Motorcentral/VehicleData/GRA-997856bb-c030-4410-b8a5-488cf16d63fc-17.jpg",Lexus,"Vehicles & Parts > Vehicles > Cars, Trucks & Vans",2014,SEDAN,HYBRID,Automatic,Grande Motors
13478,2014 Lexus IS 300h Transit F-Sports Hybrid Sunroof Red Leather,"2014 Lexus IS 300h Sedan in White Japanese import, 2500 engine, done 120500kms,Automatic. Transit IS300H F SPORTS Red leather, F/AW, Paddle shi Available from Grande Motors Ltd, East Tamaki, Auckland.",in stock,used,24900.00 NZD,https://www.grandemotors.co.nz/vehicle/2014-Lexus-IS300h/13478,https://www.grandemotors.co.nz/Motorcentral/VehicleData/GRA-9e79794a-a143-4239-ac3e-8201d34e0553-1.jpg,"https://www.grandemotors.co.nz/Motorcentral/VehicleData/GRA-9e79794a-a143-4239-ac3e-8201d34e0553-2.jpg,https://www.grandemotors.co.nz/Motorcentral/VehicleData/GRA-9e79794a-a143-4239-ac3e-8201d34e0553-3.jpg,https://www.grandemotors.co.nz/Motorcentral/VehicleData/GRA-9e79794a-a143-4239-ac3e-8201d34e0553-4.jpg,https://www.grandemotors.co.nz/Motorcentral/VehicleData/GRA-9e79794a-a143-4239-ac3e-8201d34e0553-5.jpg,https://www.grandemotors.co.nz/Motorcentral/VehicleData/GRA-9e79794a-a143-4239-ac3e-8201d34e0553-6.jpg,https://www.grandemotors.co.nz/Motorcentral/VehicleData/GRA-9e79794a-a143-4239-ac3e-8201d34e0553-7.jpg,https://www.grandemotors.co.nz/Motorcentral/VehicleData/GRA-9e79794a-a143-4239-ac3e-8201d34e0553-8.jpg,https://www.grandemotors.co.nz/Motorcentral/VehicleData/GRA-9e79794a-a143-4239-ac3e-8201d34e0553-9.jpg,https://www.grandemotors.co.nz/Motorcentral/VehicleData/GRA-9e79794a-a143-4239-ac3e-8201d34e0553-10.jpg,https://www.grandemotors.co.nz/Motorcentral/VehicleData/GRA-9e79794a-a143-4239-ac3e-8201d34e0553-11.jpg,https://www.grandemotors.co.nz/Motorcentral/VehicleData/GRA-9e79794a-a143-4239-ac3e-8201d34e0553-12.jpg",Lexus,"Vehicles & Parts > Vehicles > Cars, Trucks & Vans",2014,SEDAN,HYBRID,Automatic,Grande Motors
13534,2014 Lexus IS 300h Hybrid.Radar cruise.Alarm.10 Airbags.Rear camera.,"Alarm. Immobilizer. Engine button start. RCC (Radar Cruise Control). Alloy wheels with brand new tires. 2014 Lexus IS 300h hybrid in white colo Available from Grande Motors Ltd, East Tamaki, Auckland.",in stock,used,21400.00 NZD,https://www.grandemotors.co.nz/vehicle/2014-Lexus-IS300h/13534,https://www.grandemotors.co.nz/Motorcentral/VehicleData/GRA-fe9e8d6d-c1da-459b-b290-930665accefc-1.jpg,"https://www.grandemotors.co.nz/Motorcentral/VehicleData/GRA-fe9e8d6d-c1da-459b-b290-930665accefc-2.jpg,https://www.grandemotors.co.nz/Motorcentral/VehicleData/GRA-fe9e8d6d-c1da-459b-b290-930665accefc-3.jpg,https://www.grandemotors.co.nz/Motorcentral/VehicleData/GRA-fe9e8d6d-c1da-459b-b290-930665accefc-4.jpg,https://www.grandemotors.co.nz/Motorcentral/VehicleData/GRA-fe9e8d6d-c1da-459b-b290-930665accefc-5.jpg,https://www.grandemotors.co.nz/Motorcentral/VehicleData/GRA-fe9e8d6d-c1da-459b-b290-930665accefc-6.jpg,https://www.grandemotors.co.nz/Motorcentral/VehicleData/GRA-fe9e8d6d-c1da-459b-b290-930665accefc-7.jpg,https://www.grandemotors.co.nz/Motorcentral/VehicleData/GRA-fe9e8d6d-c1da-459b-b290-930665accefc-8.jpg,https://www.grandemotors.co.nz/Motorcentral/VehicleData/GRA-fe9e8d6d-c1da-459b-b290-930665accefc-9.jpg,https://www.grandemotors.co.nz/Motorcentral/VehicleData/GRA-fe9e8d6d-c1da-459b-b290-930665accefc-10.jpg,https://www.grandemotors.co.nz/Motorcentral/VehicleData/GRA-fe9e8d6d-c1da-459b-b290-930665accefc-11.jpg,https://www.grandemotors.co.nz/Motorcentral/VehicleData/GRA-fe9e8d6d-c1da-459b-b290-930665accefc-12.jpg,https://www.grandemotors.co.nz/Motorcentral/VehicleData/GRA-fe9e8d6d-c1da-459b-b290-930665accefc-13.jpg,https://www.grandemotors.co.nz/Motorcentral/VehicleData/GRA-fe9e8d6d-c1da-459b-b290-930665accefc-14.jpg,https://www.grandemotors.co.nz/Motorcentral/VehicleData/GRA-fe9e8d6d-c1da-459b-b290-930665accefc-15.jpg,https://www.grandemotors.co.nz/Motorcentral/VehicleData/GRA-fe9e8d6d-c1da-459b-b290-930665accefc-16.jpg,https://www.grandemotors.co.nz/Motorcentral/VehicleData/GRA-fe9e8d6d-c1da-459b-b290-930665accefc-17.jpg,https://www.grandemotors.co.nz/Motorcentral/VehicleData/GRA-fe9e8d6d-c1da-459b-b290-930665accefc-18.jpg,https://www.grandemotors.co.nz/Motorcentral/VehicleData/GRA-fe9e8d6d-c1da-459b-b290-930665accefc-19.jpg",Lexus,"Vehicles & Parts > Vehicles > Cars, Trucks & Vans",2014,SEDAN,HYBRID,Automatic,Grande Motors
12835,2015 Lexus IS 300h Hybrid.Radar cruise.Alarm.10 Airbags.Rear camera.,"Alarm. Immobilizer. RCC (Radar Cruise Control). Alloy wheels with brand new tires. 2015 Lexus IS 300h hybrid in white colour with black leather Available from Grande Motors Ltd, East Tamaki, Auckland.",in stock,used,24900.00 NZD,https://www.grandemotors.co.nz/vehicle/2015-Lexus-IS300h/12835,https://www.grandemotors.co.nz/Motorcentral/VehicleData/GRA-e51e0bfd-adae-4785-a24c-b0a6c3f41a21-1.jpg,"https://www.grandemotors.co.nz/Motorcentral/VehicleData/GRA-e51e0bfd-adae-4785-a24c-b0a6c3f41a21-2.jpg,https://www.grandemotors.co.nz/Motorcentral/VehicleData/GRA-e51e0bfd-adae-4785-a24c-b0a6c3f41a21-3.jpg,https://www.grandemotors.co.nz/Motorcentral/VehicleData/GRA-e51e0bfd-adae-4785-a24c-b0a6c3f41a21-4.jpg,https://www.grandemotors.co.nz/Motorcentral/VehicleData/GRA-e51e0bfd-adae-4785-a24c-b0a6c3f41a21-5.jpg,https://www.grandemotors.co.nz/Motorcentral/VehicleData/GRA-e51e0bfd-adae-4785-a24c-b0a6c3f41a21-6.jpg,https://www.grandemotors.co.nz/Motorcentral/VehicleData/GRA-e51e0bfd-adae-4785-a24c-b0a6c3f41a21-7.jpg,https://www.grandemotors.co.nz/Motorcentral/VehicleData/GRA-e51e0bfd-adae-4785-a24c-b0a6c3f41a21-8.jpg,https://www.grandemotors.co.nz/Motorcentral/VehicleData/GRA-e51e0bfd-adae-4785-a24c-b0a6c3f41a21-9.jpg,https://www.grandemotors.co.nz/Motorcentral/VehicleData/GRA-e51e0bfd-adae-4785-a24c-b0a6c3f41a21-10.jpg,https://www.grandemotors.co.nz/Motorcentral/VehicleData/GRA-e51e0bfd-adae-4785-a24c-b0a6c3f41a21-11.jpg,https://www.grandemotors.co.nz/Motorcentral/VehicleData/GRA-e51e0bfd-adae-4785-a24c-b0a6c3f41a21-12.jpg,https://www.grandemotors.co.nz/Motorcentral/VehicleData/GRA-e51e0bfd-adae-4785-a24c-b0a6c3f41a21-13.jpg,https://www.grandemotors.co.nz/Motorcentral/VehicleData/GRA-e51e0bfd-adae-4785-a24c-b0a6c3f41a21-14.jpg,https://www.grandemotors.co.nz/Motorcentral/VehicleData/GRA-e51e0bfd-adae-4785-a24c-b0a6c3f41a21-15.jpg,https://www.grandemotors.co.nz/Motorcentral/VehicleData/GRA-e51e0bfd-adae-4785-a24c-b0a6c3f41a21-16.jpg,https://www.grandemotors.co.nz/Motorcentral/VehicleData/GRA-e51e0bfd-adae-4785-a24c-b0a6c3f41a21-17.jpg,https://www.grandemotors.co.nz/Motorcentral/VehicleData/GRA-e51e0bfd-adae-4785-a24c-b0a6c3f41a21-18.jpg,https://www.grandemotors.co.nz/Motorcentral/VehicleData/GRA-e51e0bfd-adae-4785-a24c-b0a6c3f41a21-19.jpg",Lexus,"Vehicles & Parts > Vehicles > Cars, Trucks & Vans",2015,SEDAN,HYBRID,Automatic,Grande Motors
12837,2015 Lexus IS 300h Hybrid.Sunroof.Cruise control.Alarm.10 Airbags.Rear camera.Park sens.,"Alarm. Immobilizer. 10 SRS Airbags. Alloy wheels with brand new tires. 2015 Lexus IS 300h hybrid in red colour with black interior. Japanese Available from Grande Motors Ltd, East Tamaki, Auckland.",in stock,used,23900.00 NZD,https://www.grandemotors.co.nz/vehicle/2015-Lexus-IS300h/12837,https://www.grandemotors.co.nz/Motorcentral/VehicleData/GRA-61cb27f0-1d7d-4cf6-b0c0-e64128fee478-1.jpg,"https://www.grandemotors.co.nz/Motorcentral/VehicleData/GRA-61cb27f0-1d7d-4cf6-b0c0-e64128fee478-2.jpg,https://www.grandemotors.co.nz/Motorcentral/VehicleData/GRA-61cb27f0-1d7d-4cf6-b0c0-e64128fee478-3.jpg,https://www.grandemotors.co.nz/Motorcentral/VehicleData/GRA-61cb27f0-1d7d-4cf6-b0c0-e64128fee478-4.jpg,https://www.grandemotors.co.nz/Motorcentral/VehicleData/GRA-61cb27f0-1d7d-4cf6-b0c0-e64128fee478-5.jpg,https://www.grandemotors.co.nz/Motorcentral/VehicleData/GRA-61cb27f0-1d7d-4cf6-b0c0-e64128fee478-6.jpg,https://www.grandemotors.co.nz/Motorcentral/VehicleData/GRA-61cb27f0-1d7d-4cf6-b0c0-e64128fee478-7.jpg,https://www.grandemotors.co.nz/Motorcentral/VehicleData/GRA-61cb27f0-1d7d-4cf6-b0c0-e64128fee478-8.jpg,https://www.grandemotors.co.nz/Motorcentral/VehicleData/GRA-61cb27f0-1d7d-4cf6-b0c0-e64128fee478-9.jpg,https://www.grandemotors.co.nz/Motorcentral/VehicleData/GRA-61cb27f0-1d7d-4cf6-b0c0-e64128fee478-10.jpg,https://www.grandemotors.co.nz/Motorcentral/VehicleData/GRA-61cb27f0-1d7d-4cf6-b0c0-e64128fee478-11.jpg,https://www.grandemotors.co.nz/Motorcentral/VehicleData/GRA-61cb27f0-1d7d-4cf6-b0c0-e64128fee478-12.jpg,https://www.grandemotors.co.nz/Motorcentral/VehicleData/GRA-61cb27f0-1d7d-4cf6-b0c0-e64128fee478-13.jpg,https://www.grandemotors.co.nz/Motorcentral/VehicleData/GRA-61cb27f0-1d7d-4cf6-b0c0-e64128fee478-14.jpg,https://www.grandemotors.co.nz/Motorcentral/VehicleData/GRA-61cb27f0-1d7d-4cf6-b0c0-e64128fee478-15.jpg,https://www.grandemotors.co.nz/Motorcentral/VehicleData/GRA-61cb27f0-1d7d-4cf6-b0c0-e64128fee478-16.jpg,https://www.grandemotors.co.nz/Motorcentral/VehicleData/GRA-61cb27f0-1d7d-4cf6-b0c0-e64128fee478-17.jpg,https://www.grandemotors.co.nz/Motorcentral/VehicleData/GRA-61cb27f0-1d7d-4cf6-b0c0-e64128fee478-18.jpg,https://www.grandemotors.co.nz/Motorcentral/VehicleData/GRA-61cb27f0-1d7d-4cf6-b0c0-e64128fee478-19.jpg",Lexus,"Vehicles & Parts > Vehicles > Cars, Trucks & Vans",2015,SEDAN,HYBRID,Automatic,Grande Motors
13462,2015 Lexus IS 300h Leather.Radar cruise.Park sens.Rear cam.Alarm.10 Airbags.,"Alarm. Immobilizer. Engine button start. RCC (Radar Cruise Control). 2015 Lexus IS 300h hybrid in Grey Metallic colour with black interior. J Available from Grande Motors Ltd, East Tamaki, Auckland.",in stock,used,24300.00 NZD,https://www.grandemotors.co.nz/vehicle/2015-Lexus-IS300h/13462,https://www.grandemotors.co.nz/Motorcentral/VehicleData/GRA-d6a5e37f-3b0e-475a-bd27-01823919df56-1.jpg,"https://www.grandemotors.co.nz/Motorcentral/VehicleData/GRA-d6a5e37f-3b0e-475a-bd27-01823919df56-2.jpg,https://www.grandemotors.co.nz/Motorcentral/VehicleData/GRA-d6a5e37f-3b0e-475a-bd27-01823919df56-3.jpg,https://www.grandemotors.co.nz/Motorcentral/VehicleData/GRA-d6a5e37f-3b0e-475a-bd27-01823919df56-4.jpg,https://www.grandemotors.co.nz/Motorcentral/VehicleData/GRA-d6a5e37f-3b0e-475a-bd27-01823919df56-5.jpg,https://www.grandemotors.co.nz/Motorcentral/VehicleData/GRA-d6a5e37f-3b0e-475a-bd27-01823919df56-6.jpg,https://www.grandemotors.co.nz/Motorcentral/VehicleData/GRA-d6a5e37f-3b0e-475a-bd27-01823919df56-7.jpg,https://www.grandemotors.co.nz/Motorcentral/VehicleData/GRA-d6a5e37f-3b0e-475a-bd27-01823919df56-8.jpg,https://www.grandemotors.co.nz/Motorcentral/VehicleData/GRA-d6a5e37f-3b0e-475a-bd27-01823919df56-9.jpg,https://www.grandemotors.co.nz/Motorcentral/VehicleData/GRA-d6a5e37f-3b0e-475a-bd27-01823919df56-10.jpg,https://www.grandemotors.co.nz/Motorcentral/VehicleData/GRA-d6a5e37f-3b0e-475a-bd27-01823919df56-11.jpg,https://www.grandemotors.co.nz/Motorcentral/VehicleData/GRA-d6a5e37f-3b0e-475a-bd27-01823919df56-12.jpg,https://www.grandemotors.co.nz/Motorcentral/VehicleData/GRA-d6a5e37f-3b0e-475a-bd27-01823919df56-13.jpg,https://www.grandemotors.co.nz/Motorcentral/VehicleData/GRA-d6a5e37f-3b0e-475a-bd27-01823919df56-14.jpg,https://www.grandemotors.co.nz/Motorcentral/VehicleData/GRA-d6a5e37f-3b0e-475a-bd27-01823919df56-15.jpg,https://www.grandemotors.co.nz/Motorcentral/VehicleData/GRA-d6a5e37f-3b0e-475a-bd27-01823919df56-16.jpg,https://www.grandemotors.co.nz/Motorcentral/VehicleData/GRA-d6a5e37f-3b0e-475a-bd27-01823919df56-17.jpg,https://www.grandemotors.co.nz/Motorcentral/VehicleData/GRA-d6a5e37f-3b0e-475a-bd27-01823919df56-18.jpg",Lexus,"Vehicles & Parts > Vehicles > Cars, Trucks & Vans",2015,SEDAN,HYBRID,Automatic,Grande Motors
13468,2015 Lexus IS 300h Hybrid.Cruise control.Alarm.10 Airbags.Rear camera.,"Immobilizer. Engine button start. 2015 Lexus IS 300h hybrid in white colour with black interior. Japanese import, 2500cc chain driven hybrid en Available from Grande Motors Ltd, East Tamaki, Auckland.",in stock,used,23400.00 NZD,https://www.grandemotors.co.nz/vehicle/2015-Lexus-IS300h/13468,https://www.grandemotors.co.nz/Motorcentral/VehicleData/GRA-b64b8abe-adaf-40ec-9778-a2b73a2feba5-1.jpg,"https://www.grandemotors.co.nz/Motorcentral/VehicleData/GRA-b64b8abe-adaf-40ec-9778-a2b73a2feba5-2.jpg,https://www.grandemotors.co.nz/Motorcentral/VehicleData/GRA-b64b8abe-adaf-40ec-9778-a2b73a2feba5-3.jpg,https://www.grandemotors.co.nz/Motorcentral/VehicleData/GRA-b64b8abe-adaf-40ec-9778-a2b73a2feba5-4.jpg,https://www.grandemotors.co.nz/Motorcentral/VehicleData/GRA-b64b8abe-adaf-40ec-9778-a2b73a2feba5-5.jpg,https://www.grandemotors.co.nz/Motorcentral/VehicleData/GRA-b64b8abe-adaf-40ec-9778-a2b73a2feba5-6.jpg,https://www.grandemotors.co.nz/Motorcentral/VehicleData/GRA-b64b8abe-adaf-40ec-9778-a2b73a2feba5-7.jpg,https://www.grandemotors.co.nz/Motorcentral/VehicleData/GRA-b64b8abe-adaf-40ec-9778-a2b73a2feba5-8.jpg,https://www.grandemotors.co.nz/Motorcentral/VehicleData/GRA-b64b8abe-adaf-40ec-9778-a2b73a2feba5-9.jpg,https://www.grandemotors.co.nz/Motorcentral/VehicleData/GRA-b64b8abe-adaf-40ec-9778-a2b73a2feba5-10.jpg,https://www.grandemotors.co.nz/Motorcentral/VehicleData/GRA-b64b8abe-adaf-40ec-9778-a2b73a2feba5-11.jpg,https://www.grandemotors.co.nz/Motorcentral/VehicleData/GRA-b64b8abe-adaf-40ec-9778-a2b73a2feba5-12.jpg,https://www.grandemotors.co.nz/Motorcentral/VehicleData/GRA-b64b8abe-adaf-40ec-9778-a2b73a2feba5-13.jpg,https://www.grandemotors.co.nz/Motorcentral/VehicleData/GRA-b64b8abe-adaf-40ec-9778-a2b73a2feba5-14.jpg,https://www.grandemotors.co.nz/Motorcentral/VehicleData/GRA-b64b8abe-adaf-40ec-9778-a2b73a2feba5-15.jpg,https://www.grandemotors.co.nz/Motorcentral/VehicleData/GRA-b64b8abe-adaf-40ec-9778-a2b73a2feba5-16.jpg,https://www.grandemotors.co.nz/Motorcentral/VehicleData/GRA-b64b8abe-adaf-40ec-9778-a2b73a2feba5-17.jpg,https://www.grandemotors.co.nz/Motorcentral/VehicleData/GRA-b64b8abe-adaf-40ec-9778-a2b73a2feba5-18.jpg,https://www.grandemotors.co.nz/Motorcentral/VehicleData/GRA-b64b8abe-adaf-40ec-9778-a2b73a2feba5-19.jpg",Lexus,"Vehicles & Parts > Vehicles > Cars, Trucks & Vans",2015,SEDAN,HYBRID,Automatic,Grande Motors
13493,2015 Lexus IS 300h Transit Hybrid L Package Cruise Control,"2015 Lexus IS 300h Sedan in Silver Japanese import, 2500 engine, done 97800kms,Automatic. Transit Hybrid , Cruise control, Leather trim, F/AWs, Available from Grande Motors Ltd, East Tamaki, Auckland.",in stock,used,23500.00 NZD,https://www.grandemotors.co.nz/vehicle/2015-Lexus-IS300h/13493,https://www.grandemotors.co.nz/Motorcentral/VehicleData/GRA-f055057d-b3a1-4897-8c83-c29629e09911-1.jpg,"https://www.grandemotors.co.nz/Motorcentral/VehicleData/GRA-f055057d-b3a1-4897-8c83-c29629e09911-2.jpg,https://www.grandemotors.co.nz/Motorcentral/VehicleData/GRA-f055057d-b3a1-4897-8c83-c29629e09911-3.jpg,https://www.grandemotors.co.nz/Motorcentral/VehicleData/GRA-f055057d-b3a1-4897-8c83-c29629e09911-4.jpg,https://www.grandemotors.co.nz/Motorcentral/VehicleData/GRA-f055057d-b3a1-4897-8c83-c29629e09911-5.jpg,https://www.grandemotors.co.nz/Motorcentral/VehicleData/GRA-f055057d-b3a1-4897-8c83-c29629e09911-6.jpg,https://www.grandemotors.co.nz/Motorcentral/VehicleData/GRA-f055057d-b3a1-4897-8c83-c29629e09911-7.jpg,https://www.grandemotors.co.nz/Motorcentral/VehicleData/GRA-f055057d-b3a1-4897-8c83-c29629e09911-8.jpg,https://www.grandemotors.co.nz/Motorcentral/VehicleData/GRA-f055057d-b3a1-4897-8c83-c29629e09911-9.jpg,https://www.grandemotors.co.nz/Motorcentral/VehicleData/GRA-f055057d-b3a1-4897-8c83-c29629e09911-10.jpg,https://www.grandemotors.co.nz/Motorcentral/VehicleData/GRA-f055057d-b3a1-4897-8c83-c29629e09911-11.jpg,https://www.grandemotors.co.nz/Motorcentral/VehicleData/GRA-f055057d-b3a1-4897-8c83-c29629e09911-12.jpg,https://www.grandemotors.co.nz/Motorcentral/VehicleData/GRA-f055057d-b3a1-4897-8c83-c29629e09911-13.jpg,https://www.grandemotors.co.nz/Motorcentral/VehicleData/GRA-f055057d-b3a1-4897-8c83-c29629e09911-14.jpg,https://www.grandemotors.co.nz/Motorcentral/VehicleData/GRA-f055057d-b3a1-4897-8c83-c29629e09911-15.jpg,https://www.grandemotors.co.nz/Motorcentral/VehicleData/GRA-f055057d-b3a1-4897-8c83-c29629e09911-16.jpg,https://www.grandemotors.co.nz/Motorcentral/VehicleData/GRA-f055057d-b3a1-4897-8c83-c29629e09911-17.jpg,https://www.grandemotors.co.nz/Motorcentral/VehicleData/GRA-f055057d-b3a1-4897-8c83-c29629e09911-18.jpg,https://www.grandemotors.co.nz/Motorcentral/VehicleData/GRA-f055057d-b3a1-4897-8c83-c29629e09911-19.jpg",Lexus,"Vehicles & Parts > Vehicles > Cars, Trucks & Vans",2015,SEDAN,HYBRID,Automatic,Grande Motors
13431,2016 Lexus IS 300h Hybris.Leather.Blind spot.Radar cruise.Lane assist.10 Airbags.,"Alarm. Immobilizer. Parking sensors. Engine button start. RCC (Radar Cruise Control). BSM (Blind Spot Monitoring). LKA (Lane Keeping Assistance) Available from Grande Motors Ltd, East Tamaki, Auckland.",in stock,used,27800.00 NZD,https://www.grandemotors.co.nz/vehicle/2016-Lexus-IS300h/13431,https://www.grandemotors.co.nz/Motorcentral/VehicleData/GRA-53b8ddf3-9f41-4252-ae36-24499bcd5a4b-1.jpg,"https://www.grandemotors.co.nz/Motorcentral/VehicleData/GRA-53b8ddf3-9f41-4252-ae36-24499bcd5a4b-2.jpg,https://www.grandemotors.co.nz/Motorcentral/VehicleData/GRA-53b8ddf3-9f41-4252-ae36-24499bcd5a4b-3.jpg,https://www.grandemotors.co.nz/Motorcentral/VehicleData/GRA-53b8ddf3-9f41-4252-ae36-24499bcd5a4b-4.jpg,https://www.grandemotors.co.nz/Motorcentral/VehicleData/GRA-53b8ddf3-9f41-4252-ae36-24499bcd5a4b-5.jpg,https://www.grandemotors.co.nz/Motorcentral/VehicleData/GRA-53b8ddf3-9f41-4252-ae36-24499bcd5a4b-6.jpg,https://www.grandemotors.co.nz/Motorcentral/VehicleData/GRA-53b8ddf3-9f41-4252-ae36-24499bcd5a4b-7.jpg,https://www.grandemotors.co.nz/Motorcentral/VehicleData/GRA-53b8ddf3-9f41-4252-ae36-24499bcd5a4b-8.jpg,https://www.grandemotors.co.nz/Motorcentral/VehicleData/GRA-53b8ddf3-9f41-4252-ae36-24499bcd5a4b-9.jpg,https://www.grandemotors.co.nz/Motorcentral/VehicleData/GRA-53b8ddf3-9f41-4252-ae36-24499bcd5a4b-10.jpg,https://www.grandemotors.co.nz/Motorcentral/VehicleData/GRA-53b8ddf3-9f41-4252-ae36-24499bcd5a4b-11.jpg,https://www.grandemotors.co.nz/Motorcentral/VehicleData/GRA-53b8ddf3-9f41-4252-ae36-24499bcd5a4b-12.jpg,https://www.grandemotors.co.nz/Motorcentral/VehicleData/GRA-53b8ddf3-9f41-4252-ae36-24499bcd5a4b-13.jpg,https://www.grandemotors.co.nz/Motorcentral/VehicleData/GRA-53b8ddf3-9f41-4252-ae36-24499bcd5a4b-14.jpg,https://www.grandemotors.co.nz/Motorcentral/VehicleData/GRA-53b8ddf3-9f41-4252-ae36-24499bcd5a4b-15.jpg,https://www.grandemotors.co.nz/Motorcentral/VehicleData/GRA-53b8ddf3-9f41-4252-ae36-24499bcd5a4b-16.jpg,https://www.grandemotors.co.nz/Motorcentral/VehicleData/GRA-53b8ddf3-9f41-4252-ae36-24499bcd5a4b-17.jpg,https://www.grandemotors.co.nz/Motorcentral/VehicleData/GRA-53b8ddf3-9f41-4252-ae36-24499bcd5a4b-18.jpg,https://www.grandemotors.co.nz/Motorcentral/VehicleData/GRA-53b8ddf3-9f41-4252-ae36-24499bcd5a4b-19.jpg,https://www.grandemotors.co.nz/Motorcentral/VehicleData/GRA-53b8ddf3-9f41-4252-ae36-24499bcd5a4b-20.jpg",Lexus,"Vehicles & Parts > Vehicles > Cars, Trucks & Vans",2016,SEDAN,HYBRID,Automatic,Grande Motors
13527,2016 Lexus IS 300h Transit F -Sport Low km,"2016 Lexus IS 300h Sedan in Brown Japanese import, 2500 engine, done 63000kms,Automatic. Transit F-Sport low km ,Hold Deposit 1000$ An enjoyabl Available from Grande Motors Ltd, East Tamaki, Auckland.",in stock,used,29800.00 NZD,https://www.grandemotors.co.nz/vehicle/2016-Lexus-IS300h/13527,https://www.grandemotors.co.nz/Motorcentral/VehicleData/GRA-f5469873-ec19-4779-b5ab-1890b9a7ae6c-1.jpg,"https://www.grandemotors.co.nz/Motorcentral/VehicleData/GRA-f5469873-ec19-4779-b5ab-1890b9a7ae6c-2.jpg,https://www.grandemotors.co.nz/Motorcentral/VehicleData/GRA-f5469873-ec19-4779-b5ab-1890b9a7ae6c-3.jpg,https://www.grandemotors.co.nz/Motorcentral/VehicleData/GRA-f5469873-ec19-4779-b5ab-1890b9a7ae6c-4.jpg,https://www.grandemotors.co.nz/Motorcentral/VehicleData/GRA-f5469873-ec19-4779-b5ab-1890b9a7ae6c-5.jpg,https://www.grandemotors.co.nz/Motorcentral/VehicleData/GRA-f5469873-ec19-4779-b5ab-1890b9a7ae6c-6.jpg,https://www.grandemotors.co.nz/Motorcentral/VehicleData/GRA-f5469873-ec19-4779-b5ab-1890b9a7ae6c-7.jpg,https://www.grandemotors.co.nz/Motorcentral/VehicleData/GRA-f5469873-ec19-4779-b5ab-1890b9a7ae6c-8.jpg,https://www.grandemotors.co.nz/Motorcentral/VehicleData/GRA-f5469873-ec19-4779-b5ab-1890b9a7ae6c-9.jpg,https://www.grandemotors.co.nz/Motorcentral/VehicleData/GRA-f5469873-ec19-4779-b5ab-1890b9a7ae6c-10.jpg,https://www.grandemotors.co.nz/Motorcentral/VehicleData/GRA-f5469873-ec19-4779-b5ab-1890b9a7ae6c-11.jpg,https://www.grandemotors.co.nz/Motorcentral/VehicleData/GRA-f5469873-ec19-4779-b5ab-1890b9a7ae6c-12.jpg,https://www.grandemotors.co.nz/Motorcentral/VehicleData/GRA-f5469873-ec19-4779-b5ab-1890b9a7ae6c-13.jpg,https://www.grandemotors.co.nz/Motorcentral/VehicleData/GRA-f5469873-ec19-4779-b5ab-1890b9a7ae6c-14.jpg",Lexus,"Vehicles & Parts > Vehicles > Cars, Trucks & Vans",2016,SEDAN,OTHER,Automatic,Grande Motors
13309,2017 Lexus IS 300h Hybrid.Radar cruise.Lane assist.10 SRS Airbags.,"Alarm. Immobilizer. Engine button start. RCC (Radar Cruise Control). LKA (Lane Keeping Assistance). 2017 Lexus IS 300h hybrid in silver colour Available from Grande Motors Ltd, East Tamaki, Auckland.",in stock,used,25400.00 NZD,https://www.grandemotors.co.nz/vehicle/2017-Lexus-IS300h/13309,https://www.grandemotors.co.nz/Motorcentral/VehicleData/GRA-193f16a4-63aa-463a-a089-44e3cf5f82e7-1.jpg,"https://www.grandemotors.co.nz/Motorcentral/VehicleData/GRA-193f16a4-63aa-463a-a089-44e3cf5f82e7-2.jpg,https://www.grandemotors.co.nz/Motorcentral/VehicleData/GRA-193f16a4-63aa-463a-a089-44e3cf5f82e7-3.jpg,https://www.grandemotors.co.nz/Motorcentral/VehicleData/GRA-193f16a4-63aa-463a-a089-44e3cf5f82e7-4.jpg,https://www.grandemotors.co.nz/Motorcentral/VehicleData/GRA-193f16a4-63aa-463a-a089-44e3cf5f82e7-5.jpg,https://www.grandemotors.co.nz/Motorcentral/VehicleData/GRA-193f16a4-63aa-463a-a089-44e3cf5f82e7-6.jpg,https://www.grandemotors.co.nz/Motorcentral/VehicleData/GRA-193f16a4-63aa-463a-a089-44e3cf5f82e7-7.jpg,https://www.grandemotors.co.nz/Motorcentral/VehicleData/GRA-193f16a4-63aa-463a-a089-44e3cf5f82e7-8.jpg,https://www.grandemotors.co.nz/Motorcentral/VehicleData/GRA-193f16a4-63aa-463a-a089-44e3cf5f82e7-9.jpg,https://www.grandemotors.co.nz/Motorcentral/VehicleData/GRA-193f16a4-63aa-463a-a089-44e3cf5f82e7-10.jpg,https://www.grandemotors.co.nz/Motorcentral/VehicleData/GRA-193f16a4-63aa-463a-a089-44e3cf5f82e7-11.jpg,https://www.grandemotors.co.nz/Motorcentral/VehicleData/GRA-193f16a4-63aa-463a-a089-44e3cf5f82e7-12.jpg,https://www.grandemotors.co.nz/Motorcentral/VehicleData/GRA-193f16a4-63aa-463a-a089-44e3cf5f82e7-13.jpg,https://www.grandemotors.co.nz/Motorcentral/VehicleData/GRA-193f16a4-63aa-463a-a089-44e3cf5f82e7-14.jpg,https://www.grandemotors.co.nz/Motorcentral/VehicleData/GRA-193f16a4-63aa-463a-a089-44e3cf5f82e7-15.jpg,https://www.grandemotors.co.nz/Motorcentral/VehicleData/GRA-193f16a4-63aa-463a-a089-44e3cf5f82e7-16.jpg,https://www.grandemotors.co.nz/Motorcentral/VehicleData/GRA-193f16a4-63aa-463a-a089-44e3cf5f82e7-17.jpg",Lexus,"Vehicles & Parts > Vehicles > Cars, Trucks & Vans",2017,SEDAN,HYBRID,Automatic,Grande Motors
13416,"2017 Lexus IS 300h 4,5 Grade.Alarm.Cruise control.10 SRS Airbags.","2017 Lexus IS 300h Sedan in White Japanese import, 2500 engine, done 59000kms,Automatic. Transit Arriving August Hold Deposit 1000$ Lexus 300H Available from Grande Motors Ltd, East Tamaki, Auckland.",in stock,used,32900.00 NZD,https://www.grandemotors.co.nz/vehicle/2017-Lexus-IS300h/13416,https://www.grandemotors.co.nz/Motorcentral/VehicleData/GRA-7bdb61b4-10e5-4976-a30b-7bedb434b69e-1.jpg,"https://www.grandemotors.co.nz/Motorcentral/VehicleData/GRA-7bdb61b4-10e5-4976-a30b-7bedb434b69e-2.jpg,https://www.grandemotors.co.nz/Motorcentral/VehicleData/GRA-7bdb61b4-10e5-4976-a30b-7bedb434b69e-3.jpg,https://www.grandemotors.co.nz/Motorcentral/VehicleData/GRA-7bdb61b4-10e5-4976-a30b-7bedb434b69e-4.jpg,https://www.grandemotors.co.nz/Motorcentral/VehicleData/GRA-7bdb61b4-10e5-4976-a30b-7bedb434b69e-5.jpg,https://www.grandemotors.co.nz/Motorcentral/VehicleData/GRA-7bdb61b4-10e5-4976-a30b-7bedb434b69e-6.jpg,https://www.grandemotors.co.nz/Motorcentral/VehicleData/GRA-7bdb61b4-10e5-4976-a30b-7bedb434b69e-7.jpg,https://www.grandemotors.co.nz/Motorcentral/VehicleData/GRA-7bdb61b4-10e5-4976-a30b-7bedb434b69e-8.jpg,https://www.grandemotors.co.nz/Motorcentral/VehicleData/GRA-7bdb61b4-10e5-4976-a30b-7bedb434b69e-9.jpg,https://www.grandemotors.co.nz/Motorcentral/VehicleData/GRA-7bdb61b4-10e5-4976-a30b-7bedb434b69e-10.jpg,https://www.grandemotors.co.nz/Motorcentral/VehicleData/GRA-7bdb61b4-10e5-4976-a30b-7bedb434b69e-11.jpg,https://www.grandemotors.co.nz/Motorcentral/VehicleData/GRA-7bdb61b4-10e5-4976-a30b-7bedb434b69e-12.jpg,https://www.grandemotors.co.nz/Motorcentral/VehicleData/GRA-7bdb61b4-10e5-4976-a30b-7bedb434b69e-13.jpg,https://www.grandemotors.co.nz/Motorcentral/VehicleData/GRA-7bdb61b4-10e5-4976-a30b-7bedb434b69e-14.jpg,https://www.grandemotors.co.nz/Motorcentral/VehicleData/GRA-7bdb61b4-10e5-4976-a30b-7bedb434b69e-15.jpg",Lexus,"Vehicles & Parts > Vehicles > Cars, Trucks & Vans",2017,SEDAN,OTHER,Automatic,Grande Motors
13496,2017 Lexus IS 300h Hybrid.Sunroof.Leather.Radar Cruise.Blind spot.Park sens.Alarm.,"Alarm. Immobilizer. Engine button start. RCC (Radar Cruise Control). LKA (Lane Keeping Assistance). 2017 Lexus IS 300h hybrid in Grey Metallic Available from Grande Motors Ltd, East Tamaki, Auckland.",in stock,used,26900.00 NZD,https://www.grandemotors.co.nz/vehicle/2017-Lexus-IS300h/13496,https://www.grandemotors.co.nz/Motorcentral/VehicleData/GRA-0fe92ae9-ca5c-453f-8b09-42905d871048-1.jpg,"https://www.grandemotors.co.nz/Motorcentral/VehicleData/GRA-0fe92ae9-ca5c-453f-8b09-42905d871048-2.jpg,https://www.grandemotors.co.nz/Motorcentral/VehicleData/GRA-0fe92ae9-ca5c-453f-8b09-42905d871048-3.jpg,https://www.grandemotors.co.nz/Motorcentral/VehicleData/GRA-0fe92ae9-ca5c-453f-8b09-42905d871048-4.jpg,https://www.grandemotors.co.nz/Motorcentral/VehicleData/GRA-0fe92ae9-ca5c-453f-8b09-42905d871048-5.jpg,https://www.grandemotors.co.nz/Motorcentral/VehicleData/GRA-0fe92ae9-ca5c-453f-8b09-42905d871048-6.jpg,https://www.grandemotors.co.nz/Motorcentral/VehicleData/GRA-0fe92ae9-ca5c-453f-8b09-42905d871048-7.jpg,https://www.grandemotors.co.nz/Motorcentral/VehicleData/GRA-0fe92ae9-ca5c-453f-8b09-42905d871048-8.jpg,https://www.grandemotors.co.nz/Motorcentral/VehicleData/GRA-0fe92ae9-ca5c-453f-8b09-42905d871048-9.jpg,https://www.grandemotors.co.nz/Motorcentral/VehicleData/GRA-0fe92ae9-ca5c-453f-8b09-42905d871048-10.jpg,https://www.grandemotors.co.nz/Motorcentral/VehicleData/GRA-0fe92ae9-ca5c-453f-8b09-42905d871048-11.jpg,https://www.grandemotors.co.nz/Motorcentral/VehicleData/GRA-0fe92ae9-ca5c-453f-8b09-42905d871048-12.jpg,https://www.grandemotors.co.nz/Motorcentral/VehicleData/GRA-0fe92ae9-ca5c-453f-8b09-42905d871048-13.jpg,https://www.grandemotors.co.nz/Motorcentral/VehicleData/GRA-0fe92ae9-ca5c-453f-8b09-42905d871048-14.jpg,https://www.grandemotors.co.nz/Motorcentral/VehicleData/GRA-0fe92ae9-ca5c-453f-8b09-42905d871048-15.jpg,https://www.grandemotors.co.nz/Motorcentral/VehicleData/GRA-0fe92ae9-ca5c-453f-8b09-42905d871048-16.jpg,https://www.grandemotors.co.nz/Motorcentral/VehicleData/GRA-0fe92ae9-ca5c-453f-8b09-42905d871048-17.jpg,https://www.grandemotors.co.nz/Motorcentral/VehicleData/GRA-0fe92ae9-ca5c-453f-8b09-42905d871048-18.jpg,https://www.grandemotors.co.nz/Motorcentral/VehicleData/GRA-0fe92ae9-ca5c-453f-8b09-42905d871048-19.jpg,https://www.grandemotors.co.nz/Motorcentral/VehicleData/GRA-0fe92ae9-ca5c-453f-8b09-42905d871048-20.jpg",Lexus,"Vehicles & Parts > Vehicles > Cars, Trucks & Vans",2017,SEDAN,HYBRID,Automatic,Grande Motors
13502,2017 Lexus IS 300h Hybrid.Radar cruise.Blind spot.Alarm.Leather.10 Airbags.,"Alarm. Immobilizer. Engine button start. RCC (Radar Cruise Control). BSM (Blind Spot Monitoring). LKA (Lane Keeping Assistance). 2017 Lexus IS Available from Grande Motors Ltd, East Tamaki, Auckland.",in stock,used,27800.00 NZD,https://www.grandemotors.co.nz/vehicle/2017-Lexus-IS300h/13502,https://www.grandemotors.co.nz/Motorcentral/VehicleData/GRA-870b6fa7-1960-44b6-bce4-420bfac1a495-1.jpg,"https://www.grandemotors.co.nz/Motorcentral/VehicleData/GRA-870b6fa7-1960-44b6-bce4-420bfac1a495-2.jpg,https://www.grandemotors.co.nz/Motorcentral/VehicleData/GRA-870b6fa7-1960-44b6-bce4-420bfac1a495-3.jpg,https://www.grandemotors.co.nz/Motorcentral/VehicleData/GRA-870b6fa7-1960-44b6-bce4-420bfac1a495-4.jpg,https://www.grandemotors.co.nz/Motorcentral/VehicleData/GRA-870b6fa7-1960-44b6-bce4-420bfac1a495-5.jpg,https://www.grandemotors.co.nz/Motorcentral/VehicleData/GRA-870b6fa7-1960-44b6-bce4-420bfac1a495-6.jpg,https://www.grandemotors.co.nz/Motorcentral/VehicleData/GRA-870b6fa7-1960-44b6-bce4-420bfac1a495-7.jpg,https://www.grandemotors.co.nz/Motorcentral/VehicleData/GRA-870b6fa7-1960-44b6-bce4-420bfac1a495-8.jpg,https://www.grandemotors.co.nz/Motorcentral/VehicleData/GRA-870b6fa7-1960-44b6-bce4-420bfac1a495-9.jpg,https://www.grandemotors.co.nz/Motorcentral/VehicleData/GRA-870b6fa7-1960-44b6-bce4-420bfac1a495-10.jpg,https://www.grandemotors.co.nz/Motorcentral/VehicleData/GRA-870b6fa7-1960-44b6-bce4-420bfac1a495-11.jpg,https://www.grandemotors.co.nz/Motorcentral/VehicleData/GRA-870b6fa7-1960-44b6-bce4-420bfac1a495-12.jpg,https://www.grandemotors.co.nz/Motorcentral/VehicleData/GRA-870b6fa7-1960-44b6-bce4-420bfac1a495-13.jpg,https://www.grandemotors.co.nz/Motorcentral/VehicleData/GRA-870b6fa7-1960-44b6-bce4-420bfac1a495-14.jpg,https://www.grandemotors.co.nz/Motorcentral/VehicleData/GRA-870b6fa7-1960-44b6-bce4-420bfac1a495-15.jpg,https://www.grandemotors.co.nz/Motorcentral/VehicleData/GRA-870b6fa7-1960-44b6-bce4-420bfac1a495-16.jpg,https://www.grandemotors.co.nz/Motorcentral/VehicleData/GRA-870b6fa7-1960-44b6-bce4-420bfac1a495-17.jpg,https://www.grandemotors.co.nz/Motorcentral/VehicleData/GRA-870b6fa7-1960-44b6-bce4-420bfac1a495-18.jpg,https://www.grandemotors.co.nz/Motorcentral/VehicleData/GRA-870b6fa7-1960-44b6-bce4-420bfac1a495-19.jpg,https://www.grandemotors.co.nz/Motorcentral/VehicleData/GRA-870b6fa7-1960-44b6-bce4-420bfac1a495-20.jpg",Lexus,"Vehicles & Parts > Vehicles > Cars, Trucks & Vans",2017,SEDAN,HYBRID,Automatic,Grande Motors
13530,2017 Lexus IS 300h Transit Hybrid,"2017 Lexus IS 300h Sedan in Silver Japanese import, 2500 engine, done 84000kms,Automatic. Transit Hybrid Hold Deposit 1000$ An enjoyable roomy Available from Grande Motors Ltd, East Tamaki, Auckland.",in stock,used,25500.00 NZD,https://www.grandemotors.co.nz/vehicle/2017-Lexus-IS300h/13530,https://www.grandemotors.co.nz/Motorcentral/VehicleData/GRA-8a66ffe2-2836-4935-b0db-b9c0e8bce488-1.jpg,"https://www.grandemotors.co.nz/Motorcentral/VehicleData/GRA-8a66ffe2-2836-4935-b0db-b9c0e8bce488-2.jpg,https://www.grandemotors.co.nz/Motorcentral/VehicleData/GRA-8a66ffe2-2836-4935-b0db-b9c0e8bce488-3.jpg,https://www.grandemotors.co.nz/Motorcentral/VehicleData/GRA-8a66ffe2-2836-4935-b0db-b9c0e8bce488-4.jpg,https://www.grandemotors.co.nz/Motorcentral/VehicleData/GRA-8a66ffe2-2836-4935-b0db-b9c0e8bce488-5.jpg,https://www.grandemotors.co.nz/Motorcentral/VehicleData/GRA-8a66ffe2-2836-4935-b0db-b9c0e8bce488-6.jpg,https://www.grandemotors.co.nz/Motorcentral/VehicleData/GRA-8a66ffe2-2836-4935-b0db-b9c0e8bce488-7.jpg,https://www.grandemotors.co.nz/Motorcentral/VehicleData/GRA-8a66ffe2-2836-4935-b0db-b9c0e8bce488-8.jpg,https://www.grandemotors.co.nz/Motorcentral/VehicleData/GRA-8a66ffe2-2836-4935-b0db-b9c0e8bce488-9.jpg,https://www.grandemotors.co.nz/Motorcentral/VehicleData/GRA-8a66ffe2-2836-4935-b0db-b9c0e8bce488-10.jpg,https://www.grandemotors.co.nz/Motorcentral/VehicleData/GRA-8a66ffe2-2836-4935-b0db-b9c0e8bce488-11.jpg,https://www.grandemotors.co.nz/Motorcentral/VehicleData/GRA-8a66ffe2-2836-4935-b0db-b9c0e8bce488-12.jpg",Lexus,"Vehicles & Parts > Vehicles > Cars, Trucks & Vans",2017,SEDAN,HYBRID,Automatic,Grande Motors
13426,2018 Lexus IS 300h Transit F-Sport Hybrid 2018,"2018 Lexus IS 300h Sedan in DARKRED Japanese import, 2500 engine, done 132013kms,Automatic. Transit Deposit 1000$ F -Sports Clean red leather,Cr Available from Grande Motors Ltd, East Tamaki, Auckland.",in stock,used,28900.00 NZD,https://www.grandemotors.co.nz/vehicle/2018-Lexus-IS300h/13426,https://www.grandemotors.co.nz/Motorcentral/VehicleData/GRA-fc88d603-fc77-4e7e-9fb7-0a67748f0168-1.jpg,"https://www.grandemotors.co.nz/Motorcentral/VehicleData/GRA-fc88d603-fc77-4e7e-9fb7-0a67748f0168-2.jpg,https://www.grandemotors.co.nz/Motorcentral/VehicleData/GRA-fc88d603-fc77-4e7e-9fb7-0a67748f0168-3.jpg,https://www.grandemotors.co.nz/Motorcentral/VehicleData/GRA-fc88d603-fc77-4e7e-9fb7-0a67748f0168-4.jpg,https://www.grandemotors.co.nz/Motorcentral/VehicleData/GRA-fc88d603-fc77-4e7e-9fb7-0a67748f0168-5.jpg,https://www.grandemotors.co.nz/Motorcentral/VehicleData/GRA-fc88d603-fc77-4e7e-9fb7-0a67748f0168-6.jpg,https://www.grandemotors.co.nz/Motorcentral/VehicleData/GRA-fc88d603-fc77-4e7e-9fb7-0a67748f0168-7.jpg,https://www.grandemotors.co.nz/Motorcentral/VehicleData/GRA-fc88d603-fc77-4e7e-9fb7-0a67748f0168-8.jpg,https://www.grandemotors.co.nz/Motorcentral/VehicleData/GRA-fc88d603-fc77-4e7e-9fb7-0a67748f0168-9.jpg,https://www.grandemotors.co.nz/Motorcentral/VehicleData/GRA-fc88d603-fc77-4e7e-9fb7-0a67748f0168-10.jpg,https://www.grandemotors.co.nz/Motorcentral/VehicleData/GRA-fc88d603-fc77-4e7e-9fb7-0a67748f0168-11.jpg,https://www.grandemotors.co.nz/Motorcentral/VehicleData/GRA-fc88d603-fc77-4e7e-9fb7-0a67748f0168-12.jpg",Lexus,"Vehicles & Parts > Vehicles > Cars, Trucks & Vans",2018,SEDAN,HYBRID,Automatic,Grande Motors
12318,2013 Lexus IS 350 Leather.Radar cruise.Lane assist.Blind spot.Park sens.Alarm.,"Alarm. Immobilizer. Engine button start. RCC (Radar Cruise Control). BSM (Blind Spot Monitoring). LKA (Lane Keeping Assistance). 2013 Lexus IS Available from Grande Motors Ltd, East Tamaki, Auckland.",in stock,used,18890.00 NZD,https://www.grandemotors.co.nz/vehicle/2013-Lexus-IS350/12318,https://www.grandemotors.co.nz/Motorcentral/VehicleData/GRA-c10719d5-78fc-48ae-a0b7-c3bcc2daaa65-1.jpg,"https://www.grandemotors.co.nz/Motorcentral/VehicleData/GRA-c10719d5-78fc-48ae-a0b7-c3bcc2daaa65-2.jpg,https://www.grandemotors.co.nz/Motorcentral/VehicleData/GRA-c10719d5-78fc-48ae-a0b7-c3bcc2daaa65-3.jpg,https://www.grandemotors.co.nz/Motorcentral/VehicleData/GRA-c10719d5-78fc-48ae-a0b7-c3bcc2daaa65-4.jpg,https://www.grandemotors.co.nz/Motorcentral/VehicleData/GRA-c10719d5-78fc-48ae-a0b7-c3bcc2daaa65-5.jpg,https://www.grandemotors.co.nz/Motorcentral/VehicleData/GRA-c10719d5-78fc-48ae-a0b7-c3bcc2daaa65-6.jpg,https://www.grandemotors.co.nz/Motorcentral/VehicleData/GRA-c10719d5-78fc-48ae-a0b7-c3bcc2daaa65-7.jpg,https://www.grandemotors.co.nz/Motorcentral/VehicleData/GRA-c10719d5-78fc-48ae-a0b7-c3bcc2daaa65-8.jpg,https://www.grandemotors.co.nz/Motorcentral/VehicleData/GRA-c10719d5-78fc-48ae-a0b7-c3bcc2daaa65-9.jpg,https://www.grandemotors.co.nz/Motorcentral/VehicleData/GRA-c10719d5-78fc-48ae-a0b7-c3bcc2daaa65-10.jpg,https://www.grandemotors.co.nz/Motorcentral/VehicleData/GRA-c10719d5-78fc-48ae-a0b7-c3bcc2daaa65-11.jpg,https://www.grandemotors.co.nz/Motorcentral/VehicleData/GRA-c10719d5-78fc-48ae-a0b7-c3bcc2daaa65-12.jpg,https://www.grandemotors.co.nz/Motorcentral/VehicleData/GRA-c10719d5-78fc-48ae-a0b7-c3bcc2daaa65-13.jpg,https://www.grandemotors.co.nz/Motorcentral/VehicleData/GRA-c10719d5-78fc-48ae-a0b7-c3bcc2daaa65-14.jpg,https://www.grandemotors.co.nz/Motorcentral/VehicleData/GRA-c10719d5-78fc-48ae-a0b7-c3bcc2daaa65-15.jpg,https://www.grandemotors.co.nz/Motorcentral/VehicleData/GRA-c10719d5-78fc-48ae-a0b7-c3bcc2daaa65-16.jpg,https://www.grandemotors.co.nz/Motorcentral/VehicleData/GRA-c10719d5-78fc-48ae-a0b7-c3bcc2daaa65-17.jpg,https://www.grandemotors.co.nz/Motorcentral/VehicleData/GRA-c10719d5-78fc-48ae-a0b7-c3bcc2daaa65-18.jpg,https://www.grandemotors.co.nz/Motorcentral/VehicleData/GRA-c10719d5-78fc-48ae-a0b7-c3bcc2daaa65-19.jpg",Lexus,"Vehicles & Parts > Vehicles > Cars, Trucks & Vans",2013,SEDAN,GASOLINE,Automatic,Grande Motors
12459,2013 Lexus IS 350 F-sport.Sunroof.Radar cruise.Park sens.Alarm.10 Airbags.,"Alarm. Immobilizer. Engine button start. RCC (Radar Cruise Control). 2013 Lexus IS 350 F-sport in Metallic Grey colour with black interior. J Available from Grande Motors Ltd, East Tamaki, Auckland.",in stock,used,27500.00 NZD,https://www.grandemotors.co.nz/vehicle/2013-Lexus-IS350/12459,https://www.grandemotors.co.nz/Motorcentral/VehicleData/GRA-749e31a2-c430-4847-a77e-086a831cff0a-1.jpg,"https://www.grandemotors.co.nz/Motorcentral/VehicleData/GRA-749e31a2-c430-4847-a77e-086a831cff0a-2.jpg,https://www.grandemotors.co.nz/Motorcentral/VehicleData/GRA-749e31a2-c430-4847-a77e-086a831cff0a-3.jpg,https://www.grandemotors.co.nz/Motorcentral/VehicleData/GRA-749e31a2-c430-4847-a77e-086a831cff0a-4.jpg,https://www.grandemotors.co.nz/Motorcentral/VehicleData/GRA-749e31a2-c430-4847-a77e-086a831cff0a-5.jpg,https://www.grandemotors.co.nz/Motorcentral/VehicleData/GRA-749e31a2-c430-4847-a77e-086a831cff0a-6.jpg,https://www.grandemotors.co.nz/Motorcentral/VehicleData/GRA-749e31a2-c430-4847-a77e-086a831cff0a-7.jpg,https://www.grandemotors.co.nz/Motorcentral/VehicleData/GRA-749e31a2-c430-4847-a77e-086a831cff0a-8.jpg,https://www.grandemotors.co.nz/Motorcentral/VehicleData/GRA-749e31a2-c430-4847-a77e-086a831cff0a-9.jpg,https://www.grandemotors.co.nz/Motorcentral/VehicleData/GRA-749e31a2-c430-4847-a77e-086a831cff0a-10.jpg,https://www.grandemotors.co.nz/Motorcentral/VehicleData/GRA-749e31a2-c430-4847-a77e-086a831cff0a-11.jpg,https://www.grandemotors.co.nz/Motorcentral/VehicleData/GRA-749e31a2-c430-4847-a77e-086a831cff0a-12.jpg,https://www.grandemotors.co.nz/Motorcentral/VehicleData/GRA-749e31a2-c430-4847-a77e-086a831cff0a-13.jpg,https://www.grandemotors.co.nz/Motorcentral/VehicleData/GRA-749e31a2-c430-4847-a77e-086a831cff0a-14.jpg,https://www.grandemotors.co.nz/Motorcentral/VehicleData/GRA-749e31a2-c430-4847-a77e-086a831cff0a-15.jpg,https://www.grandemotors.co.nz/Motorcentral/VehicleData/GRA-749e31a2-c430-4847-a77e-086a831cff0a-16.jpg,https://www.grandemotors.co.nz/Motorcentral/VehicleData/GRA-749e31a2-c430-4847-a77e-086a831cff0a-17.jpg",Lexus,"Vehicles & Parts > Vehicles > Cars, Trucks & Vans",2013,SEDAN,OTHER,Automatic,Grande Motors
12636,2013 Lexus IS 350 F-sport.Sunroof.Leather.Radar cruise.Park sens.Alarm.10 Airbags.,"Alarm. Immobilzer. RCC (Radar Cruise Control). LKA (Lane Keeping Assistance). 2013 Lexus IS 350 F-Sport in Grey Metallic colour with leather int Available from Grande Motors Ltd, East Tamaki, Auckland.",in stock,used,26800.00 NZD,https://www.grandemotors.co.nz/vehicle/2013-Lexus-IS350/12636,https://www.grandemotors.co.nz/Motorcentral/VehicleData/GRA-38a3db68-a27a-411a-8ba0-f3e79277c0f6-1.jpg,"https://www.grandemotors.co.nz/Motorcentral/VehicleData/GRA-38a3db68-a27a-411a-8ba0-f3e79277c0f6-2.jpg,https://www.grandemotors.co.nz/Motorcentral/VehicleData/GRA-38a3db68-a27a-411a-8ba0-f3e79277c0f6-3.jpg,https://www.grandemotors.co.nz/Motorcentral/VehicleData/GRA-38a3db68-a27a-411a-8ba0-f3e79277c0f6-4.jpg,https://www.grandemotors.co.nz/Motorcentral/VehicleData/GRA-38a3db68-a27a-411a-8ba0-f3e79277c0f6-5.jpg,https://www.grandemotors.co.nz/Motorcentral/VehicleData/GRA-38a3db68-a27a-411a-8ba0-f3e79277c0f6-6.jpg,https://www.grandemotors.co.nz/Motorcentral/VehicleData/GRA-38a3db68-a27a-411a-8ba0-f3e79277c0f6-7.jpg,https://www.grandemotors.co.nz/Motorcentral/VehicleData/GRA-38a3db68-a27a-411a-8ba0-f3e79277c0f6-8.jpg,https://www.grandemotors.co.nz/Motorcentral/VehicleData/GRA-38a3db68-a27a-411a-8ba0-f3e79277c0f6-9.jpg,https://www.grandemotors.co.nz/Motorcentral/VehicleData/GRA-38a3db68-a27a-411a-8ba0-f3e79277c0f6-10.jpg,https://www.grandemotors.co.nz/Motorcentral/VehicleData/GRA-38a3db68-a27a-411a-8ba0-f3e79277c0f6-11.jpg,https://www.grandemotors.co.nz/Motorcentral/VehicleData/GRA-38a3db68-a27a-411a-8ba0-f3e79277c0f6-12.jpg,https://www.grandemotors.co.nz/Motorcentral/VehicleData/GRA-38a3db68-a27a-411a-8ba0-f3e79277c0f6-13.jpg,https://www.grandemotors.co.nz/Motorcentral/VehicleData/GRA-38a3db68-a27a-411a-8ba0-f3e79277c0f6-14.jpg,https://www.grandemotors.co.nz/Motorcentral/VehicleData/GRA-38a3db68-a27a-411a-8ba0-f3e79277c0f6-15.jpg,https://www.grandemotors.co.nz/Motorcentral/VehicleData/GRA-38a3db68-a27a-411a-8ba0-f3e79277c0f6-16.jpg,https://www.grandemotors.co.nz/Motorcentral/VehicleData/GRA-38a3db68-a27a-411a-8ba0-f3e79277c0f6-17.jpg,https://www.grandemotors.co.nz/Motorcentral/VehicleData/GRA-38a3db68-a27a-411a-8ba0-f3e79277c0f6-18.jpg,https://www.grandemotors.co.nz/Motorcentral/VehicleData/GRA-38a3db68-a27a-411a-8ba0-f3e79277c0f6-19.jpg",Lexus,"Vehicles & Parts > Vehicles > Cars, Trucks & Vans",2013,SEDAN,GASOLINE,Automatic,Grande Motors
13531,2013 Lexus IS350 Transit F-Sport low km,"2013 Lexus IS350 Sedan in BRONZE Japanese import, 3500 engine, done 19500kms,Automatic. Transit 19500km F-Sport Auction Grade 4,5 Hold Deposit Available from Grande Motors Ltd, East Tamaki, Auckland.",in stock,used,32800.00 NZD,https://www.grandemotors.co.nz/vehicle/2013-Lexus-IS350/13531,https://www.grandemotors.co.nz/Motorcentral/VehicleData/GRA-80a20c5c-0bf9-46b4-a5c0-3c5ca959ca08-1.jpg,"https://www.grandemotors.co.nz/Motorcentral/VehicleData/GRA-80a20c5c-0bf9-46b4-a5c0-3c5ca959ca08-2.jpg,https://www.grandemotors.co.nz/Motorcentral/VehicleData/GRA-80a20c5c-0bf9-46b4-a5c0-3c5ca959ca08-3.jpg,https://www.grandemotors.co.nz/Motorcentral/VehicleData/GRA-80a20c5c-0bf9-46b4-a5c0-3c5ca959ca08-4.jpg,https://www.grandemotors.co.nz/Motorcentral/VehicleData/GRA-80a20c5c-0bf9-46b4-a5c0-3c5ca959ca08-5.jpg,https://www.grandemotors.co.nz/Motorcentral/VehicleData/GRA-80a20c5c-0bf9-46b4-a5c0-3c5ca959ca08-6.jpg,https://www.grandemotors.co.nz/Motorcentral/VehicleData/GRA-80a20c5c-0bf9-46b4-a5c0-3c5ca959ca08-7.jpg,https://www.grandemotors.co.nz/Motorcentral/VehicleData/GRA-80a20c5c-0bf9-46b4-a5c0-3c5ca959ca08-8.jpg,https://www.grandemotors.co.nz/Motorcentral/VehicleData/GRA-80a20c5c-0bf9-46b4-a5c0-3c5ca959ca08-9.jpg,https://www.grandemotors.co.nz/Motorcentral/VehicleData/GRA-80a20c5c-0bf9-46b4-a5c0-3c5ca959ca08-10.jpg,https://www.grandemotors.co.nz/Motorcentral/VehicleData/GRA-80a20c5c-0bf9-46b4-a5c0-3c5ca959ca08-11.jpg,https://www.grandemotors.co.nz/Motorcentral/VehicleData/GRA-80a20c5c-0bf9-46b4-a5c0-3c5ca959ca08-12.jpg,https://www.grandemotors.co.nz/Motorcentral/VehicleData/GRA-80a20c5c-0bf9-46b4-a5c0-3c5ca959ca08-13.jpg,https://www.grandemotors.co.nz/Motorcentral/VehicleData/GRA-80a20c5c-0bf9-46b4-a5c0-3c5ca959ca08-14.jpg",Lexus,"Vehicles & Parts > Vehicles > Cars, Trucks & Vans",2013,SEDAN,OTHER,Automatic,Grande Motors
12757,2016 Lexus IS 350 Sunroof.Leather.Cruise control.Alarm.10 SRS Airbags.,"Alarm. Immobilizer. Engine button start. 2016 Lexus IS 350 in black colour with black leather interior. Japanese import, 3500cc chain driven e Available from Grande Motors Ltd, East Tamaki, Auckland.",in stock,used,26900.00 NZD,https://www.grandemotors.co.nz/vehicle/2016-Lexus-IS350/12757,https://www.grandemotors.co.nz/Motorcentral/VehicleData/GRA-8d843b17-1812-471f-8388-72b7adbb9cc3-1.jpg,"https://www.grandemotors.co.nz/Motorcentral/VehicleData/GRA-8d843b17-1812-471f-8388-72b7adbb9cc3-2.jpg,https://www.grandemotors.co.nz/Motorcentral/VehicleData/GRA-8d843b17-1812-471f-8388-72b7adbb9cc3-3.jpg,https://www.grandemotors.co.nz/Motorcentral/VehicleData/GRA-8d843b17-1812-471f-8388-72b7adbb9cc3-4.jpg,https://www.grandemotors.co.nz/Motorcentral/VehicleData/GRA-8d843b17-1812-471f-8388-72b7adbb9cc3-5.jpg,https://www.grandemotors.co.nz/Motorcentral/VehicleData/GRA-8d843b17-1812-471f-8388-72b7adbb9cc3-6.jpg,https://www.grandemotors.co.nz/Motorcentral/VehicleData/GRA-8d843b17-1812-471f-8388-72b7adbb9cc3-7.jpg,https://www.grandemotors.co.nz/Motorcentral/VehicleData/GRA-8d843b17-1812-471f-8388-72b7adbb9cc3-8.jpg,https://www.grandemotors.co.nz/Motorcentral/VehicleData/GRA-8d843b17-1812-471f-8388-72b7adbb9cc3-9.jpg,https://www.grandemotors.co.nz/Motorcentral/VehicleData/GRA-8d843b17-1812-471f-8388-72b7adbb9cc3-10.jpg,https://www.grandemotors.co.nz/Motorcentral/VehicleData/GRA-8d843b17-1812-471f-8388-72b7adbb9cc3-11.jpg,https://www.grandemotors.co.nz/Motorcentral/VehicleData/GRA-8d843b17-1812-471f-8388-72b7adbb9cc3-12.jpg,https://www.grandemotors.co.nz/Motorcentral/VehicleData/GRA-8d843b17-1812-471f-8388-72b7adbb9cc3-13.jpg,https://www.grandemotors.co.nz/Motorcentral/VehicleData/GRA-8d843b17-1812-471f-8388-72b7adbb9cc3-14.jpg,https://www.grandemotors.co.nz/Motorcentral/VehicleData/GRA-8d843b17-1812-471f-8388-72b7adbb9cc3-15.jpg,https://www.grandemotors.co.nz/Motorcentral/VehicleData/GRA-8d843b17-1812-471f-8388-72b7adbb9cc3-16.jpg,https://www.grandemotors.co.nz/Motorcentral/VehicleData/GRA-8d843b17-1812-471f-8388-72b7adbb9cc3-17.jpg,https://www.grandemotors.co.nz/Motorcentral/VehicleData/GRA-8d843b17-1812-471f-8388-72b7adbb9cc3-18.jpg",Lexus,"Vehicles & Parts > Vehicles > Cars, Trucks & Vans",2016,SEDAN,GASOLINE,Automatic,Grande Motors
13351,2012 Lexus LS 460 Sunroof.Mark Levinson.Leather.Alarm.10 Airbags.,"CERTIFIED LOW KM. Alarm. Immobilizer. 10 SRS Airbags. Alcantara headlining. Leather heated/cooled seats. 2012 Lexus LS460 in white colour wi Available from Grande Motors Ltd, East Tamaki, Auckland.",in stock,used,27500.00 NZD,https://www.grandemotors.co.nz/vehicle/2012-Lexus-LS460/13351,https://www.grandemotors.co.nz/Motorcentral/VehicleData/GRA-8ef36614-24e1-4948-891e-7941f8511126-1.jpg,"https://www.grandemotors.co.nz/Motorcentral/VehicleData/GRA-8ef36614-24e1-4948-891e-7941f8511126-2.jpg,https://www.grandemotors.co.nz/Motorcentral/VehicleData/GRA-8ef36614-24e1-4948-891e-7941f8511126-3.jpg,https://www.grandemotors.co.nz/Motorcentral/VehicleData/GRA-8ef36614-24e1-4948-891e-7941f8511126-4.jpg,https://www.grandemotors.co.nz/Motorcentral/VehicleData/GRA-8ef36614-24e1-4948-891e-7941f8511126-5.jpg,https://www.grandemotors.co.nz/Motorcentral/VehicleData/GRA-8ef36614-24e1-4948-891e-7941f8511126-6.jpg,https://www.grandemotors.co.nz/Motorcentral/VehicleData/GRA-8ef36614-24e1-4948-891e-7941f8511126-7.jpg,https://www.grandemotors.co.nz/Motorcentral/VehicleData/GRA-8ef36614-24e1-4948-891e-7941f8511126-8.jpg,https://www.grandemotors.co.nz/Motorcentral/VehicleData/GRA-8ef36614-24e1-4948-891e-7941f8511126-9.jpg,https://www.grandemotors.co.nz/Motorcentral/VehicleData/GRA-8ef36614-24e1-4948-891e-7941f8511126-10.jpg,https://www.grandemotors.co.nz/Motorcentral/VehicleData/GRA-8ef36614-24e1-4948-891e-7941f8511126-11.jpg,https://www.grandemotors.co.nz/Motorcentral/VehicleData/GRA-8ef36614-24e1-4948-891e-7941f8511126-12.jpg,https://www.grandemotors.co.nz/Motorcentral/VehicleData/GRA-8ef36614-24e1-4948-891e-7941f8511126-13.jpg,https://www.grandemotors.co.nz/Motorcentral/VehicleData/GRA-8ef36614-24e1-4948-891e-7941f8511126-14.jpg,https://www.grandemotors.co.nz/Motorcentral/VehicleData/GRA-8ef36614-24e1-4948-891e-7941f8511126-15.jpg,https://www.grandemotors.co.nz/Motorcentral/VehicleData/GRA-8ef36614-24e1-4948-891e-7941f8511126-16.jpg,https://www.grandemotors.co.nz/Motorcentral/VehicleData/GRA-8ef36614-24e1-4948-891e-7941f8511126-17.jpg,https://www.grandemotors.co.nz/Motorcentral/VehicleData/GRA-8ef36614-24e1-4948-891e-7941f8511126-18.jpg,https://www.grandemotors.co.nz/Motorcentral/VehicleData/GRA-8ef36614-24e1-4948-891e-7941f8511126-19.jpg,https://www.grandemotors.co.nz/Motorcentral/VehicleData/GRA-8ef36614-24e1-4948-891e-7941f8511126-20.jpg",Lexus,"Vehicles & Parts > Vehicles > Cars, Trucks & Vans",2012,SEDAN,OTHER,Automatic,Grande Motors
12916,2013 Lexus LS 460 Mark Levinson.Leather.Cruise control.Park sens.Alarm.,"Alarm. Immobilizer. 10 SRS Airbags. Leather heated/cooled seats. Premium ""Mark Levinson"" sound system. 2013 Lexus LS460 in black colour with bl Available from Grande Motors Ltd, East Tamaki, Auckland.",in stock,used,23900.00 NZD,https://www.grandemotors.co.nz/vehicle/2013-Lexus-LS460/12916,https://www.grandemotors.co.nz/Motorcentral/VehicleData/GRA-bb064ad9-3394-4249-bcac-ab4d684568a0-1.jpg,"https://www.grandemotors.co.nz/Motorcentral/VehicleData/GRA-bb064ad9-3394-4249-bcac-ab4d684568a0-2.jpg,https://www.grandemotors.co.nz/Motorcentral/VehicleData/GRA-bb064ad9-3394-4249-bcac-ab4d684568a0-3.jpg,https://www.grandemotors.co.nz/Motorcentral/VehicleData/GRA-bb064ad9-3394-4249-bcac-ab4d684568a0-4.jpg,https://www.grandemotors.co.nz/Motorcentral/VehicleData/GRA-bb064ad9-3394-4249-bcac-ab4d684568a0-5.jpg,https://www.grandemotors.co.nz/Motorcentral/VehicleData/GRA-bb064ad9-3394-4249-bcac-ab4d684568a0-6.jpg,https://www.grandemotors.co.nz/Motorcentral/VehicleData/GRA-bb064ad9-3394-4249-bcac-ab4d684568a0-7.jpg,https://www.grandemotors.co.nz/Motorcentral/VehicleData/GRA-bb064ad9-3394-4249-bcac-ab4d684568a0-8.jpg,https://www.grandemotors.co.nz/Motorcentral/VehicleData/GRA-bb064ad9-3394-4249-bcac-ab4d684568a0-9.jpg,https://www.grandemotors.co.nz/Motorcentral/VehicleData/GRA-bb064ad9-3394-4249-bcac-ab4d684568a0-10.jpg,https://www.grandemotors.co.nz/Motorcentral/VehicleData/GRA-bb064ad9-3394-4249-bcac-ab4d684568a0-11.jpg,https://www.grandemotors.co.nz/Motorcentral/VehicleData/GRA-bb064ad9-3394-4249-bcac-ab4d684568a0-12.jpg,https://www.grandemotors.co.nz/Motorcentral/VehicleData/GRA-bb064ad9-3394-4249-bcac-ab4d684568a0-13.jpg,https://www.grandemotors.co.nz/Motorcentral/VehicleData/GRA-bb064ad9-3394-4249-bcac-ab4d684568a0-14.jpg,https://www.grandemotors.co.nz/Motorcentral/VehicleData/GRA-bb064ad9-3394-4249-bcac-ab4d684568a0-15.jpg,https://www.grandemotors.co.nz/Motorcentral/VehicleData/GRA-bb064ad9-3394-4249-bcac-ab4d684568a0-16.jpg",Lexus,"Vehicles & Parts > Vehicles > Cars, Trucks & Vans",2013,SEDAN,GASOLINE,Automatic,Grande Motors
13152,2013 Lexus LS 460 Leather.Cruise control.Park sens.Rear cam.Alarm.10 SRS Airbags.,"Alarm. Immobilizer. 10 SRS Airbags. Alcantara headlining. BSM (Blind Spot Monitoring). Leather heated/cooled electric memory seats. 2013 Lexus Available from Grande Motors Ltd, East Tamaki, Auckland.",in stock,used,25900.00 NZD,https://www.grandemotors.co.nz/vehicle/2013-Lexus-LS460/13152,https://www.grandemotors.co.nz/Motorcentral/VehicleData/GRA-0ce9f1d9-14bd-436a-801c-f1e9c723e77f-1.jpg,"https://www.grandemotors.co.nz/Motorcentral/VehicleData/GRA-0ce9f1d9-14bd-436a-801c-f1e9c723e77f-2.jpg,https://www.grandemotors.co.nz/Motorcentral/VehicleData/GRA-0ce9f1d9-14bd-436a-801c-f1e9c723e77f-3.jpg,https://www.grandemotors.co.nz/Motorcentral/VehicleData/GRA-0ce9f1d9-14bd-436a-801c-f1e9c723e77f-4.jpg,https://www.grandemotors.co.nz/Motorcentral/VehicleData/GRA-0ce9f1d9-14bd-436a-801c-f1e9c723e77f-5.jpg,https://www.grandemotors.co.nz/Motorcentral/VehicleData/GRA-0ce9f1d9-14bd-436a-801c-f1e9c723e77f-6.jpg,https://www.grandemotors.co.nz/Motorcentral/VehicleData/GRA-0ce9f1d9-14bd-436a-801c-f1e9c723e77f-7.jpg,https://www.grandemotors.co.nz/Motorcentral/VehicleData/GRA-0ce9f1d9-14bd-436a-801c-f1e9c723e77f-8.jpg,https://www.grandemotors.co.nz/Motorcentral/VehicleData/GRA-0ce9f1d9-14bd-436a-801c-f1e9c723e77f-9.jpg,https://www.grandemotors.co.nz/Motorcentral/VehicleData/GRA-0ce9f1d9-14bd-436a-801c-f1e9c723e77f-10.jpg,https://www.grandemotors.co.nz/Motorcentral/VehicleData/GRA-0ce9f1d9-14bd-436a-801c-f1e9c723e77f-11.jpg,https://www.grandemotors.co.nz/Motorcentral/VehicleData/GRA-0ce9f1d9-14bd-436a-801c-f1e9c723e77f-12.jpg,https://www.grandemotors.co.nz/Motorcentral/VehicleData/GRA-0ce9f1d9-14bd-436a-801c-f1e9c723e77f-13.jpg,https://www.grandemotors.co.nz/Motorcentral/VehicleData/GRA-0ce9f1d9-14bd-436a-801c-f1e9c723e77f-14.jpg,https://www.grandemotors.co.nz/Motorcentral/VehicleData/GRA-0ce9f1d9-14bd-436a-801c-f1e9c723e77f-15.jpg,https://www.grandemotors.co.nz/Motorcentral/VehicleData/GRA-0ce9f1d9-14bd-436a-801c-f1e9c723e77f-16.jpg,https://www.grandemotors.co.nz/Motorcentral/VehicleData/GRA-0ce9f1d9-14bd-436a-801c-f1e9c723e77f-17.jpg,https://www.grandemotors.co.nz/Motorcentral/VehicleData/GRA-0ce9f1d9-14bd-436a-801c-f1e9c723e77f-18.jpg,https://www.grandemotors.co.nz/Motorcentral/VehicleData/GRA-0ce9f1d9-14bd-436a-801c-f1e9c723e77f-19.jpg,https://www.grandemotors.co.nz/Motorcentral/VehicleData/GRA-0ce9f1d9-14bd-436a-801c-f1e9c723e77f-20.jpg",Lexus,"Vehicles & Parts > Vehicles > Cars, Trucks & Vans",2013,SEDAN,OTHER,Automatic,Grande Motors
13470,2013 Lexus LS 460 F-Sport.Leather.Blind spot.Alarm.10 Airbags.,"Alarm. Immobilizer. 10 SRS Airbags. Alcantara headlining. BSM (Blind Spot Monitoring). Leather heated/cooled seats. 2013 Lexus LS460 in Pearl Available from Grande Motors Ltd, East Tamaki, Auckland.",in stock,used,29900.00 NZD,https://www.grandemotors.co.nz/vehicle/2013-Lexus-LS460/13470,https://www.grandemotors.co.nz/Motorcentral/VehicleData/GRA-9856050d-7e0f-45d4-9986-7bd928cde148-1.jpg,"https://www.grandemotors.co.nz/Motorcentral/VehicleData/GRA-9856050d-7e0f-45d4-9986-7bd928cde148-2.jpg,https://www.grandemotors.co.nz/Motorcentral/VehicleData/GRA-9856050d-7e0f-45d4-9986-7bd928cde148-3.jpg,https://www.grandemotors.co.nz/Motorcentral/VehicleData/GRA-9856050d-7e0f-45d4-9986-7bd928cde148-4.jpg,https://www.grandemotors.co.nz/Motorcentral/VehicleData/GRA-9856050d-7e0f-45d4-9986-7bd928cde148-5.jpg,https://www.grandemotors.co.nz/Motorcentral/VehicleData/GRA-9856050d-7e0f-45d4-9986-7bd928cde148-6.jpg,https://www.grandemotors.co.nz/Motorcentral/VehicleData/GRA-9856050d-7e0f-45d4-9986-7bd928cde148-7.jpg,https://www.grandemotors.co.nz/Motorcentral/VehicleData/GRA-9856050d-7e0f-45d4-9986-7bd928cde148-8.jpg,https://www.grandemotors.co.nz/Motorcentral/VehicleData/GRA-9856050d-7e0f-45d4-9986-7bd928cde148-9.jpg,https://www.grandemotors.co.nz/Motorcentral/VehicleData/GRA-9856050d-7e0f-45d4-9986-7bd928cde148-10.jpg,https://www.grandemotors.co.nz/Motorcentral/VehicleData/GRA-9856050d-7e0f-45d4-9986-7bd928cde148-11.jpg,https://www.grandemotors.co.nz/Motorcentral/VehicleData/GRA-9856050d-7e0f-45d4-9986-7bd928cde148-12.jpg,https://www.grandemotors.co.nz/Motorcentral/VehicleData/GRA-9856050d-7e0f-45d4-9986-7bd928cde148-13.jpg,https://www.grandemotors.co.nz/Motorcentral/VehicleData/GRA-9856050d-7e0f-45d4-9986-7bd928cde148-14.jpg,https://www.grandemotors.co.nz/Motorcentral/VehicleData/GRA-9856050d-7e0f-45d4-9986-7bd928cde148-15.jpg,https://www.grandemotors.co.nz/Motorcentral/VehicleData/GRA-9856050d-7e0f-45d4-9986-7bd928cde148-16.jpg,https://www.grandemotors.co.nz/Motorcentral/VehicleData/GRA-9856050d-7e0f-45d4-9986-7bd928cde148-17.jpg,https://www.grandemotors.co.nz/Motorcentral/VehicleData/GRA-9856050d-7e0f-45d4-9986-7bd928cde148-18.jpg,https://www.grandemotors.co.nz/Motorcentral/VehicleData/GRA-9856050d-7e0f-45d4-9986-7bd928cde148-19.jpg,https://www.grandemotors.co.nz/Motorcentral/VehicleData/GRA-9856050d-7e0f-45d4-9986-7bd928cde148-20.jpg",Lexus,"Vehicles & Parts > Vehicles > Cars, Trucks & Vans",2013,SEDAN,GASOLINE,Automatic,Grande Motors
13365,2014 Lexus LS 460 Radar cruise.Leather.Alarm.Blind spot.10 Airbags.,"2014 Lexus LS 460 Sedan in White Japanese import, 4600 engine, done 103570kms,Automatic. Transit Arriving August Hold Deposit 1000$ Lexus 460 C Available from Grande Motors Ltd, East Tamaki, Auckland.",in stock,used,23800.00 NZD,https://www.grandemotors.co.nz/vehicle/2014-Lexus-LS460/13365,https://www.grandemotors.co.nz/Motorcentral/VehicleData/GRA-530555f0-43ad-4740-b6cc-382f22ce54bb-1.jpg,"https://www.grandemotors.co.nz/Motorcentral/VehicleData/GRA-530555f0-43ad-4740-b6cc-382f22ce54bb-2.jpg,https://www.grandemotors.co.nz/Motorcentral/VehicleData/GRA-530555f0-43ad-4740-b6cc-382f22ce54bb-3.jpg,https://www.grandemotors.co.nz/Motorcentral/VehicleData/GRA-530555f0-43ad-4740-b6cc-382f22ce54bb-4.jpg,https://www.grandemotors.co.nz/Motorcentral/VehicleData/GRA-530555f0-43ad-4740-b6cc-382f22ce54bb-5.jpg,https://www.grandemotors.co.nz/Motorcentral/VehicleData/GRA-530555f0-43ad-4740-b6cc-382f22ce54bb-6.jpg,https://www.grandemotors.co.nz/Motorcentral/VehicleData/GRA-530555f0-43ad-4740-b6cc-382f22ce54bb-7.jpg,https://www.grandemotors.co.nz/Motorcentral/VehicleData/GRA-530555f0-43ad-4740-b6cc-382f22ce54bb-8.jpg,https://www.grandemotors.co.nz/Motorcentral/VehicleData/GRA-530555f0-43ad-4740-b6cc-382f22ce54bb-9.jpg,https://www.grandemotors.co.nz/Motorcentral/VehicleData/GRA-530555f0-43ad-4740-b6cc-382f22ce54bb-10.jpg,https://www.grandemotors.co.nz/Motorcentral/VehicleData/GRA-530555f0-43ad-4740-b6cc-382f22ce54bb-11.jpg,https://www.grandemotors.co.nz/Motorcentral/VehicleData/GRA-530555f0-43ad-4740-b6cc-382f22ce54bb-12.jpg,https://www.grandemotors.co.nz/Motorcentral/VehicleData/GRA-530555f0-43ad-4740-b6cc-382f22ce54bb-13.jpg,https://www.grandemotors.co.nz/Motorcentral/VehicleData/GRA-530555f0-43ad-4740-b6cc-382f22ce54bb-14.jpg,https://www.grandemotors.co.nz/Motorcentral/VehicleData/GRA-530555f0-43ad-4740-b6cc-382f22ce54bb-15.jpg,https://www.grandemotors.co.nz/Motorcentral/VehicleData/GRA-530555f0-43ad-4740-b6cc-382f22ce54bb-16.jpg,https://www.grandemotors.co.nz/Motorcentral/VehicleData/GRA-530555f0-43ad-4740-b6cc-382f22ce54bb-17.jpg,https://www.grandemotors.co.nz/Motorcentral/VehicleData/GRA-530555f0-43ad-4740-b6cc-382f22ce54bb-18.jpg,https://www.grandemotors.co.nz/Motorcentral/VehicleData/GRA-530555f0-43ad-4740-b6cc-382f22ce54bb-19.jpg,https://www.grandemotors.co.nz/Motorcentral/VehicleData/GRA-530555f0-43ad-4740-b6cc-382f22ce54bb-20.jpg",Lexus,"Vehicles & Parts > Vehicles > Cars, Trucks & Vans",2014,SEDAN,GASOLINE,Automatic,Grande Motors
13405,2014 Lexus LS 460 Radar cruise.Leather.Alarm.Blind spot.10 Airbags.,"Alarm. Immobilizer. 10 SRS Airbags. Alcantara headlining. RCC (Radar Cruise Control). BSM (Blind Spot Monitoring). Leather heated/cooled seats. Available from Grande Motors Ltd, East Tamaki, Auckland.",in stock,used,26500.00 NZD,https://www.grandemotors.co.nz/vehicle/2014-Lexus-LS460/13405,https://www.grandemotors.co.nz/Motorcentral/VehicleData/GRA-720e9b40-f671-4401-96eb-d7d273f179e4-1.jpg,"https://www.grandemotors.co.nz/Motorcentral/VehicleData/GRA-720e9b40-f671-4401-96eb-d7d273f179e4-2.jpg,https://www.grandemotors.co.nz/Motorcentral/VehicleData/GRA-720e9b40-f671-4401-96eb-d7d273f179e4-3.jpg,https://www.grandemotors.co.nz/Motorcentral/VehicleData/GRA-720e9b40-f671-4401-96eb-d7d273f179e4-4.jpg,https://www.grandemotors.co.nz/Motorcentral/VehicleData/GRA-720e9b40-f671-4401-96eb-d7d273f179e4-5.jpg,https://www.grandemotors.co.nz/Motorcentral/VehicleData/GRA-720e9b40-f671-4401-96eb-d7d273f179e4-6.jpg,https://www.grandemotors.co.nz/Motorcentral/VehicleData/GRA-720e9b40-f671-4401-96eb-d7d273f179e4-7.jpg,https://www.grandemotors.co.nz/Motorcentral/VehicleData/GRA-720e9b40-f671-4401-96eb-d7d273f179e4-8.jpg,https://www.grandemotors.co.nz/Motorcentral/VehicleData/GRA-720e9b40-f671-4401-96eb-d7d273f179e4-9.jpg,https://www.grandemotors.co.nz/Motorcentral/VehicleData/GRA-720e9b40-f671-4401-96eb-d7d273f179e4-10.jpg,https://www.grandemotors.co.nz/Motorcentral/VehicleData/GRA-720e9b40-f671-4401-96eb-d7d273f179e4-11.jpg,https://www.grandemotors.co.nz/Motorcentral/VehicleData/GRA-720e9b40-f671-4401-96eb-d7d273f179e4-12.jpg,https://www.grandemotors.co.nz/Motorcentral/VehicleData/GRA-720e9b40-f671-4401-96eb-d7d273f179e4-13.jpg,https://www.grandemotors.co.nz/Motorcentral/VehicleData/GRA-720e9b40-f671-4401-96eb-d7d273f179e4-14.jpg,https://www.grandemotors.co.nz/Motorcentral/VehicleData/GRA-720e9b40-f671-4401-96eb-d7d273f179e4-15.jpg,https://www.grandemotors.co.nz/Motorcentral/VehicleData/GRA-720e9b40-f671-4401-96eb-d7d273f179e4-16.jpg,https://www.grandemotors.co.nz/Motorcentral/VehicleData/GRA-720e9b40-f671-4401-96eb-d7d273f179e4-17.jpg,https://www.grandemotors.co.nz/Motorcentral/VehicleData/GRA-720e9b40-f671-4401-96eb-d7d273f179e4-18.jpg,https://www.grandemotors.co.nz/Motorcentral/VehicleData/GRA-720e9b40-f671-4401-96eb-d7d273f179e4-19.jpg,https://www.grandemotors.co.nz/Motorcentral/VehicleData/GRA-720e9b40-f671-4401-96eb-d7d273f179e4-20.jpg",Lexus,"Vehicles & Parts > Vehicles > Cars, Trucks & Vans",2014,SEDAN,GASOLINE,Automatic,Grande Motors
13294,2015 Lexus LS 460 F-Sport.Sunroof.Leather.Radar cruise. Blind sport.Alarm.10 Airbags.,"Alarm. Immobilizer. 10 SRS Airbags. Alcantara headlining. RCC (Radar Cruise Control). BSM (Blind Spot Monitoring). Leather heated/cooled seats. Available from Grande Motors Ltd, East Tamaki, Auckland.",in stock,used,29900.00 NZD,https://www.grandemotors.co.nz/vehicle/2015-Lexus-LS460/13294,https://www.grandemotors.co.nz/Motorcentral/VehicleData/GRA-c463840c-f549-414e-b168-07192914dc8e-1.jpg,"https://www.grandemotors.co.nz/Motorcentral/VehicleData/GRA-c463840c-f549-414e-b168-07192914dc8e-2.jpg,https://www.grandemotors.co.nz/Motorcentral/VehicleData/GRA-c463840c-f549-414e-b168-07192914dc8e-3.jpg,https://www.grandemotors.co.nz/Motorcentral/VehicleData/GRA-c463840c-f549-414e-b168-07192914dc8e-4.jpg,https://www.grandemotors.co.nz/Motorcentral/VehicleData/GRA-c463840c-f549-414e-b168-07192914dc8e-5.jpg,https://www.grandemotors.co.nz/Motorcentral/VehicleData/GRA-c463840c-f549-414e-b168-07192914dc8e-6.jpg,https://www.grandemotors.co.nz/Motorcentral/VehicleData/GRA-c463840c-f549-414e-b168-07192914dc8e-7.jpg,https://www.grandemotors.co.nz/Motorcentral/VehicleData/GRA-c463840c-f549-414e-b168-07192914dc8e-8.jpg,https://www.grandemotors.co.nz/Motorcentral/VehicleData/GRA-c463840c-f549-414e-b168-07192914dc8e-9.jpg,https://www.grandemotors.co.nz/Motorcentral/VehicleData/GRA-c463840c-f549-414e-b168-07192914dc8e-10.jpg,https://www.grandemotors.co.nz/Motorcentral/VehicleData/GRA-c463840c-f549-414e-b168-07192914dc8e-11.jpg,https://www.grandemotors.co.nz/Motorcentral/VehicleData/GRA-c463840c-f549-414e-b168-07192914dc8e-12.jpg,https://www.grandemotors.co.nz/Motorcentral/VehicleData/GRA-c463840c-f549-414e-b168-07192914dc8e-13.jpg,https://www.grandemotors.co.nz/Motorcentral/VehicleData/GRA-c463840c-f549-414e-b168-07192914dc8e-14.jpg,https://www.grandemotors.co.nz/Motorcentral/VehicleData/GRA-c463840c-f549-414e-b168-07192914dc8e-15.jpg,https://www.grandemotors.co.nz/Motorcentral/VehicleData/GRA-c463840c-f549-414e-b168-07192914dc8e-16.jpg,https://www.grandemotors.co.nz/Motorcentral/VehicleData/GRA-c463840c-f549-414e-b168-07192914dc8e-17.jpg,https://www.grandemotors.co.nz/Motorcentral/VehicleData/GRA-c463840c-f549-414e-b168-07192914dc8e-18.jpg,https://www.grandemotors.co.nz/Motorcentral/VehicleData/GRA-c463840c-f549-414e-b168-07192914dc8e-19.jpg,https://www.grandemotors.co.nz/Motorcentral/VehicleData/GRA-c463840c-f549-414e-b168-07192914dc8e-20.jpg",Lexus,"Vehicles & Parts > Vehicles > Cars, Trucks & Vans",2015,SEDAN,OTHER,Automatic,Grande Motors
12627,2016 Lexus LS 460 Leather.10 Airbags.Alarm.,"Alarm. Immobilizer. 10 SRS Airbags. Leather heated/cooled seats. Alloy wheels with ""Michelin"" tires. 2016 Lexus LS460 in Pearl White colour wit Available from Grande Motors Ltd, East Tamaki, Auckland.",in stock,used,26500.00 NZD,https://www.grandemotors.co.nz/vehicle/2016-Lexus-LS460/12627,https://www.grandemotors.co.nz/Motorcentral/VehicleData/GRA-bf60c382-d5d3-4147-83ec-6ccc1d27cc0c-1.jpg,"https://www.grandemotors.co.nz/Motorcentral/VehicleData/GRA-bf60c382-d5d3-4147-83ec-6ccc1d27cc0c-2.jpg,https://www.grandemotors.co.nz/Motorcentral/VehicleData/GRA-bf60c382-d5d3-4147-83ec-6ccc1d27cc0c-3.jpg,https://www.grandemotors.co.nz/Motorcentral/VehicleData/GRA-bf60c382-d5d3-4147-83ec-6ccc1d27cc0c-4.jpg,https://www.grandemotors.co.nz/Motorcentral/VehicleData/GRA-bf60c382-d5d3-4147-83ec-6ccc1d27cc0c-5.jpg,https://www.grandemotors.co.nz/Motorcentral/VehicleData/GRA-bf60c382-d5d3-4147-83ec-6ccc1d27cc0c-6.jpg,https://www.grandemotors.co.nz/Motorcentral/VehicleData/GRA-bf60c382-d5d3-4147-83ec-6ccc1d27cc0c-7.jpg,https://www.grandemotors.co.nz/Motorcentral/VehicleData/GRA-bf60c382-d5d3-4147-83ec-6ccc1d27cc0c-8.jpg,https://www.grandemotors.co.nz/Motorcentral/VehicleData/GRA-bf60c382-d5d3-4147-83ec-6ccc1d27cc0c-9.jpg,https://www.grandemotors.co.nz/Motorcentral/VehicleData/GRA-bf60c382-d5d3-4147-83ec-6ccc1d27cc0c-10.jpg,https://www.grandemotors.co.nz/Motorcentral/VehicleData/GRA-bf60c382-d5d3-4147-83ec-6ccc1d27cc0c-11.jpg,https://www.grandemotors.co.nz/Motorcentral/VehicleData/GRA-bf60c382-d5d3-4147-83ec-6ccc1d27cc0c-12.jpg,https://www.grandemotors.co.nz/Motorcentral/VehicleData/GRA-bf60c382-d5d3-4147-83ec-6ccc1d27cc0c-13.jpg,https://www.grandemotors.co.nz/Motorcentral/VehicleData/GRA-bf60c382-d5d3-4147-83ec-6ccc1d27cc0c-14.jpg,https://www.grandemotors.co.nz/Motorcentral/VehicleData/GRA-bf60c382-d5d3-4147-83ec-6ccc1d27cc0c-15.jpg,https://www.grandemotors.co.nz/Motorcentral/VehicleData/GRA-bf60c382-d5d3-4147-83ec-6ccc1d27cc0c-16.jpg,https://www.grandemotors.co.nz/Motorcentral/VehicleData/GRA-bf60c382-d5d3-4147-83ec-6ccc1d27cc0c-17.jpg",Lexus,"Vehicles & Parts > Vehicles > Cars, Trucks & Vans",2016,SEDAN,GASOLINE,Automatic,Grande Motors
9178,2011 Lexus LS 600 Hybrid.Leather.Sunroof.Heated/cooler seats,"Alarm. Immobilizer. Electric sunroof. Engine button start. Alcantara headlining. Electric rear door curtains. Premium Lexus sound system. Alloy Available from Grande Motors Ltd, East Tamaki, Auckland.",in stock,used,17400.00 NZD,https://www.grandemotors.co.nz/vehicle/2011-Lexus-LS600/9178,https://www.grandemotors.co.nz/Motorcentral/VehicleData/GRA-eb271b19-bade-4358-88ac-98a693d11cdd-1.jpg,"https://www.grandemotors.co.nz/Motorcentral/VehicleData/GRA-eb271b19-bade-4358-88ac-98a693d11cdd-2.jpg,https://www.grandemotors.co.nz/Motorcentral/VehicleData/GRA-eb271b19-bade-4358-88ac-98a693d11cdd-3.jpg,https://www.grandemotors.co.nz/Motorcentral/VehicleData/GRA-eb271b19-bade-4358-88ac-98a693d11cdd-4.jpg,https://www.grandemotors.co.nz/Motorcentral/VehicleData/GRA-eb271b19-bade-4358-88ac-98a693d11cdd-5.jpg,https://www.grandemotors.co.nz/Motorcentral/VehicleData/GRA-eb271b19-bade-4358-88ac-98a693d11cdd-6.jpg,https://www.grandemotors.co.nz/Motorcentral/VehicleData/GRA-eb271b19-bade-4358-88ac-98a693d11cdd-7.jpg,https://www.grandemotors.co.nz/Motorcentral/VehicleData/GRA-eb271b19-bade-4358-88ac-98a693d11cdd-8.jpg,https://www.grandemotors.co.nz/Motorcentral/VehicleData/GRA-eb271b19-bade-4358-88ac-98a693d11cdd-9.jpg,https://www.grandemotors.co.nz/Motorcentral/VehicleData/GRA-eb271b19-bade-4358-88ac-98a693d11cdd-10.jpg,https://www.grandemotors.co.nz/Motorcentral/VehicleData/GRA-eb271b19-bade-4358-88ac-98a693d11cdd-11.jpg,https://www.grandemotors.co.nz/Motorcentral/VehicleData/GRA-eb271b19-bade-4358-88ac-98a693d11cdd-12.jpg,https://www.grandemotors.co.nz/Motorcentral/VehicleData/GRA-eb271b19-bade-4358-88ac-98a693d11cdd-13.jpg,https://www.grandemotors.co.nz/Motorcentral/VehicleData/GRA-eb271b19-bade-4358-88ac-98a693d11cdd-14.jpg,https://www.grandemotors.co.nz/Motorcentral/VehicleData/GRA-eb271b19-bade-4358-88ac-98a693d11cdd-15.jpg,https://www.grandemotors.co.nz/Motorcentral/VehicleData/GRA-eb271b19-bade-4358-88ac-98a693d11cdd-16.jpg,https://www.grandemotors.co.nz/Motorcentral/VehicleData/GRA-eb271b19-bade-4358-88ac-98a693d11cdd-17.jpg,https://www.grandemotors.co.nz/Motorcentral/VehicleData/GRA-eb271b19-bade-4358-88ac-98a693d11cdd-18.jpg,https://www.grandemotors.co.nz/Motorcentral/VehicleData/GRA-eb271b19-bade-4358-88ac-98a693d11cdd-19.jpg,https://www.grandemotors.co.nz/Motorcentral/VehicleData/GRA-eb271b19-bade-4358-88ac-98a693d11cdd-20.jpg",Lexus,"Vehicles & Parts > Vehicles > Cars, Trucks & Vans",2011,SEDAN,HYBRID,Automatic,Grande Motors
12865,2015 Lexus NX 300h Hybrid.Leather.Safety radar.Blind spot.360°camera.Park sensors.Alarm.,"Immobilizer. Engine button start. cruise control Leather seats Brand new tires 2015 Lexus NX 300h in black colour with brown interior. Japa Available from Grande Motors Ltd, East Tamaki, Auckland.",in stock,used,27700.00 NZD,https://www.grandemotors.co.nz/vehicle/2015-Lexus-NX300h/12865,https://www.grandemotors.co.nz/Motorcentral/VehicleData/GRA-635bcfc3-cb5b-4e82-b3d2-f334ce45293e-1.jpg,"https://www.grandemotors.co.nz/Motorcentral/VehicleData/GRA-635bcfc3-cb5b-4e82-b3d2-f334ce45293e-2.jpg,https://www.grandemotors.co.nz/Motorcentral/VehicleData/GRA-635bcfc3-cb5b-4e82-b3d2-f334ce45293e-3.jpg,https://www.grandemotors.co.nz/Motorcentral/VehicleData/GRA-635bcfc3-cb5b-4e82-b3d2-f334ce45293e-4.jpg,https://www.grandemotors.co.nz/Motorcentral/VehicleData/GRA-635bcfc3-cb5b-4e82-b3d2-f334ce45293e-5.jpg,https://www.grandemotors.co.nz/Motorcentral/VehicleData/GRA-635bcfc3-cb5b-4e82-b3d2-f334ce45293e-6.jpg,https://www.grandemotors.co.nz/Motorcentral/VehicleData/GRA-635bcfc3-cb5b-4e82-b3d2-f334ce45293e-7.jpg,https://www.grandemotors.co.nz/Motorcentral/VehicleData/GRA-635bcfc3-cb5b-4e82-b3d2-f334ce45293e-8.jpg,https://www.grandemotors.co.nz/Motorcentral/VehicleData/GRA-635bcfc3-cb5b-4e82-b3d2-f334ce45293e-9.jpg,https://www.grandemotors.co.nz/Motorcentral/VehicleData/GRA-635bcfc3-cb5b-4e82-b3d2-f334ce45293e-10.jpg,https://www.grandemotors.co.nz/Motorcentral/VehicleData/GRA-635bcfc3-cb5b-4e82-b3d2-f334ce45293e-11.jpg,https://www.grandemotors.co.nz/Motorcentral/VehicleData/GRA-635bcfc3-cb5b-4e82-b3d2-f334ce45293e-12.jpg,https://www.grandemotors.co.nz/Motorcentral/VehicleData/GRA-635bcfc3-cb5b-4e82-b3d2-f334ce45293e-13.jpg,https://www.grandemotors.co.nz/Motorcentral/VehicleData/GRA-635bcfc3-cb5b-4e82-b3d2-f334ce45293e-14.jpg,https://www.grandemotors.co.nz/Motorcentral/VehicleData/GRA-635bcfc3-cb5b-4e82-b3d2-f334ce45293e-15.jpg,https://www.grandemotors.co.nz/Motorcentral/VehicleData/GRA-635bcfc3-cb5b-4e82-b3d2-f334ce45293e-16.jpg,https://www.grandemotors.co.nz/Motorcentral/VehicleData/GRA-635bcfc3-cb5b-4e82-b3d2-f334ce45293e-17.jpg,https://www.grandemotors.co.nz/Motorcentral/VehicleData/GRA-635bcfc3-cb5b-4e82-b3d2-f334ce45293e-18.jpg",Lexus,"Vehicles & Parts > Vehicles > Cars, Trucks & Vans",2015,SUV,HYBRID,Automatic,Grande Motors
13063,2015 Lexus NX 300h Hybrid.Leather.Safety radar.Blind spot.360°camera.Park sensors.Alarm.,"Immobilizer. Parking sensors. Engine button start. Heated steering wheel. RCC (Radar Cruise Cruise). BSM (Blind Spot Monitoring). 2015 Lexus N Available from Grande Motors Ltd, East Tamaki, Auckland.",in stock,used,27400.00 NZD,https://www.grandemotors.co.nz/vehicle/2015-Lexus-NX300h/13063,https://www.grandemotors.co.nz/Motorcentral/VehicleData/GRA-adec6b76-ea7a-4e79-a1ae-e0ce8aa4a2f8-1.jpg,"https://www.grandemotors.co.nz/Motorcentral/VehicleData/GRA-adec6b76-ea7a-4e79-a1ae-e0ce8aa4a2f8-2.jpg,https://www.grandemotors.co.nz/Motorcentral/VehicleData/GRA-adec6b76-ea7a-4e79-a1ae-e0ce8aa4a2f8-3.jpg,https://www.grandemotors.co.nz/Motorcentral/VehicleData/GRA-adec6b76-ea7a-4e79-a1ae-e0ce8aa4a2f8-4.jpg,https://www.grandemotors.co.nz/Motorcentral/VehicleData/GRA-adec6b76-ea7a-4e79-a1ae-e0ce8aa4a2f8-5.jpg,https://www.grandemotors.co.nz/Motorcentral/VehicleData/GRA-adec6b76-ea7a-4e79-a1ae-e0ce8aa4a2f8-6.jpg,https://www.grandemotors.co.nz/Motorcentral/VehicleData/GRA-adec6b76-ea7a-4e79-a1ae-e0ce8aa4a2f8-7.jpg,https://www.grandemotors.co.nz/Motorcentral/VehicleData/GRA-adec6b76-ea7a-4e79-a1ae-e0ce8aa4a2f8-8.jpg,https://www.grandemotors.co.nz/Motorcentral/VehicleData/GRA-adec6b76-ea7a-4e79-a1ae-e0ce8aa4a2f8-9.jpg,https://www.grandemotors.co.nz/Motorcentral/VehicleData/GRA-adec6b76-ea7a-4e79-a1ae-e0ce8aa4a2f8-10.jpg,https://www.grandemotors.co.nz/Motorcentral/VehicleData/GRA-adec6b76-ea7a-4e79-a1ae-e0ce8aa4a2f8-11.jpg,https://www.grandemotors.co.nz/Motorcentral/VehicleData/GRA-adec6b76-ea7a-4e79-a1ae-e0ce8aa4a2f8-12.jpg,https://www.grandemotors.co.nz/Motorcentral/VehicleData/GRA-adec6b76-ea7a-4e79-a1ae-e0ce8aa4a2f8-13.jpg,https://www.grandemotors.co.nz/Motorcentral/VehicleData/GRA-adec6b76-ea7a-4e79-a1ae-e0ce8aa4a2f8-14.jpg,https://www.grandemotors.co.nz/Motorcentral/VehicleData/GRA-adec6b76-ea7a-4e79-a1ae-e0ce8aa4a2f8-15.jpg,https://www.grandemotors.co.nz/Motorcentral/VehicleData/GRA-adec6b76-ea7a-4e79-a1ae-e0ce8aa4a2f8-16.jpg,https://www.grandemotors.co.nz/Motorcentral/VehicleData/GRA-adec6b76-ea7a-4e79-a1ae-e0ce8aa4a2f8-17.jpg,https://www.grandemotors.co.nz/Motorcentral/VehicleData/GRA-adec6b76-ea7a-4e79-a1ae-e0ce8aa4a2f8-18.jpg,https://www.grandemotors.co.nz/Motorcentral/VehicleData/GRA-adec6b76-ea7a-4e79-a1ae-e0ce8aa4a2f8-19.jpg",Lexus,"Vehicles & Parts > Vehicles > Cars, Trucks & Vans",2015,SUV,HYBRID,Automatic,Grande Motors
13118,2015 Lexus NX 300h 4WD Leather Hybrid,"Immobilizer. Parking sensors. Engine button start. Heated steering wheel. RCC (Radar Cruise Cruise). 2015 Lexus NX 300h L in Pearl White colour Available from Grande Motors Ltd, East Tamaki, Auckland.",in stock,used,31500.00 NZD,https://www.grandemotors.co.nz/vehicle/2015-Lexus-NX300h/13118,https://www.grandemotors.co.nz/Motorcentral/VehicleData/GRA-d034b7bd-2591-4234-a92d-5cc13c8ec331-1.jpg,"https://www.grandemotors.co.nz/Motorcentral/VehicleData/GRA-d034b7bd-2591-4234-a92d-5cc13c8ec331-2.jpg,https://www.grandemotors.co.nz/Motorcentral/VehicleData/GRA-d034b7bd-2591-4234-a92d-5cc13c8ec331-3.jpg,https://www.grandemotors.co.nz/Motorcentral/VehicleData/GRA-d034b7bd-2591-4234-a92d-5cc13c8ec331-4.jpg,https://www.grandemotors.co.nz/Motorcentral/VehicleData/GRA-d034b7bd-2591-4234-a92d-5cc13c8ec331-5.jpg,https://www.grandemotors.co.nz/Motorcentral/VehicleData/GRA-d034b7bd-2591-4234-a92d-5cc13c8ec331-6.jpg,https://www.grandemotors.co.nz/Motorcentral/VehicleData/GRA-d034b7bd-2591-4234-a92d-5cc13c8ec331-7.jpg,https://www.grandemotors.co.nz/Motorcentral/VehicleData/GRA-d034b7bd-2591-4234-a92d-5cc13c8ec331-8.jpg,https://www.grandemotors.co.nz/Motorcentral/VehicleData/GRA-d034b7bd-2591-4234-a92d-5cc13c8ec331-9.jpg,https://www.grandemotors.co.nz/Motorcentral/VehicleData/GRA-d034b7bd-2591-4234-a92d-5cc13c8ec331-10.jpg,https://www.grandemotors.co.nz/Motorcentral/VehicleData/GRA-d034b7bd-2591-4234-a92d-5cc13c8ec331-11.jpg,https://www.grandemotors.co.nz/Motorcentral/VehicleData/GRA-d034b7bd-2591-4234-a92d-5cc13c8ec331-12.jpg,https://www.grandemotors.co.nz/Motorcentral/VehicleData/GRA-d034b7bd-2591-4234-a92d-5cc13c8ec331-13.jpg,https://www.grandemotors.co.nz/Motorcentral/VehicleData/GRA-d034b7bd-2591-4234-a92d-5cc13c8ec331-14.jpg,https://www.grandemotors.co.nz/Motorcentral/VehicleData/GRA-d034b7bd-2591-4234-a92d-5cc13c8ec331-15.jpg,https://www.grandemotors.co.nz/Motorcentral/VehicleData/GRA-d034b7bd-2591-4234-a92d-5cc13c8ec331-16.jpg,https://www.grandemotors.co.nz/Motorcentral/VehicleData/GRA-d034b7bd-2591-4234-a92d-5cc13c8ec331-17.jpg,https://www.grandemotors.co.nz/Motorcentral/VehicleData/GRA-d034b7bd-2591-4234-a92d-5cc13c8ec331-18.jpg,https://www.grandemotors.co.nz/Motorcentral/VehicleData/GRA-d034b7bd-2591-4234-a92d-5cc13c8ec331-19.jpg",Lexus,"Vehicles & Parts > Vehicles > Cars, Trucks & Vans",2015,SUV,HYBRID,Automatic,Grande Motors
12207,2016 Lexus NX 300h Hybrid.Leather.Safety radar.Radar cruise.Alarm.10 Airbags.,"Immobilizer. Engine button start. Heated steering wheel. RCC (Radar Cruise Cruise). Electric front and rear seats. Alloy wheels with ""Michelin"" t Available from Grande Motors Ltd, East Tamaki, Auckland.",in stock,used,28900.00 NZD,https://www.grandemotors.co.nz/vehicle/2016-Lexus-NX300h/12207,https://www.grandemotors.co.nz/Motorcentral/VehicleData/GRA-4ee6e457-d491-45d3-921b-16df8c09deda-1.jpg,"https://www.grandemotors.co.nz/Motorcentral/VehicleData/GRA-4ee6e457-d491-45d3-921b-16df8c09deda-2.jpg,https://www.grandemotors.co.nz/Motorcentral/VehicleData/GRA-4ee6e457-d491-45d3-921b-16df8c09deda-3.jpg,https://www.grandemotors.co.nz/Motorcentral/VehicleData/GRA-4ee6e457-d491-45d3-921b-16df8c09deda-4.jpg,https://www.grandemotors.co.nz/Motorcentral/VehicleData/GRA-4ee6e457-d491-45d3-921b-16df8c09deda-5.jpg,https://www.grandemotors.co.nz/Motorcentral/VehicleData/GRA-4ee6e457-d491-45d3-921b-16df8c09deda-6.jpg,https://www.grandemotors.co.nz/Motorcentral/VehicleData/GRA-4ee6e457-d491-45d3-921b-16df8c09deda-7.jpg,https://www.grandemotors.co.nz/Motorcentral/VehicleData/GRA-4ee6e457-d491-45d3-921b-16df8c09deda-8.jpg,https://www.grandemotors.co.nz/Motorcentral/VehicleData/GRA-4ee6e457-d491-45d3-921b-16df8c09deda-9.jpg,https://www.grandemotors.co.nz/Motorcentral/VehicleData/GRA-4ee6e457-d491-45d3-921b-16df8c09deda-10.jpg,https://www.grandemotors.co.nz/Motorcentral/VehicleData/GRA-4ee6e457-d491-45d3-921b-16df8c09deda-11.jpg,https://www.grandemotors.co.nz/Motorcentral/VehicleData/GRA-4ee6e457-d491-45d3-921b-16df8c09deda-12.jpg,https://www.grandemotors.co.nz/Motorcentral/VehicleData/GRA-4ee6e457-d491-45d3-921b-16df8c09deda-13.jpg,https://www.grandemotors.co.nz/Motorcentral/VehicleData/GRA-4ee6e457-d491-45d3-921b-16df8c09deda-14.jpg,https://www.grandemotors.co.nz/Motorcentral/VehicleData/GRA-4ee6e457-d491-45d3-921b-16df8c09deda-15.jpg,https://www.grandemotors.co.nz/Motorcentral/VehicleData/GRA-4ee6e457-d491-45d3-921b-16df8c09deda-16.jpg,https://www.grandemotors.co.nz/Motorcentral/VehicleData/GRA-4ee6e457-d491-45d3-921b-16df8c09deda-17.jpg,https://www.grandemotors.co.nz/Motorcentral/VehicleData/GRA-4ee6e457-d491-45d3-921b-16df8c09deda-18.jpg,https://www.grandemotors.co.nz/Motorcentral/VehicleData/GRA-4ee6e457-d491-45d3-921b-16df8c09deda-19.jpg",Lexus,"Vehicles & Parts > Vehicles > Cars, Trucks & Vans",2016,SUV,HYBRID,Automatic,Grande Motors
12903,2016 Lexus NX 300h Hybrid.Leather.Android/AppleCarPlay.Safety radar.Lane assist.Park sensors.Alarm.,"JAPANESE AUCTION GRADE 4,5. Immobilizer. Engine button start. Heated steering wheel. RCC (Radar Cruise Cruise). Android/Apple CarPlay audio. A Available from Grande Motors Ltd, East Tamaki, Auckland.",in stock,used,29900.00 NZD,https://www.grandemotors.co.nz/vehicle/2016-Lexus-NX300h/12903,https://www.grandemotors.co.nz/Motorcentral/VehicleData/GRA-e538c3de-5c74-42bf-b3ea-5a2c16772b18-1.jpg,"https://www.grandemotors.co.nz/Motorcentral/VehicleData/GRA-e538c3de-5c74-42bf-b3ea-5a2c16772b18-2.jpg,https://www.grandemotors.co.nz/Motorcentral/VehicleData/GRA-e538c3de-5c74-42bf-b3ea-5a2c16772b18-3.jpg,https://www.grandemotors.co.nz/Motorcentral/VehicleData/GRA-e538c3de-5c74-42bf-b3ea-5a2c16772b18-4.jpg,https://www.grandemotors.co.nz/Motorcentral/VehicleData/GRA-e538c3de-5c74-42bf-b3ea-5a2c16772b18-5.jpg,https://www.grandemotors.co.nz/Motorcentral/VehicleData/GRA-e538c3de-5c74-42bf-b3ea-5a2c16772b18-6.jpg,https://www.grandemotors.co.nz/Motorcentral/VehicleData/GRA-e538c3de-5c74-42bf-b3ea-5a2c16772b18-7.jpg,https://www.grandemotors.co.nz/Motorcentral/VehicleData/GRA-e538c3de-5c74-42bf-b3ea-5a2c16772b18-8.jpg,https://www.grandemotors.co.nz/Motorcentral/VehicleData/GRA-e538c3de-5c74-42bf-b3ea-5a2c16772b18-9.jpg,https://www.grandemotors.co.nz/Motorcentral/VehicleData/GRA-e538c3de-5c74-42bf-b3ea-5a2c16772b18-10.jpg,https://www.grandemotors.co.nz/Motorcentral/VehicleData/GRA-e538c3de-5c74-42bf-b3ea-5a2c16772b18-11.jpg,https://www.grandemotors.co.nz/Motorcentral/VehicleData/GRA-e538c3de-5c74-42bf-b3ea-5a2c16772b18-12.jpg,https://www.grandemotors.co.nz/Motorcentral/VehicleData/GRA-e538c3de-5c74-42bf-b3ea-5a2c16772b18-13.jpg,https://www.grandemotors.co.nz/Motorcentral/VehicleData/GRA-e538c3de-5c74-42bf-b3ea-5a2c16772b18-14.jpg,https://www.grandemotors.co.nz/Motorcentral/VehicleData/GRA-e538c3de-5c74-42bf-b3ea-5a2c16772b18-15.jpg,https://www.grandemotors.co.nz/Motorcentral/VehicleData/GRA-e538c3de-5c74-42bf-b3ea-5a2c16772b18-16.jpg,https://www.grandemotors.co.nz/Motorcentral/VehicleData/GRA-e538c3de-5c74-42bf-b3ea-5a2c16772b18-17.jpg,https://www.grandemotors.co.nz/Motorcentral/VehicleData/GRA-e538c3de-5c74-42bf-b3ea-5a2c16772b18-18.jpg,https://www.grandemotors.co.nz/Motorcentral/VehicleData/GRA-e538c3de-5c74-42bf-b3ea-5a2c16772b18-19.jpg,https://www.grandemotors.co.nz/Motorcentral/VehicleData/GRA-e538c3de-5c74-42bf-b3ea-5a2c16772b18-20.jpg",Lexus,"Vehicles & Parts > Vehicles > Cars, Trucks & Vans",2016,SUV,HYBRID,Automatic,Grande Motors
13617,"2015 Lexus RC300h 4,5 Grade.Leather.Alarm.Radar cruise.10 SRS Airbags.","2015 Lexus RC300h Coupe in BRONZE Japanese import, 2500 engine, done 78500kms,Automatic. Transit ,Hybrid 300H Auction Grade 4,5 Hold deposit 1 Available from Grande Motors Ltd, East Tamaki, Auckland.",in stock,used,27800.00 NZD,https://www.grandemotors.co.nz/vehicle/2015-Lexus-RC300h/13617,https://www.grandemotors.co.nz/Motorcentral/VehicleData/GRA-b78f4986-c3e7-4cd3-bed9-f6c06863c7e6-1.jpg,"https://www.grandemotors.co.nz/Motorcentral/VehicleData/GRA-b78f4986-c3e7-4cd3-bed9-f6c06863c7e6-2.jpg,https://www.grandemotors.co.nz/Motorcentral/VehicleData/GRA-b78f4986-c3e7-4cd3-bed9-f6c06863c7e6-3.jpg,https://www.grandemotors.co.nz/Motorcentral/VehicleData/GRA-b78f4986-c3e7-4cd3-bed9-f6c06863c7e6-4.jpg,https://www.grandemotors.co.nz/Motorcentral/VehicleData/GRA-b78f4986-c3e7-4cd3-bed9-f6c06863c7e6-5.jpg,https://www.grandemotors.co.nz/Motorcentral/VehicleData/GRA-b78f4986-c3e7-4cd3-bed9-f6c06863c7e6-6.jpg,https://www.grandemotors.co.nz/Motorcentral/VehicleData/GRA-b78f4986-c3e7-4cd3-bed9-f6c06863c7e6-7.jpg,https://www.grandemotors.co.nz/Motorcentral/VehicleData/GRA-b78f4986-c3e7-4cd3-bed9-f6c06863c7e6-8.jpg,https://www.grandemotors.co.nz/Motorcentral/VehicleData/GRA-b78f4986-c3e7-4cd3-bed9-f6c06863c7e6-9.jpg,https://www.grandemotors.co.nz/Motorcentral/VehicleData/GRA-b78f4986-c3e7-4cd3-bed9-f6c06863c7e6-10.jpg,https://www.grandemotors.co.nz/Motorcentral/VehicleData/GRA-b78f4986-c3e7-4cd3-bed9-f6c06863c7e6-11.jpg,https://www.grandemotors.co.nz/Motorcentral/VehicleData/GRA-b78f4986-c3e7-4cd3-bed9-f6c06863c7e6-12.jpg",Lexus,"Vehicles & Parts > Vehicles > Cars, Trucks & Vans",2015,COUPE,OTHER,Automatic,Grande Motors
12719,2015 Lexus RC 350 F-sport.Alarm.Radar cruise.Leather.SRS Airbags.,"Alarm. Immobilizer. RCC (Radar Cruise Control). Leather heated/cooled seats. 2015 Lexus RC 350 F-Sport in Silver Metallic colour with leather se Available from Grande Motors Ltd, East Tamaki, Auckland.",in stock,used,32900.00 NZD,https://www.grandemotors.co.nz/vehicle/2015-Lexus-RC350/12719,https://www.grandemotors.co.nz/Motorcentral/VehicleData/GRA-94f241dc-445c-4434-b649-c2f2e5f517c8-1.jpg,"https://www.grandemotors.co.nz/Motorcentral/VehicleData/GRA-94f241dc-445c-4434-b649-c2f2e5f517c8-2.jpg,https://www.grandemotors.co.nz/Motorcentral/VehicleData/GRA-94f241dc-445c-4434-b649-c2f2e5f517c8-3.jpg,https://www.grandemotors.co.nz/Motorcentral/VehicleData/GRA-94f241dc-445c-4434-b649-c2f2e5f517c8-4.jpg,https://www.grandemotors.co.nz/Motorcentral/VehicleData/GRA-94f241dc-445c-4434-b649-c2f2e5f517c8-5.jpg,https://www.grandemotors.co.nz/Motorcentral/VehicleData/GRA-94f241dc-445c-4434-b649-c2f2e5f517c8-6.jpg,https://www.grandemotors.co.nz/Motorcentral/VehicleData/GRA-94f241dc-445c-4434-b649-c2f2e5f517c8-7.jpg,https://www.grandemotors.co.nz/Motorcentral/VehicleData/GRA-94f241dc-445c-4434-b649-c2f2e5f517c8-8.jpg,https://www.grandemotors.co.nz/Motorcentral/VehicleData/GRA-94f241dc-445c-4434-b649-c2f2e5f517c8-9.jpg,https://www.grandemotors.co.nz/Motorcentral/VehicleData/GRA-94f241dc-445c-4434-b649-c2f2e5f517c8-10.jpg,https://www.grandemotors.co.nz/Motorcentral/VehicleData/GRA-94f241dc-445c-4434-b649-c2f2e5f517c8-11.jpg,https://www.grandemotors.co.nz/Motorcentral/VehicleData/GRA-94f241dc-445c-4434-b649-c2f2e5f517c8-12.jpg,https://www.grandemotors.co.nz/Motorcentral/VehicleData/GRA-94f241dc-445c-4434-b649-c2f2e5f517c8-13.jpg,https://www.grandemotors.co.nz/Motorcentral/VehicleData/GRA-94f241dc-445c-4434-b649-c2f2e5f517c8-14.jpg,https://www.grandemotors.co.nz/Motorcentral/VehicleData/GRA-94f241dc-445c-4434-b649-c2f2e5f517c8-15.jpg,https://www.grandemotors.co.nz/Motorcentral/VehicleData/GRA-94f241dc-445c-4434-b649-c2f2e5f517c8-16.jpg,https://www.grandemotors.co.nz/Motorcentral/VehicleData/GRA-94f241dc-445c-4434-b649-c2f2e5f517c8-17.jpg,https://www.grandemotors.co.nz/Motorcentral/VehicleData/GRA-94f241dc-445c-4434-b649-c2f2e5f517c8-18.jpg",Lexus,"Vehicles & Parts > Vehicles > Cars, Trucks & Vans",2015,COUPE,GASOLINE,Automatic,Grande Motors
12924,"2014 Lexus RX 270 LOW km 4,5 Grade","Alarm. Immobilizer. 10 SRS Airbags. Electric tailgate 2014 Lexus RX 270 in silver colour with black interior. Japanese import, smooth 2700c Available from Grande Motors Ltd, East Tamaki, Auckland.",in stock,used,25300.00 NZD,https://www.grandemotors.co.nz/vehicle/2014-Lexus-RX270/12924,https://www.grandemotors.co.nz/Motorcentral/VehicleData/GRA-78f06865-6ea9-4bb9-b17c-79ffd1e7079b-1.jpg,"https://www.grandemotors.co.nz/Motorcentral/VehicleData/GRA-78f06865-6ea9-4bb9-b17c-79ffd1e7079b-2.jpg,https://www.grandemotors.co.nz/Motorcentral/VehicleData/GRA-78f06865-6ea9-4bb9-b17c-79ffd1e7079b-3.jpg,https://www.grandemotors.co.nz/Motorcentral/VehicleData/GRA-78f06865-6ea9-4bb9-b17c-79ffd1e7079b-4.jpg,https://www.grandemotors.co.nz/Motorcentral/VehicleData/GRA-78f06865-6ea9-4bb9-b17c-79ffd1e7079b-5.jpg,https://www.grandemotors.co.nz/Motorcentral/VehicleData/GRA-78f06865-6ea9-4bb9-b17c-79ffd1e7079b-6.jpg,https://www.grandemotors.co.nz/Motorcentral/VehicleData/GRA-78f06865-6ea9-4bb9-b17c-79ffd1e7079b-7.jpg,https://www.grandemotors.co.nz/Motorcentral/VehicleData/GRA-78f06865-6ea9-4bb9-b17c-79ffd1e7079b-8.jpg,https://www.grandemotors.co.nz/Motorcentral/VehicleData/GRA-78f06865-6ea9-4bb9-b17c-79ffd1e7079b-9.jpg,https://www.grandemotors.co.nz/Motorcentral/VehicleData/GRA-78f06865-6ea9-4bb9-b17c-79ffd1e7079b-10.jpg,https://www.grandemotors.co.nz/Motorcentral/VehicleData/GRA-78f06865-6ea9-4bb9-b17c-79ffd1e7079b-11.jpg,https://www.grandemotors.co.nz/Motorcentral/VehicleData/GRA-78f06865-6ea9-4bb9-b17c-79ffd1e7079b-12.jpg,https://www.grandemotors.co.nz/Motorcentral/VehicleData/GRA-78f06865-6ea9-4bb9-b17c-79ffd1e7079b-13.jpg,https://www.grandemotors.co.nz/Motorcentral/VehicleData/GRA-78f06865-6ea9-4bb9-b17c-79ffd1e7079b-14.jpg,https://www.grandemotors.co.nz/Motorcentral/VehicleData/GRA-78f06865-6ea9-4bb9-b17c-79ffd1e7079b-15.jpg,https://www.grandemotors.co.nz/Motorcentral/VehicleData/GRA-78f06865-6ea9-4bb9-b17c-79ffd1e7079b-16.jpg,https://www.grandemotors.co.nz/Motorcentral/VehicleData/GRA-78f06865-6ea9-4bb9-b17c-79ffd1e7079b-17.jpg,https://www.grandemotors.co.nz/Motorcentral/VehicleData/GRA-78f06865-6ea9-4bb9-b17c-79ffd1e7079b-18.jpg",Lexus,"Vehicles & Parts > Vehicles > Cars, Trucks & Vans",2014,SUV,OTHER,Automatic,Grande Motors
12836,2012 Lexus RX 450h Hybrid.Leather.Cruise control.Alarm.10 Airbags.,"Alarm. Immobilizer. 10 SRS Airbags. 2012 Lexus RX 450h in black colour with leather seats. Japanese import, smooth V6 3500cc chain driven hyb Available from Grande Motors Ltd, East Tamaki, Auckland.",in stock,used,24900.00 NZD,https://www.grandemotors.co.nz/vehicle/2012-Lexus-RX450h/12836,https://www.grandemotors.co.nz/Motorcentral/VehicleData/GRA-51430996-7733-4026-9364-634ac226495b-1.jpg,"https://www.grandemotors.co.nz/Motorcentral/VehicleData/GRA-51430996-7733-4026-9364-634ac226495b-2.jpg,https://www.grandemotors.co.nz/Motorcentral/VehicleData/GRA-51430996-7733-4026-9364-634ac226495b-3.jpg,https://www.grandemotors.co.nz/Motorcentral/VehicleData/GRA-51430996-7733-4026-9364-634ac226495b-4.jpg,https://www.grandemotors.co.nz/Motorcentral/VehicleData/GRA-51430996-7733-4026-9364-634ac226495b-5.jpg,https://www.grandemotors.co.nz/Motorcentral/VehicleData/GRA-51430996-7733-4026-9364-634ac226495b-6.jpg,https://www.grandemotors.co.nz/Motorcentral/VehicleData/GRA-51430996-7733-4026-9364-634ac226495b-7.jpg,https://www.grandemotors.co.nz/Motorcentral/VehicleData/GRA-51430996-7733-4026-9364-634ac226495b-8.jpg,https://www.grandemotors.co.nz/Motorcentral/VehicleData/GRA-51430996-7733-4026-9364-634ac226495b-9.jpg,https://www.grandemotors.co.nz/Motorcentral/VehicleData/GRA-51430996-7733-4026-9364-634ac226495b-10.jpg,https://www.grandemotors.co.nz/Motorcentral/VehicleData/GRA-51430996-7733-4026-9364-634ac226495b-11.jpg,https://www.grandemotors.co.nz/Motorcentral/VehicleData/GRA-51430996-7733-4026-9364-634ac226495b-12.jpg,https://www.grandemotors.co.nz/Motorcentral/VehicleData/GRA-51430996-7733-4026-9364-634ac226495b-13.jpg,https://www.grandemotors.co.nz/Motorcentral/VehicleData/GRA-51430996-7733-4026-9364-634ac226495b-14.jpg,https://www.grandemotors.co.nz/Motorcentral/VehicleData/GRA-51430996-7733-4026-9364-634ac226495b-15.jpg,https://www.grandemotors.co.nz/Motorcentral/VehicleData/GRA-51430996-7733-4026-9364-634ac226495b-16.jpg,https://www.grandemotors.co.nz/Motorcentral/VehicleData/GRA-51430996-7733-4026-9364-634ac226495b-17.jpg,https://www.grandemotors.co.nz/Motorcentral/VehicleData/GRA-51430996-7733-4026-9364-634ac226495b-18.jpg,https://www.grandemotors.co.nz/Motorcentral/VehicleData/GRA-51430996-7733-4026-9364-634ac226495b-19.jpg,https://www.grandemotors.co.nz/Motorcentral/VehicleData/GRA-51430996-7733-4026-9364-634ac226495b-20.jpg",Lexus,"Vehicles & Parts > Vehicles > Cars, Trucks & Vans",2012,SUV,HYBRID,Automatic,Grande Motors
12900,2012 Lexus RX 450h Hybrid.Leather.Cruise control.,"Alarm. Immobilizer. 10 SRS Airbags. HUD (Head Up Display). 2012 Lexus RX 450h in silver colour with leather interior. Japanese import, smoot Available from Grande Motors Ltd, East Tamaki, Auckland.",in stock,used,26500.00 NZD,https://www.grandemotors.co.nz/vehicle/2012-Lexus-RX450h/12900,https://www.grandemotors.co.nz/Motorcentral/VehicleData/GRA-cfd06e20-e4ab-4f58-ab16-de2f2ffbf4f5-1.jpg,"https://www.grandemotors.co.nz/Motorcentral/VehicleData/GRA-cfd06e20-e4ab-4f58-ab16-de2f2ffbf4f5-2.jpg,https://www.grandemotors.co.nz/Motorcentral/VehicleData/GRA-cfd06e20-e4ab-4f58-ab16-de2f2ffbf4f5-3.jpg,https://www.grandemotors.co.nz/Motorcentral/VehicleData/GRA-cfd06e20-e4ab-4f58-ab16-de2f2ffbf4f5-4.jpg,https://www.grandemotors.co.nz/Motorcentral/VehicleData/GRA-cfd06e20-e4ab-4f58-ab16-de2f2ffbf4f5-5.jpg,https://www.grandemotors.co.nz/Motorcentral/VehicleData/GRA-cfd06e20-e4ab-4f58-ab16-de2f2ffbf4f5-6.jpg,https://www.grandemotors.co.nz/Motorcentral/VehicleData/GRA-cfd06e20-e4ab-4f58-ab16-de2f2ffbf4f5-7.jpg,https://www.grandemotors.co.nz/Motorcentral/VehicleData/GRA-cfd06e20-e4ab-4f58-ab16-de2f2ffbf4f5-8.jpg,https://www.grandemotors.co.nz/Motorcentral/VehicleData/GRA-cfd06e20-e4ab-4f58-ab16-de2f2ffbf4f5-9.jpg,https://www.grandemotors.co.nz/Motorcentral/VehicleData/GRA-cfd06e20-e4ab-4f58-ab16-de2f2ffbf4f5-10.jpg,https://www.grandemotors.co.nz/Motorcentral/VehicleData/GRA-cfd06e20-e4ab-4f58-ab16-de2f2ffbf4f5-11.jpg,https://www.grandemotors.co.nz/Motorcentral/VehicleData/GRA-cfd06e20-e4ab-4f58-ab16-de2f2ffbf4f5-12.jpg,https://www.grandemotors.co.nz/Motorcentral/VehicleData/GRA-cfd06e20-e4ab-4f58-ab16-de2f2ffbf4f5-13.jpg,https://www.grandemotors.co.nz/Motorcentral/VehicleData/GRA-cfd06e20-e4ab-4f58-ab16-de2f2ffbf4f5-14.jpg,https://www.grandemotors.co.nz/Motorcentral/VehicleData/GRA-cfd06e20-e4ab-4f58-ab16-de2f2ffbf4f5-15.jpg,https://www.grandemotors.co.nz/Motorcentral/VehicleData/GRA-cfd06e20-e4ab-4f58-ab16-de2f2ffbf4f5-16.jpg,https://www.grandemotors.co.nz/Motorcentral/VehicleData/GRA-cfd06e20-e4ab-4f58-ab16-de2f2ffbf4f5-17.jpg,https://www.grandemotors.co.nz/Motorcentral/VehicleData/GRA-cfd06e20-e4ab-4f58-ab16-de2f2ffbf4f5-18.jpg,https://www.grandemotors.co.nz/Motorcentral/VehicleData/GRA-cfd06e20-e4ab-4f58-ab16-de2f2ffbf4f5-19.jpg",Lexus,"Vehicles & Parts > Vehicles > Cars, Trucks & Vans",2012,SUV,HYBRID,Automatic,Grande Motors
12398,2013 Lexus RX 450h Hybrid.HUD.Leather.Rear camera.Radar cruise.Park sensors.Alarm.,"Alarm. Immobilizer. 12 SRS Airbags. HUD (Head Up Display). RCC (Radar Cruise Control). Electric leather heated/cooled seats. 2013 Lexus RX 450 Available from Grande Motors Ltd, East Tamaki, Auckland.",in stock,used,21890.00 NZD,https://www.grandemotors.co.nz/vehicle/2013-Lexus-RX450h/12398,https://www.grandemotors.co.nz/Motorcentral/VehicleData/GRA-8a68fb92-fedb-4176-9709-618d03ebf3ef-1.jpg,"https://www.grandemotors.co.nz/Motorcentral/VehicleData/GRA-8a68fb92-fedb-4176-9709-618d03ebf3ef-2.jpg,https://www.grandemotors.co.nz/Motorcentral/VehicleData/GRA-8a68fb92-fedb-4176-9709-618d03ebf3ef-3.jpg,https://www.grandemotors.co.nz/Motorcentral/VehicleData/GRA-8a68fb92-fedb-4176-9709-618d03ebf3ef-4.jpg,https://www.grandemotors.co.nz/Motorcentral/VehicleData/GRA-8a68fb92-fedb-4176-9709-618d03ebf3ef-5.jpg,https://www.grandemotors.co.nz/Motorcentral/VehicleData/GRA-8a68fb92-fedb-4176-9709-618d03ebf3ef-6.jpg,https://www.grandemotors.co.nz/Motorcentral/VehicleData/GRA-8a68fb92-fedb-4176-9709-618d03ebf3ef-7.jpg,https://www.grandemotors.co.nz/Motorcentral/VehicleData/GRA-8a68fb92-fedb-4176-9709-618d03ebf3ef-8.jpg,https://www.grandemotors.co.nz/Motorcentral/VehicleData/GRA-8a68fb92-fedb-4176-9709-618d03ebf3ef-9.jpg,https://www.grandemotors.co.nz/Motorcentral/VehicleData/GRA-8a68fb92-fedb-4176-9709-618d03ebf3ef-10.jpg,https://www.grandemotors.co.nz/Motorcentral/VehicleData/GRA-8a68fb92-fedb-4176-9709-618d03ebf3ef-11.jpg,https://www.grandemotors.co.nz/Motorcentral/VehicleData/GRA-8a68fb92-fedb-4176-9709-618d03ebf3ef-12.jpg,https://www.grandemotors.co.nz/Motorcentral/VehicleData/GRA-8a68fb92-fedb-4176-9709-618d03ebf3ef-13.jpg,https://www.grandemotors.co.nz/Motorcentral/VehicleData/GRA-8a68fb92-fedb-4176-9709-618d03ebf3ef-14.jpg,https://www.grandemotors.co.nz/Motorcentral/VehicleData/GRA-8a68fb92-fedb-4176-9709-618d03ebf3ef-15.jpg,https://www.grandemotors.co.nz/Motorcentral/VehicleData/GRA-8a68fb92-fedb-4176-9709-618d03ebf3ef-16.jpg,https://www.grandemotors.co.nz/Motorcentral/VehicleData/GRA-8a68fb92-fedb-4176-9709-618d03ebf3ef-17.jpg,https://www.grandemotors.co.nz/Motorcentral/VehicleData/GRA-8a68fb92-fedb-4176-9709-618d03ebf3ef-18.jpg,https://www.grandemotors.co.nz/Motorcentral/VehicleData/GRA-8a68fb92-fedb-4176-9709-618d03ebf3ef-19.jpg,https://www.grandemotors.co.nz/Motorcentral/VehicleData/GRA-8a68fb92-fedb-4176-9709-618d03ebf3ef-20.jpg",Lexus,"Vehicles & Parts > Vehicles > Cars, Trucks & Vans",2013,SUV,HYBRID,Automatic,Grande Motors
12500,2013 Lexus RX 450h Hybrid.HUD.Leather.Rear camera.Radar cruise.Park sensors.Alarm.,"Certified LOW KM odometer. Alarm. Immobilizer. 10 SRS Airbags. HUD (Head Up Display). 2013 Lexus RX 450h in black colour with leather seats. Available from Grande Motors Ltd, East Tamaki, Auckland.",in stock,used,26500.00 NZD,https://www.grandemotors.co.nz/vehicle/2013-Lexus-RX450h/12500,https://www.grandemotors.co.nz/Motorcentral/VehicleData/GRA-365ff12b-b9d7-47c5-bf70-fe0b7270e43f-1.jpg,"https://www.grandemotors.co.nz/Motorcentral/VehicleData/GRA-365ff12b-b9d7-47c5-bf70-fe0b7270e43f-2.jpg,https://www.grandemotors.co.nz/Motorcentral/VehicleData/GRA-365ff12b-b9d7-47c5-bf70-fe0b7270e43f-3.jpg,https://www.grandemotors.co.nz/Motorcentral/VehicleData/GRA-365ff12b-b9d7-47c5-bf70-fe0b7270e43f-4.jpg,https://www.grandemotors.co.nz/Motorcentral/VehicleData/GRA-365ff12b-b9d7-47c5-bf70-fe0b7270e43f-5.jpg,https://www.grandemotors.co.nz/Motorcentral/VehicleData/GRA-365ff12b-b9d7-47c5-bf70-fe0b7270e43f-6.jpg,https://www.grandemotors.co.nz/Motorcentral/VehicleData/GRA-365ff12b-b9d7-47c5-bf70-fe0b7270e43f-7.jpg,https://www.grandemotors.co.nz/Motorcentral/VehicleData/GRA-365ff12b-b9d7-47c5-bf70-fe0b7270e43f-8.jpg,https://www.grandemotors.co.nz/Motorcentral/VehicleData/GRA-365ff12b-b9d7-47c5-bf70-fe0b7270e43f-9.jpg,https://www.grandemotors.co.nz/Motorcentral/VehicleData/GRA-365ff12b-b9d7-47c5-bf70-fe0b7270e43f-10.jpg,https://www.grandemotors.co.nz/Motorcentral/VehicleData/GRA-365ff12b-b9d7-47c5-bf70-fe0b7270e43f-11.jpg,https://www.grandemotors.co.nz/Motorcentral/VehicleData/GRA-365ff12b-b9d7-47c5-bf70-fe0b7270e43f-12.jpg,https://www.grandemotors.co.nz/Motorcentral/VehicleData/GRA-365ff12b-b9d7-47c5-bf70-fe0b7270e43f-13.jpg,https://www.grandemotors.co.nz/Motorcentral/VehicleData/GRA-365ff12b-b9d7-47c5-bf70-fe0b7270e43f-14.jpg,https://www.grandemotors.co.nz/Motorcentral/VehicleData/GRA-365ff12b-b9d7-47c5-bf70-fe0b7270e43f-15.jpg,https://www.grandemotors.co.nz/Motorcentral/VehicleData/GRA-365ff12b-b9d7-47c5-bf70-fe0b7270e43f-16.jpg,https://www.grandemotors.co.nz/Motorcentral/VehicleData/GRA-365ff12b-b9d7-47c5-bf70-fe0b7270e43f-17.jpg,https://www.grandemotors.co.nz/Motorcentral/VehicleData/GRA-365ff12b-b9d7-47c5-bf70-fe0b7270e43f-18.jpg,https://www.grandemotors.co.nz/Motorcentral/VehicleData/GRA-365ff12b-b9d7-47c5-bf70-fe0b7270e43f-19.jpg,https://www.grandemotors.co.nz/Motorcentral/VehicleData/GRA-365ff12b-b9d7-47c5-bf70-fe0b7270e43f-20.jpg",Lexus,"Vehicles & Parts > Vehicles > Cars, Trucks & Vans",2013,SUV,HYBRID,Automatic,Grande Motors
13274,2013 Lexus RX 450h Hybrid.Leather.Cruise control.Alarm.10 Airbags.,"CERTIFIED LOW KM. Alarm. Immobilizer. 10 SRS Airbags. HUD (Head Up Display). RCC (Radar Cruise Control). Alloy wheels with brand new tires. Available from Grande Motors Ltd, East Tamaki, Auckland.",in stock,used,27890.00 NZD,https://www.grandemotors.co.nz/vehicle/2013-Lexus-RX450h/13274,https://www.grandemotors.co.nz/Motorcentral/VehicleData/GRA-ca35b9ff-b05c-494a-b571-81c3eee80c9c-1.jpg,"https://www.grandemotors.co.nz/Motorcentral/VehicleData/GRA-ca35b9ff-b05c-494a-b571-81c3eee80c9c-2.jpg,https://www.grandemotors.co.nz/Motorcentral/VehicleData/GRA-ca35b9ff-b05c-494a-b571-81c3eee80c9c-3.jpg,https://www.grandemotors.co.nz/Motorcentral/VehicleData/GRA-ca35b9ff-b05c-494a-b571-81c3eee80c9c-4.jpg,https://www.grandemotors.co.nz/Motorcentral/VehicleData/GRA-ca35b9ff-b05c-494a-b571-81c3eee80c9c-5.jpg,https://www.grandemotors.co.nz/Motorcentral/VehicleData/GRA-ca35b9ff-b05c-494a-b571-81c3eee80c9c-6.jpg,https://www.grandemotors.co.nz/Motorcentral/VehicleData/GRA-ca35b9ff-b05c-494a-b571-81c3eee80c9c-7.jpg,https://www.grandemotors.co.nz/Motorcentral/VehicleData/GRA-ca35b9ff-b05c-494a-b571-81c3eee80c9c-8.jpg,https://www.grandemotors.co.nz/Motorcentral/VehicleData/GRA-ca35b9ff-b05c-494a-b571-81c3eee80c9c-9.jpg,https://www.grandemotors.co.nz/Motorcentral/VehicleData/GRA-ca35b9ff-b05c-494a-b571-81c3eee80c9c-10.jpg,https://www.grandemotors.co.nz/Motorcentral/VehicleData/GRA-ca35b9ff-b05c-494a-b571-81c3eee80c9c-11.jpg,https://www.grandemotors.co.nz/Motorcentral/VehicleData/GRA-ca35b9ff-b05c-494a-b571-81c3eee80c9c-12.jpg,https://www.grandemotors.co.nz/Motorcentral/VehicleData/GRA-ca35b9ff-b05c-494a-b571-81c3eee80c9c-13.jpg,https://www.grandemotors.co.nz/Motorcentral/VehicleData/GRA-ca35b9ff-b05c-494a-b571-81c3eee80c9c-14.jpg,https://www.grandemotors.co.nz/Motorcentral/VehicleData/GRA-ca35b9ff-b05c-494a-b571-81c3eee80c9c-15.jpg,https://www.grandemotors.co.nz/Motorcentral/VehicleData/GRA-ca35b9ff-b05c-494a-b571-81c3eee80c9c-16.jpg,https://www.grandemotors.co.nz/Motorcentral/VehicleData/GRA-ca35b9ff-b05c-494a-b571-81c3eee80c9c-17.jpg,https://www.grandemotors.co.nz/Motorcentral/VehicleData/GRA-ca35b9ff-b05c-494a-b571-81c3eee80c9c-18.jpg,https://www.grandemotors.co.nz/Motorcentral/VehicleData/GRA-ca35b9ff-b05c-494a-b571-81c3eee80c9c-19.jpg,https://www.grandemotors.co.nz/Motorcentral/VehicleData/GRA-ca35b9ff-b05c-494a-b571-81c3eee80c9c-20.jpg",Lexus,"Vehicles & Parts > Vehicles > Cars, Trucks & Vans",2013,SUV,HYBRID,Automatic,Grande Motors
12240,2014 Lexus RX 450h Hybrid.HUD.Sunroof.Cruise control.Rear cam.Alarm.,"Alarm. Immobilizer. 10 SRS Airbags. Electric sunroof. 2014 Lexus RX 450h in silver colour with black interior. Japanese import, smooth V6 35 Available from Grande Motors Ltd, East Tamaki, Auckland.",in stock,used,25900.00 NZD,https://www.grandemotors.co.nz/vehicle/2014-Lexus-RX450h/12240,https://www.grandemotors.co.nz/Motorcentral/VehicleData/GRA-5feb84e0-2f9f-4efe-8486-7ce252014c2c-1.jpg,"https://www.grandemotors.co.nz/Motorcentral/VehicleData/GRA-5feb84e0-2f9f-4efe-8486-7ce252014c2c-2.jpg,https://www.grandemotors.co.nz/Motorcentral/VehicleData/GRA-5feb84e0-2f9f-4efe-8486-7ce252014c2c-3.jpg,https://www.grandemotors.co.nz/Motorcentral/VehicleData/GRA-5feb84e0-2f9f-4efe-8486-7ce252014c2c-4.jpg,https://www.grandemotors.co.nz/Motorcentral/VehicleData/GRA-5feb84e0-2f9f-4efe-8486-7ce252014c2c-5.jpg,https://www.grandemotors.co.nz/Motorcentral/VehicleData/GRA-5feb84e0-2f9f-4efe-8486-7ce252014c2c-6.jpg,https://www.grandemotors.co.nz/Motorcentral/VehicleData/GRA-5feb84e0-2f9f-4efe-8486-7ce252014c2c-7.jpg,https://www.grandemotors.co.nz/Motorcentral/VehicleData/GRA-5feb84e0-2f9f-4efe-8486-7ce252014c2c-8.jpg,https://www.grandemotors.co.nz/Motorcentral/VehicleData/GRA-5feb84e0-2f9f-4efe-8486-7ce252014c2c-9.jpg,https://www.grandemotors.co.nz/Motorcentral/VehicleData/GRA-5feb84e0-2f9f-4efe-8486-7ce252014c2c-10.jpg,https://www.grandemotors.co.nz/Motorcentral/VehicleData/GRA-5feb84e0-2f9f-4efe-8486-7ce252014c2c-11.jpg,https://www.grandemotors.co.nz/Motorcentral/VehicleData/GRA-5feb84e0-2f9f-4efe-8486-7ce252014c2c-12.jpg,https://www.grandemotors.co.nz/Motorcentral/VehicleData/GRA-5feb84e0-2f9f-4efe-8486-7ce252014c2c-13.jpg,https://www.grandemotors.co.nz/Motorcentral/VehicleData/GRA-5feb84e0-2f9f-4efe-8486-7ce252014c2c-14.jpg,https://www.grandemotors.co.nz/Motorcentral/VehicleData/GRA-5feb84e0-2f9f-4efe-8486-7ce252014c2c-15.jpg,https://www.grandemotors.co.nz/Motorcentral/VehicleData/GRA-5feb84e0-2f9f-4efe-8486-7ce252014c2c-16.jpg,https://www.grandemotors.co.nz/Motorcentral/VehicleData/GRA-5feb84e0-2f9f-4efe-8486-7ce252014c2c-17.jpg,https://www.grandemotors.co.nz/Motorcentral/VehicleData/GRA-5feb84e0-2f9f-4efe-8486-7ce252014c2c-18.jpg,https://www.grandemotors.co.nz/Motorcentral/VehicleData/GRA-5feb84e0-2f9f-4efe-8486-7ce252014c2c-19.jpg,https://www.grandemotors.co.nz/Motorcentral/VehicleData/GRA-5feb84e0-2f9f-4efe-8486-7ce252014c2c-20.jpg",Lexus,"Vehicles & Parts > Vehicles > Cars, Trucks & Vans",2014,SUV,HYBRID,Automatic,Grande Motors
12853,2014 Lexus RX 450h Hybrid.HUD.Sunroof.Cruise control.Park sensors.Rear cam.Alarm.,"Alarm. Immobilizer. 12 SRS Airbags. HUD (Head Up Display). RCC (Radar Cruise Control). Electric leather heated/cooled seats. 2014 Lexus RX 450 Available from Grande Motors Ltd, East Tamaki, Auckland.",in stock,used,25400.00 NZD,https://www.grandemotors.co.nz/vehicle/2014-Lexus-RX450h/12853,https://www.grandemotors.co.nz/Motorcentral/VehicleData/GRA-a16fbd10-70fc-4a53-8e20-cde914940e3a-1.jpg,"https://www.grandemotors.co.nz/Motorcentral/VehicleData/GRA-a16fbd10-70fc-4a53-8e20-cde914940e3a-2.jpg,https://www.grandemotors.co.nz/Motorcentral/VehicleData/GRA-a16fbd10-70fc-4a53-8e20-cde914940e3a-3.jpg,https://www.grandemotors.co.nz/Motorcentral/VehicleData/GRA-a16fbd10-70fc-4a53-8e20-cde914940e3a-4.jpg,https://www.grandemotors.co.nz/Motorcentral/VehicleData/GRA-a16fbd10-70fc-4a53-8e20-cde914940e3a-5.jpg,https://www.grandemotors.co.nz/Motorcentral/VehicleData/GRA-a16fbd10-70fc-4a53-8e20-cde914940e3a-6.jpg,https://www.grandemotors.co.nz/Motorcentral/VehicleData/GRA-a16fbd10-70fc-4a53-8e20-cde914940e3a-7.jpg,https://www.grandemotors.co.nz/Motorcentral/VehicleData/GRA-a16fbd10-70fc-4a53-8e20-cde914940e3a-8.jpg,https://www.grandemotors.co.nz/Motorcentral/VehicleData/GRA-a16fbd10-70fc-4a53-8e20-cde914940e3a-9.jpg,https://www.grandemotors.co.nz/Motorcentral/VehicleData/GRA-a16fbd10-70fc-4a53-8e20-cde914940e3a-10.jpg,https://www.grandemotors.co.nz/Motorcentral/VehicleData/GRA-a16fbd10-70fc-4a53-8e20-cde914940e3a-11.jpg,https://www.grandemotors.co.nz/Motorcentral/VehicleData/GRA-a16fbd10-70fc-4a53-8e20-cde914940e3a-12.jpg,https://www.grandemotors.co.nz/Motorcentral/VehicleData/GRA-a16fbd10-70fc-4a53-8e20-cde914940e3a-13.jpg,https://www.grandemotors.co.nz/Motorcentral/VehicleData/GRA-a16fbd10-70fc-4a53-8e20-cde914940e3a-14.jpg,https://www.grandemotors.co.nz/Motorcentral/VehicleData/GRA-a16fbd10-70fc-4a53-8e20-cde914940e3a-15.jpg,https://www.grandemotors.co.nz/Motorcentral/VehicleData/GRA-a16fbd10-70fc-4a53-8e20-cde914940e3a-16.jpg,https://www.grandemotors.co.nz/Motorcentral/VehicleData/GRA-a16fbd10-70fc-4a53-8e20-cde914940e3a-17.jpg,https://www.grandemotors.co.nz/Motorcentral/VehicleData/GRA-a16fbd10-70fc-4a53-8e20-cde914940e3a-18.jpg,https://www.grandemotors.co.nz/Motorcentral/VehicleData/GRA-a16fbd10-70fc-4a53-8e20-cde914940e3a-19.jpg,https://www.grandemotors.co.nz/Motorcentral/VehicleData/GRA-a16fbd10-70fc-4a53-8e20-cde914940e3a-20.jpg",Lexus,"Vehicles & Parts > Vehicles > Cars, Trucks & Vans",2014,SUV,HYBRID,Automatic,Grande Motors
13481,2016 Lexus RX 450h L.Sunroof.Leather.HUD.Radar cruise.Lane assist..Alarm.Rear camera.10 Airbags.,"Alarm. Immobilizer. 10 SRS Airbags. HUD (Head Up Display). RCC (Radar Cruise Control). Electric leather heated/cooled seats. 2016 Lexus RX 450 Available from Grande Motors Ltd, East Tamaki, Auckland.",in stock,used,43500.00 NZD,https://www.grandemotors.co.nz/vehicle/2016-Lexus-RX450h/13481,https://www.grandemotors.co.nz/Motorcentral/VehicleData/GRA-5b5fba91-9c21-4b51-9d86-659d58b375bd-1.jpg,"https://www.grandemotors.co.nz/Motorcentral/VehicleData/GRA-5b5fba91-9c21-4b51-9d86-659d58b375bd-2.jpg,https://www.grandemotors.co.nz/Motorcentral/VehicleData/GRA-5b5fba91-9c21-4b51-9d86-659d58b375bd-3.jpg,https://www.grandemotors.co.nz/Motorcentral/VehicleData/GRA-5b5fba91-9c21-4b51-9d86-659d58b375bd-4.jpg,https://www.grandemotors.co.nz/Motorcentral/VehicleData/GRA-5b5fba91-9c21-4b51-9d86-659d58b375bd-5.jpg,https://www.grandemotors.co.nz/Motorcentral/VehicleData/GRA-5b5fba91-9c21-4b51-9d86-659d58b375bd-6.jpg,https://www.grandemotors.co.nz/Motorcentral/VehicleData/GRA-5b5fba91-9c21-4b51-9d86-659d58b375bd-7.jpg,https://www.grandemotors.co.nz/Motorcentral/VehicleData/GRA-5b5fba91-9c21-4b51-9d86-659d58b375bd-8.jpg,https://www.grandemotors.co.nz/Motorcentral/VehicleData/GRA-5b5fba91-9c21-4b51-9d86-659d58b375bd-9.jpg,https://www.grandemotors.co.nz/Motorcentral/VehicleData/GRA-5b5fba91-9c21-4b51-9d86-659d58b375bd-10.jpg,https://www.grandemotors.co.nz/Motorcentral/VehicleData/GRA-5b5fba91-9c21-4b51-9d86-659d58b375bd-11.jpg,https://www.grandemotors.co.nz/Motorcentral/VehicleData/GRA-5b5fba91-9c21-4b51-9d86-659d58b375bd-12.jpg,https://www.grandemotors.co.nz/Motorcentral/VehicleData/GRA-5b5fba91-9c21-4b51-9d86-659d58b375bd-13.jpg,https://www.grandemotors.co.nz/Motorcentral/VehicleData/GRA-5b5fba91-9c21-4b51-9d86-659d58b375bd-14.jpg,https://www.grandemotors.co.nz/Motorcentral/VehicleData/GRA-5b5fba91-9c21-4b51-9d86-659d58b375bd-15.jpg,https://www.grandemotors.co.nz/Motorcentral/VehicleData/GRA-5b5fba91-9c21-4b51-9d86-659d58b375bd-16.jpg,https://www.grandemotors.co.nz/Motorcentral/VehicleData/GRA-5b5fba91-9c21-4b51-9d86-659d58b375bd-17.jpg,https://www.grandemotors.co.nz/Motorcentral/VehicleData/GRA-5b5fba91-9c21-4b51-9d86-659d58b375bd-18.jpg,https://www.grandemotors.co.nz/Motorcentral/VehicleData/GRA-5b5fba91-9c21-4b51-9d86-659d58b375bd-19.jpg,https://www.grandemotors.co.nz/Motorcentral/VehicleData/GRA-5b5fba91-9c21-4b51-9d86-659d58b375bd-20.jpg",Lexus,"Vehicles & Parts > Vehicles > Cars, Trucks & Vans",2016,SUV,HYBRID,Automatic,Grande Motors
13521,2016 Lexus RX 450h Transit F-Sport 4 WD,"2016 Lexus RX 450h RV-SUV in DARKRED Japanese import, 3500 engine, done 89000kms,Automatic. Transit F-Sport 4WD Hold Deposit 1000$ An enjoyabl Available from Grande Motors Ltd, East Tamaki, Auckland.",in stock,used,43600.00 NZD,https://www.grandemotors.co.nz/vehicle/2016-Lexus-RX450h/13521,https://www.grandemotors.co.nz/Motorcentral/VehicleData/GRA-b75ad1c4-5752-4c5d-b5c2-c73a6b9f9b1b-1.jpg,"https://www.grandemotors.co.nz/Motorcentral/VehicleData/GRA-b75ad1c4-5752-4c5d-b5c2-c73a6b9f9b1b-2.jpg,https://www.grandemotors.co.nz/Motorcentral/VehicleData/GRA-b75ad1c4-5752-4c5d-b5c2-c73a6b9f9b1b-3.jpg,https://www.grandemotors.co.nz/Motorcentral/VehicleData/GRA-b75ad1c4-5752-4c5d-b5c2-c73a6b9f9b1b-4.jpg,https://www.grandemotors.co.nz/Motorcentral/VehicleData/GRA-b75ad1c4-5752-4c5d-b5c2-c73a6b9f9b1b-5.jpg,https://www.grandemotors.co.nz/Motorcentral/VehicleData/GRA-b75ad1c4-5752-4c5d-b5c2-c73a6b9f9b1b-6.jpg,https://www.grandemotors.co.nz/Motorcentral/VehicleData/GRA-b75ad1c4-5752-4c5d-b5c2-c73a6b9f9b1b-7.jpg,https://www.grandemotors.co.nz/Motorcentral/VehicleData/GRA-b75ad1c4-5752-4c5d-b5c2-c73a6b9f9b1b-8.jpg,https://www.grandemotors.co.nz/Motorcentral/VehicleData/GRA-b75ad1c4-5752-4c5d-b5c2-c73a6b9f9b1b-9.jpg",Lexus,"Vehicles & Parts > Vehicles > Cars, Trucks & Vans",2016,SUV,OTHER,Automatic,Grande Motors
13522,2016 Lexus RX 450h Transit F-Sport 4WD,"2016 Lexus RX 450h RV-SUV in Black Japanese import, 3500 engine, done 72500kms,Automatic. Transit F-Sport 4WD Hold DEposit 1000$ An enjoyable Available from Grande Motors Ltd, East Tamaki, Auckland.",in stock,used,43900.00 NZD,https://www.grandemotors.co.nz/vehicle/2016-Lexus-RX450h/13522,https://www.grandemotors.co.nz/Motorcentral/VehicleData/GRA-4257c583-c6cb-4790-b113-f6b4c8f1d5b2-1.jpg,"https://www.grandemotors.co.nz/Motorcentral/VehicleData/GRA-4257c583-c6cb-4790-b113-f6b4c8f1d5b2-2.jpg,https://www.grandemotors.co.nz/Motorcentral/VehicleData/GRA-4257c583-c6cb-4790-b113-f6b4c8f1d5b2-3.jpg,https://www.grandemotors.co.nz/Motorcentral/VehicleData/GRA-4257c583-c6cb-4790-b113-f6b4c8f1d5b2-4.jpg,https://www.grandemotors.co.nz/Motorcentral/VehicleData/GRA-4257c583-c6cb-4790-b113-f6b4c8f1d5b2-5.jpg,https://www.grandemotors.co.nz/Motorcentral/VehicleData/GRA-4257c583-c6cb-4790-b113-f6b4c8f1d5b2-6.jpg,https://www.grandemotors.co.nz/Motorcentral/VehicleData/GRA-4257c583-c6cb-4790-b113-f6b4c8f1d5b2-7.jpg,https://www.grandemotors.co.nz/Motorcentral/VehicleData/GRA-4257c583-c6cb-4790-b113-f6b4c8f1d5b2-8.jpg,https://www.grandemotors.co.nz/Motorcentral/VehicleData/GRA-4257c583-c6cb-4790-b113-f6b4c8f1d5b2-9.jpg,https://www.grandemotors.co.nz/Motorcentral/VehicleData/GRA-4257c583-c6cb-4790-b113-f6b4c8f1d5b2-10.jpg,https://www.grandemotors.co.nz/Motorcentral/VehicleData/GRA-4257c583-c6cb-4790-b113-f6b4c8f1d5b2-11.jpg,https://www.grandemotors.co.nz/Motorcentral/VehicleData/GRA-4257c583-c6cb-4790-b113-f6b4c8f1d5b2-12.jpg,https://www.grandemotors.co.nz/Motorcentral/VehicleData/GRA-4257c583-c6cb-4790-b113-f6b4c8f1d5b2-13.jpg",Lexus,"Vehicles & Parts > Vehicles > Cars, Trucks & Vans",2016,SUV,OTHER,Automatic,Grande Motors
13510,2017 Lexus RX 450h Transit Hybrid,"2017 Lexus RX 450h RV-SUV in Black Japanese import, 3500 engine, done 103000kms,Automatic. Transit hold deposit 1000$ 2017/11 Hybrid Black hal Available from Grande Motors Ltd, East Tamaki, Auckland.",in stock,used,41800.00 NZD,https://www.grandemotors.co.nz/vehicle/2017-Lexus-RX450h/13510,https://www.grandemotors.co.nz/Motorcentral/VehicleData/GRA-c82bcd3f-e9ef-4e24-bd23-ab33e4d1a942-1.jpg,"https://www.grandemotors.co.nz/Motorcentral/VehicleData/GRA-c82bcd3f-e9ef-4e24-bd23-ab33e4d1a942-2.jpg,https://www.grandemotors.co.nz/Motorcentral/VehicleData/GRA-c82bcd3f-e9ef-4e24-bd23-ab33e4d1a942-3.jpg,https://www.grandemotors.co.nz/Motorcentral/VehicleData/GRA-c82bcd3f-e9ef-4e24-bd23-ab33e4d1a942-4.jpg,https://www.grandemotors.co.nz/Motorcentral/VehicleData/GRA-c82bcd3f-e9ef-4e24-bd23-ab33e4d1a942-5.jpg,https://www.grandemotors.co.nz/Motorcentral/VehicleData/GRA-c82bcd3f-e9ef-4e24-bd23-ab33e4d1a942-6.jpg,https://www.grandemotors.co.nz/Motorcentral/VehicleData/GRA-c82bcd3f-e9ef-4e24-bd23-ab33e4d1a942-7.jpg,https://www.grandemotors.co.nz/Motorcentral/VehicleData/GRA-c82bcd3f-e9ef-4e24-bd23-ab33e4d1a942-8.jpg,https://www.grandemotors.co.nz/Motorcentral/VehicleData/GRA-c82bcd3f-e9ef-4e24-bd23-ab33e4d1a942-9.jpg,https://www.grandemotors.co.nz/Motorcentral/VehicleData/GRA-c82bcd3f-e9ef-4e24-bd23-ab33e4d1a942-10.jpg,https://www.grandemotors.co.nz/Motorcentral/VehicleData/GRA-c82bcd3f-e9ef-4e24-bd23-ab33e4d1a942-11.jpg,https://www.grandemotors.co.nz/Motorcentral/VehicleData/GRA-c82bcd3f-e9ef-4e24-bd23-ab33e4d1a942-12.jpg,https://www.grandemotors.co.nz/Motorcentral/VehicleData/GRA-c82bcd3f-e9ef-4e24-bd23-ab33e4d1a942-13.jpg,https://www.grandemotors.co.nz/Motorcentral/VehicleData/GRA-c82bcd3f-e9ef-4e24-bd23-ab33e4d1a942-14.jpg",Lexus,"Vehicles & Parts > Vehicles > Cars, Trucks & Vans",2017,SUV,HYBRID,Automatic,Grande Motors
13519,2017 Lexus RX 450h F-Sport in Transit Sun Roof Mark Levinson sound,"2017 Lexus RX 450h RV-SUV in Aqua Dreamy Blue Japanese import, 3500 engine, done 65000kms,Automatic. Transit F-Sport Hold deposit 1000$ An e Available from Grande Motors Ltd, East Tamaki, Auckland.",in stock,used,45900.00 NZD,https://www.grandemotors.co.nz/vehicle/2017-Lexus-RX450h/13519,https://www.grandemotors.co.nz/Motorcentral/VehicleData/GRA-d7b4a2ad-fcd8-4bfe-a731-62d113dee0f1-1.jpg,"https://www.grandemotors.co.nz/Motorcentral/VehicleData/GRA-d7b4a2ad-fcd8-4bfe-a731-62d113dee0f1-2.jpg,https://www.grandemotors.co.nz/Motorcentral/VehicleData/GRA-d7b4a2ad-fcd8-4bfe-a731-62d113dee0f1-3.jpg,https://www.grandemotors.co.nz/Motorcentral/VehicleData/GRA-d7b4a2ad-fcd8-4bfe-a731-62d113dee0f1-4.jpg,https://www.grandemotors.co.nz/Motorcentral/VehicleData/GRA-d7b4a2ad-fcd8-4bfe-a731-62d113dee0f1-5.jpg,https://www.grandemotors.co.nz/Motorcentral/VehicleData/GRA-d7b4a2ad-fcd8-4bfe-a731-62d113dee0f1-6.jpg,https://www.grandemotors.co.nz/Motorcentral/VehicleData/GRA-d7b4a2ad-fcd8-4bfe-a731-62d113dee0f1-7.jpg,https://www.grandemotors.co.nz/Motorcentral/VehicleData/GRA-d7b4a2ad-fcd8-4bfe-a731-62d113dee0f1-8.jpg,https://www.grandemotors.co.nz/Motorcentral/VehicleData/GRA-d7b4a2ad-fcd8-4bfe-a731-62d113dee0f1-9.jpg,https://www.grandemotors.co.nz/Motorcentral/VehicleData/GRA-d7b4a2ad-fcd8-4bfe-a731-62d113dee0f1-10.jpg,https://www.grandemotors.co.nz/Motorcentral/VehicleData/GRA-d7b4a2ad-fcd8-4bfe-a731-62d113dee0f1-11.jpg,https://www.grandemotors.co.nz/Motorcentral/VehicleData/GRA-d7b4a2ad-fcd8-4bfe-a731-62d113dee0f1-12.jpg,https://www.grandemotors.co.nz/Motorcentral/VehicleData/GRA-d7b4a2ad-fcd8-4bfe-a731-62d113dee0f1-13.jpg,https://www.grandemotors.co.nz/Motorcentral/VehicleData/GRA-d7b4a2ad-fcd8-4bfe-a731-62d113dee0f1-14.jpg,https://www.grandemotors.co.nz/Motorcentral/VehicleData/GRA-d7b4a2ad-fcd8-4bfe-a731-62d113dee0f1-15.jpg,https://www.grandemotors.co.nz/Motorcentral/VehicleData/GRA-d7b4a2ad-fcd8-4bfe-a731-62d113dee0f1-16.jpg,https://www.grandemotors.co.nz/Motorcentral/VehicleData/GRA-d7b4a2ad-fcd8-4bfe-a731-62d113dee0f1-17.jpg,https://www.grandemotors.co.nz/Motorcentral/VehicleData/GRA-d7b4a2ad-fcd8-4bfe-a731-62d113dee0f1-18.jpg",Lexus,"Vehicles & Parts > Vehicles > Cars, Trucks & Vans",2017,SUV,OTHER,Automatic,Grande Motors
13423,2019 Lexus UX 250H 4WD.Leather.Blind spot.Radar cruise.360°camera.Lane assist.Alarm.,"Alarm. Immobilizer. Parking sensors. Engine button start. RCC (Radar Cruise Cruise). BSM (Blind Spot Monitoring). LKA (Lane Keeping Assistance). Available from Grande Motors Ltd, East Tamaki, Auckland.",in stock,used,33900.00 NZD,https://www.grandemotors.co.nz/vehicle/2019-Lexus-UX250H/13423,https://www.grandemotors.co.nz/Motorcentral/VehicleData/GRA-4d02853d-8af2-448a-9399-538c0316d532-1.jpg,"https://www.grandemotors.co.nz/Motorcentral/VehicleData/GRA-4d02853d-8af2-448a-9399-538c0316d532-2.jpg,https://www.grandemotors.co.nz/Motorcentral/VehicleData/GRA-4d02853d-8af2-448a-9399-538c0316d532-3.jpg,https://www.grandemotors.co.nz/Motorcentral/VehicleData/GRA-4d02853d-8af2-448a-9399-538c0316d532-4.jpg,https://www.grandemotors.co.nz/Motorcentral/VehicleData/GRA-4d02853d-8af2-448a-9399-538c0316d532-5.jpg,https://www.grandemotors.co.nz/Motorcentral/VehicleData/GRA-4d02853d-8af2-448a-9399-538c0316d532-6.jpg,https://www.grandemotors.co.nz/Motorcentral/VehicleData/GRA-4d02853d-8af2-448a-9399-538c0316d532-7.jpg,https://www.grandemotors.co.nz/Motorcentral/VehicleData/GRA-4d02853d-8af2-448a-9399-538c0316d532-8.jpg,https://www.grandemotors.co.nz/Motorcentral/VehicleData/GRA-4d02853d-8af2-448a-9399-538c0316d532-9.jpg,https://www.grandemotors.co.nz/Motorcentral/VehicleData/GRA-4d02853d-8af2-448a-9399-538c0316d532-10.jpg,https://www.grandemotors.co.nz/Motorcentral/VehicleData/GRA-4d02853d-8af2-448a-9399-538c0316d532-11.jpg,https://www.grandemotors.co.nz/Motorcentral/VehicleData/GRA-4d02853d-8af2-448a-9399-538c0316d532-12.jpg,https://www.grandemotors.co.nz/Motorcentral/VehicleData/GRA-4d02853d-8af2-448a-9399-538c0316d532-13.jpg,https://www.grandemotors.co.nz/Motorcentral/VehicleData/GRA-4d02853d-8af2-448a-9399-538c0316d532-14.jpg,https://www.grandemotors.co.nz/Motorcentral/VehicleData/GRA-4d02853d-8af2-448a-9399-538c0316d532-15.jpg,https://www.grandemotors.co.nz/Motorcentral/VehicleData/GRA-4d02853d-8af2-448a-9399-538c0316d532-16.jpg,https://www.grandemotors.co.nz/Motorcentral/VehicleData/GRA-4d02853d-8af2-448a-9399-538c0316d532-17.jpg,https://www.grandemotors.co.nz/Motorcentral/VehicleData/GRA-4d02853d-8af2-448a-9399-538c0316d532-18.jpg,https://www.grandemotors.co.nz/Motorcentral/VehicleData/GRA-4d02853d-8af2-448a-9399-538c0316d532-19.jpg",Lexus,"Vehicles & Parts > Vehicles > Cars, Trucks & Vans",2019,SUV,HYBRID,Automatic,Grande Motors
12498,2020 Lexus UX 250H Leather.Lane assist.Radar cruise.Park sens.Alarm.10 Airbags.,"Alarm. Immobilizer. Engine button start. RCC (Radar Cruise Cruise). LKA (Lane Keeping Assistance). Alloy wheels with ""Bridgestone"" tires. 2020 Available from Grande Motors Ltd, East Tamaki, Auckland.",in stock,used,32900.00 NZD,https://www.grandemotors.co.nz/vehicle/2020-Lexus-UX250H/12498,https://www.grandemotors.co.nz/Motorcentral/VehicleData/GRA-c3cf121e-def2-46d8-bd87-a3cfebe56346-1.jpg,"https://www.grandemotors.co.nz/Motorcentral/VehicleData/GRA-c3cf121e-def2-46d8-bd87-a3cfebe56346-2.jpg,https://www.grandemotors.co.nz/Motorcentral/VehicleData/GRA-c3cf121e-def2-46d8-bd87-a3cfebe56346-3.jpg,https://www.grandemotors.co.nz/Motorcentral/VehicleData/GRA-c3cf121e-def2-46d8-bd87-a3cfebe56346-4.jpg,https://www.grandemotors.co.nz/Motorcentral/VehicleData/GRA-c3cf121e-def2-46d8-bd87-a3cfebe56346-5.jpg,https://www.grandemotors.co.nz/Motorcentral/VehicleData/GRA-c3cf121e-def2-46d8-bd87-a3cfebe56346-6.jpg,https://www.grandemotors.co.nz/Motorcentral/VehicleData/GRA-c3cf121e-def2-46d8-bd87-a3cfebe56346-7.jpg,https://www.grandemotors.co.nz/Motorcentral/VehicleData/GRA-c3cf121e-def2-46d8-bd87-a3cfebe56346-8.jpg,https://www.grandemotors.co.nz/Motorcentral/VehicleData/GRA-c3cf121e-def2-46d8-bd87-a3cfebe56346-9.jpg,https://www.grandemotors.co.nz/Motorcentral/VehicleData/GRA-c3cf121e-def2-46d8-bd87-a3cfebe56346-10.jpg,https://www.grandemotors.co.nz/Motorcentral/VehicleData/GRA-c3cf121e-def2-46d8-bd87-a3cfebe56346-11.jpg,https://www.grandemotors.co.nz/Motorcentral/VehicleData/GRA-c3cf121e-def2-46d8-bd87-a3cfebe56346-12.jpg,https://www.grandemotors.co.nz/Motorcentral/VehicleData/GRA-c3cf121e-def2-46d8-bd87-a3cfebe56346-13.jpg,https://www.grandemotors.co.nz/Motorcentral/VehicleData/GRA-c3cf121e-def2-46d8-bd87-a3cfebe56346-14.jpg,https://www.grandemotors.co.nz/Motorcentral/VehicleData/GRA-c3cf121e-def2-46d8-bd87-a3cfebe56346-15.jpg,https://www.grandemotors.co.nz/Motorcentral/VehicleData/GRA-c3cf121e-def2-46d8-bd87-a3cfebe56346-16.jpg,https://www.grandemotors.co.nz/Motorcentral/VehicleData/GRA-c3cf121e-def2-46d8-bd87-a3cfebe56346-17.jpg,https://www.grandemotors.co.nz/Motorcentral/VehicleData/GRA-c3cf121e-def2-46d8-bd87-a3cfebe56346-18.jpg,https://www.grandemotors.co.nz/Motorcentral/VehicleData/GRA-c3cf121e-def2-46d8-bd87-a3cfebe56346-19.jpg",Lexus,"Vehicles & Parts > Vehicles > Cars, Trucks & Vans",2020,SUV,OTHER,Automatic,Grande Motors
13122,2019 Mazda 3 Proactive Touring spec.Radar cruise.360°cam.Park sens.Alarm.,"Keyless entry. Parking sensors. Engine button start. HUD (Head Up Display). RCC (Radar Cruise Control). LKA (Lane Keeping Assistance). 2019 Ma Available from Grande Motors Ltd, East Tamaki, Auckland.",in stock,used,19900.00 NZD,https://www.grandemotors.co.nz/vehicle/2019-Mazda-3/13122,https://www.grandemotors.co.nz/Motorcentral/VehicleData/GRA-f8d11277-40ab-49ae-80d0-58017fb2d64a-1.jpg,"https://www.grandemotors.co.nz/Motorcentral/VehicleData/GRA-f8d11277-40ab-49ae-80d0-58017fb2d64a-2.jpg,https://www.grandemotors.co.nz/Motorcentral/VehicleData/GRA-f8d11277-40ab-49ae-80d0-58017fb2d64a-3.jpg,https://www.grandemotors.co.nz/Motorcentral/VehicleData/GRA-f8d11277-40ab-49ae-80d0-58017fb2d64a-4.jpg,https://www.grandemotors.co.nz/Motorcentral/VehicleData/GRA-f8d11277-40ab-49ae-80d0-58017fb2d64a-5.jpg,https://www.grandemotors.co.nz/Motorcentral/VehicleData/GRA-f8d11277-40ab-49ae-80d0-58017fb2d64a-6.jpg,https://www.grandemotors.co.nz/Motorcentral/VehicleData/GRA-f8d11277-40ab-49ae-80d0-58017fb2d64a-7.jpg,https://www.grandemotors.co.nz/Motorcentral/VehicleData/GRA-f8d11277-40ab-49ae-80d0-58017fb2d64a-8.jpg,https://www.grandemotors.co.nz/Motorcentral/VehicleData/GRA-f8d11277-40ab-49ae-80d0-58017fb2d64a-9.jpg,https://www.grandemotors.co.nz/Motorcentral/VehicleData/GRA-f8d11277-40ab-49ae-80d0-58017fb2d64a-10.jpg,https://www.grandemotors.co.nz/Motorcentral/VehicleData/GRA-f8d11277-40ab-49ae-80d0-58017fb2d64a-11.jpg,https://www.grandemotors.co.nz/Motorcentral/VehicleData/GRA-f8d11277-40ab-49ae-80d0-58017fb2d64a-12.jpg,https://www.grandemotors.co.nz/Motorcentral/VehicleData/GRA-f8d11277-40ab-49ae-80d0-58017fb2d64a-13.jpg,https://www.grandemotors.co.nz/Motorcentral/VehicleData/GRA-f8d11277-40ab-49ae-80d0-58017fb2d64a-14.jpg,https://www.grandemotors.co.nz/Motorcentral/VehicleData/GRA-f8d11277-40ab-49ae-80d0-58017fb2d64a-15.jpg,https://www.grandemotors.co.nz/Motorcentral/VehicleData/GRA-f8d11277-40ab-49ae-80d0-58017fb2d64a-16.jpg,https://www.grandemotors.co.nz/Motorcentral/VehicleData/GRA-f8d11277-40ab-49ae-80d0-58017fb2d64a-17.jpg,https://www.grandemotors.co.nz/Motorcentral/VehicleData/GRA-f8d11277-40ab-49ae-80d0-58017fb2d64a-18.jpg,https://www.grandemotors.co.nz/Motorcentral/VehicleData/GRA-f8d11277-40ab-49ae-80d0-58017fb2d64a-19.jpg",Mazda,"Vehicles & Parts > Vehicles > Cars, Trucks & Vans",2019,SEDAN,GASOLINE,Automatic,Grande Motors
13123,2021 Mazda 3 HUD.Rear camera.Radar cruise.Park sensors.,"Keyless entry. Engine button start. HUD (Head Up Display). RCC (Radar Cruise Control). Android/Apple CarPlay audio. 2021 Mazda 3 sedan in pearl Available from Grande Motors Ltd, East Tamaki, Auckland.",in stock,used,23400.00 NZD,https://www.grandemotors.co.nz/vehicle/2021-Mazda-3/13123,https://www.grandemotors.co.nz/Motorcentral/VehicleData/GRA-a4fbd1df-b134-4f90-97dd-bf6a826d5ddd-1.jpg,"https://www.grandemotors.co.nz/Motorcentral/VehicleData/GRA-a4fbd1df-b134-4f90-97dd-bf6a826d5ddd-2.jpg,https://www.grandemotors.co.nz/Motorcentral/VehicleData/GRA-a4fbd1df-b134-4f90-97dd-bf6a826d5ddd-3.jpg,https://www.grandemotors.co.nz/Motorcentral/VehicleData/GRA-a4fbd1df-b134-4f90-97dd-bf6a826d5ddd-4.jpg,https://www.grandemotors.co.nz/Motorcentral/VehicleData/GRA-a4fbd1df-b134-4f90-97dd-bf6a826d5ddd-5.jpg,https://www.grandemotors.co.nz/Motorcentral/VehicleData/GRA-a4fbd1df-b134-4f90-97dd-bf6a826d5ddd-6.jpg,https://www.grandemotors.co.nz/Motorcentral/VehicleData/GRA-a4fbd1df-b134-4f90-97dd-bf6a826d5ddd-7.jpg,https://www.grandemotors.co.nz/Motorcentral/VehicleData/GRA-a4fbd1df-b134-4f90-97dd-bf6a826d5ddd-8.jpg,https://www.grandemotors.co.nz/Motorcentral/VehicleData/GRA-a4fbd1df-b134-4f90-97dd-bf6a826d5ddd-9.jpg,https://www.grandemotors.co.nz/Motorcentral/VehicleData/GRA-a4fbd1df-b134-4f90-97dd-bf6a826d5ddd-10.jpg,https://www.grandemotors.co.nz/Motorcentral/VehicleData/GRA-a4fbd1df-b134-4f90-97dd-bf6a826d5ddd-11.jpg,https://www.grandemotors.co.nz/Motorcentral/VehicleData/GRA-a4fbd1df-b134-4f90-97dd-bf6a826d5ddd-12.jpg,https://www.grandemotors.co.nz/Motorcentral/VehicleData/GRA-a4fbd1df-b134-4f90-97dd-bf6a826d5ddd-13.jpg,https://www.grandemotors.co.nz/Motorcentral/VehicleData/GRA-a4fbd1df-b134-4f90-97dd-bf6a826d5ddd-14.jpg,https://www.grandemotors.co.nz/Motorcentral/VehicleData/GRA-a4fbd1df-b134-4f90-97dd-bf6a826d5ddd-15.jpg,https://www.grandemotors.co.nz/Motorcentral/VehicleData/GRA-a4fbd1df-b134-4f90-97dd-bf6a826d5ddd-16.jpg,https://www.grandemotors.co.nz/Motorcentral/VehicleData/GRA-a4fbd1df-b134-4f90-97dd-bf6a826d5ddd-17.jpg,https://www.grandemotors.co.nz/Motorcentral/VehicleData/GRA-a4fbd1df-b134-4f90-97dd-bf6a826d5ddd-18.jpg,https://www.grandemotors.co.nz/Motorcentral/VehicleData/GRA-a4fbd1df-b134-4f90-97dd-bf6a826d5ddd-19.jpg",Mazda,"Vehicles & Parts > Vehicles > Cars, Trucks & Vans",2021,SEDAN,GASOLINE,Automatic,Grande Motors
12842,2023 Mazda 3 E-Skyactiv G. Radar Cruise.360 Camera,"New Tires 360 camera Keyless entry. Radar Cruise control. Engine button start. LKA (Lane Keeping Assistance). MHEV Spec 2018 Mazda Axela MHEV Available from Grande Motors Ltd, East Tamaki, Auckland.",in stock,used,25900.00 NZD,https://www.grandemotors.co.nz/vehicle/2023-Mazda-3/12842,https://www.grandemotors.co.nz/Motorcentral/VehicleData/GRA-00b9c308-6468-4a12-a856-7db1225fdc36-1.jpg,"https://www.grandemotors.co.nz/Motorcentral/VehicleData/GRA-00b9c308-6468-4a12-a856-7db1225fdc36-2.jpg,https://www.grandemotors.co.nz/Motorcentral/VehicleData/GRA-00b9c308-6468-4a12-a856-7db1225fdc36-3.jpg,https://www.grandemotors.co.nz/Motorcentral/VehicleData/GRA-00b9c308-6468-4a12-a856-7db1225fdc36-4.jpg,https://www.grandemotors.co.nz/Motorcentral/VehicleData/GRA-00b9c308-6468-4a12-a856-7db1225fdc36-5.jpg,https://www.grandemotors.co.nz/Motorcentral/VehicleData/GRA-00b9c308-6468-4a12-a856-7db1225fdc36-6.jpg,https://www.grandemotors.co.nz/Motorcentral/VehicleData/GRA-00b9c308-6468-4a12-a856-7db1225fdc36-7.jpg,https://www.grandemotors.co.nz/Motorcentral/VehicleData/GRA-00b9c308-6468-4a12-a856-7db1225fdc36-8.jpg,https://www.grandemotors.co.nz/Motorcentral/VehicleData/GRA-00b9c308-6468-4a12-a856-7db1225fdc36-9.jpg,https://www.grandemotors.co.nz/Motorcentral/VehicleData/GRA-00b9c308-6468-4a12-a856-7db1225fdc36-10.jpg,https://www.grandemotors.co.nz/Motorcentral/VehicleData/GRA-00b9c308-6468-4a12-a856-7db1225fdc36-11.jpg,https://www.grandemotors.co.nz/Motorcentral/VehicleData/GRA-00b9c308-6468-4a12-a856-7db1225fdc36-12.jpg,https://www.grandemotors.co.nz/Motorcentral/VehicleData/GRA-00b9c308-6468-4a12-a856-7db1225fdc36-13.jpg,https://www.grandemotors.co.nz/Motorcentral/VehicleData/GRA-00b9c308-6468-4a12-a856-7db1225fdc36-14.jpg,https://www.grandemotors.co.nz/Motorcentral/VehicleData/GRA-00b9c308-6468-4a12-a856-7db1225fdc36-15.jpg,https://www.grandemotors.co.nz/Motorcentral/VehicleData/GRA-00b9c308-6468-4a12-a856-7db1225fdc36-16.jpg,https://www.grandemotors.co.nz/Motorcentral/VehicleData/GRA-00b9c308-6468-4a12-a856-7db1225fdc36-17.jpg,https://www.grandemotors.co.nz/Motorcentral/VehicleData/GRA-00b9c308-6468-4a12-a856-7db1225fdc36-18.jpg,https://www.grandemotors.co.nz/Motorcentral/VehicleData/GRA-00b9c308-6468-4a12-a856-7db1225fdc36-19.jpg",Mazda,"Vehicles & Parts > Vehicles > Cars, Trucks & Vans",2023,HATCHBACK,HYBRID,Automatic,Grande Motors
13121,2023 Mazda 3 HUD.Rear camera.Radar cruise.Park sensors.,"Keyless entry. Engine button start. HUD (Head Up Display). RCC (Radar Cruise Control). 2023 Mazda 3 hatchback in Black colour with black interio Available from Grande Motors Ltd, East Tamaki, Auckland.",in stock,used,23300.00 NZD,https://www.grandemotors.co.nz/vehicle/2023-Mazda-3/13121,https://www.grandemotors.co.nz/Motorcentral/VehicleData/GRA-33dcfd52-bc22-44bd-bc3e-d10ce609810a-1.jpg,"https://www.grandemotors.co.nz/Motorcentral/VehicleData/GRA-33dcfd52-bc22-44bd-bc3e-d10ce609810a-2.jpg,https://www.grandemotors.co.nz/Motorcentral/VehicleData/GRA-33dcfd52-bc22-44bd-bc3e-d10ce609810a-3.jpg,https://www.grandemotors.co.nz/Motorcentral/VehicleData/GRA-33dcfd52-bc22-44bd-bc3e-d10ce609810a-4.jpg,https://www.grandemotors.co.nz/Motorcentral/VehicleData/GRA-33dcfd52-bc22-44bd-bc3e-d10ce609810a-5.jpg,https://www.grandemotors.co.nz/Motorcentral/VehicleData/GRA-33dcfd52-bc22-44bd-bc3e-d10ce609810a-6.jpg,https://www.grandemotors.co.nz/Motorcentral/VehicleData/GRA-33dcfd52-bc22-44bd-bc3e-d10ce609810a-7.jpg,https://www.grandemotors.co.nz/Motorcentral/VehicleData/GRA-33dcfd52-bc22-44bd-bc3e-d10ce609810a-8.jpg,https://www.grandemotors.co.nz/Motorcentral/VehicleData/GRA-33dcfd52-bc22-44bd-bc3e-d10ce609810a-9.jpg,https://www.grandemotors.co.nz/Motorcentral/VehicleData/GRA-33dcfd52-bc22-44bd-bc3e-d10ce609810a-10.jpg,https://www.grandemotors.co.nz/Motorcentral/VehicleData/GRA-33dcfd52-bc22-44bd-bc3e-d10ce609810a-11.jpg,https://www.grandemotors.co.nz/Motorcentral/VehicleData/GRA-33dcfd52-bc22-44bd-bc3e-d10ce609810a-12.jpg,https://www.grandemotors.co.nz/Motorcentral/VehicleData/GRA-33dcfd52-bc22-44bd-bc3e-d10ce609810a-13.jpg,https://www.grandemotors.co.nz/Motorcentral/VehicleData/GRA-33dcfd52-bc22-44bd-bc3e-d10ce609810a-14.jpg,https://www.grandemotors.co.nz/Motorcentral/VehicleData/GRA-33dcfd52-bc22-44bd-bc3e-d10ce609810a-15.jpg,https://www.grandemotors.co.nz/Motorcentral/VehicleData/GRA-33dcfd52-bc22-44bd-bc3e-d10ce609810a-16.jpg,https://www.grandemotors.co.nz/Motorcentral/VehicleData/GRA-33dcfd52-bc22-44bd-bc3e-d10ce609810a-17.jpg,https://www.grandemotors.co.nz/Motorcentral/VehicleData/GRA-33dcfd52-bc22-44bd-bc3e-d10ce609810a-18.jpg,https://www.grandemotors.co.nz/Motorcentral/VehicleData/GRA-33dcfd52-bc22-44bd-bc3e-d10ce609810a-19.jpg",Mazda,"Vehicles & Parts > Vehicles > Cars, Trucks & Vans",2023,HATCHBACK,GASOLINE,Automatic,Grande Motors
13165,2023 Mazda 3 HUD.Rear camera.Radar cruise.Park sensors.,"Keyless entry. Cruise control. Engine button start. HUD (Head Up Display). 2023 Mazda 3 hatchback in Navy colour with dark interior. Japanese Available from Grande Motors Ltd, East Tamaki, Auckland.",in stock,used,22900.00 NZD,https://www.grandemotors.co.nz/vehicle/2023-Mazda-3/13165,https://www.grandemotors.co.nz/Motorcentral/VehicleData/GRA-987b2cbc-6156-48e3-880e-869c622a7eb5-1.jpg,"https://www.grandemotors.co.nz/Motorcentral/VehicleData/GRA-987b2cbc-6156-48e3-880e-869c622a7eb5-2.jpg,https://www.grandemotors.co.nz/Motorcentral/VehicleData/GRA-987b2cbc-6156-48e3-880e-869c622a7eb5-3.jpg,https://www.grandemotors.co.nz/Motorcentral/VehicleData/GRA-987b2cbc-6156-48e3-880e-869c622a7eb5-4.jpg,https://www.grandemotors.co.nz/Motorcentral/VehicleData/GRA-987b2cbc-6156-48e3-880e-869c622a7eb5-5.jpg,https://www.grandemotors.co.nz/Motorcentral/VehicleData/GRA-987b2cbc-6156-48e3-880e-869c622a7eb5-6.jpg,https://www.grandemotors.co.nz/Motorcentral/VehicleData/GRA-987b2cbc-6156-48e3-880e-869c622a7eb5-7.jpg,https://www.grandemotors.co.nz/Motorcentral/VehicleData/GRA-987b2cbc-6156-48e3-880e-869c622a7eb5-8.jpg,https://www.grandemotors.co.nz/Motorcentral/VehicleData/GRA-987b2cbc-6156-48e3-880e-869c622a7eb5-9.jpg,https://www.grandemotors.co.nz/Motorcentral/VehicleData/GRA-987b2cbc-6156-48e3-880e-869c622a7eb5-10.jpg,https://www.grandemotors.co.nz/Motorcentral/VehicleData/GRA-987b2cbc-6156-48e3-880e-869c622a7eb5-11.jpg,https://www.grandemotors.co.nz/Motorcentral/VehicleData/GRA-987b2cbc-6156-48e3-880e-869c622a7eb5-12.jpg,https://www.grandemotors.co.nz/Motorcentral/VehicleData/GRA-987b2cbc-6156-48e3-880e-869c622a7eb5-13.jpg,https://www.grandemotors.co.nz/Motorcentral/VehicleData/GRA-987b2cbc-6156-48e3-880e-869c622a7eb5-14.jpg,https://www.grandemotors.co.nz/Motorcentral/VehicleData/GRA-987b2cbc-6156-48e3-880e-869c622a7eb5-15.jpg,https://www.grandemotors.co.nz/Motorcentral/VehicleData/GRA-987b2cbc-6156-48e3-880e-869c622a7eb5-16.jpg,https://www.grandemotors.co.nz/Motorcentral/VehicleData/GRA-987b2cbc-6156-48e3-880e-869c622a7eb5-17.jpg,https://www.grandemotors.co.nz/Motorcentral/VehicleData/GRA-987b2cbc-6156-48e3-880e-869c622a7eb5-18.jpg,https://www.grandemotors.co.nz/Motorcentral/VehicleData/GRA-987b2cbc-6156-48e3-880e-869c622a7eb5-19.jpg",Mazda,"Vehicles & Parts > Vehicles > Cars, Trucks & Vans",2023,HATCHBACK,GASOLINE,Automatic,Grande Motors
13662,2019 Mazda 6 NZ NEW.Park sens.HUD.Radar cruise.Lane assist.Park sens.,"Keyless entry. Parking sensors. Engine button start. HUD (Head Up Display). RCC (Radar Cruise Control). NZ NEW 2019 Mazda 6 in red colour with Available from Grande Motors Ltd, East Tamaki, Auckland.",in stock,used,23500.00 NZD,https://www.grandemotors.co.nz/vehicle/2019-Mazda-6/13662,https://www.grandemotors.co.nz/Motorcentral/VehicleData/GRA-5ed0bf66-9b7f-4c1b-9527-eb4026e641e9-1.jpg,"https://www.grandemotors.co.nz/Motorcentral/VehicleData/GRA-5ed0bf66-9b7f-4c1b-9527-eb4026e641e9-2.jpg,https://www.grandemotors.co.nz/Motorcentral/VehicleData/GRA-5ed0bf66-9b7f-4c1b-9527-eb4026e641e9-3.jpg,https://www.grandemotors.co.nz/Motorcentral/VehicleData/GRA-5ed0bf66-9b7f-4c1b-9527-eb4026e641e9-4.jpg,https://www.grandemotors.co.nz/Motorcentral/VehicleData/GRA-5ed0bf66-9b7f-4c1b-9527-eb4026e641e9-5.jpg,https://www.grandemotors.co.nz/Motorcentral/VehicleData/GRA-5ed0bf66-9b7f-4c1b-9527-eb4026e641e9-6.jpg,https://www.grandemotors.co.nz/Motorcentral/VehicleData/GRA-5ed0bf66-9b7f-4c1b-9527-eb4026e641e9-7.jpg,https://www.grandemotors.co.nz/Motorcentral/VehicleData/GRA-5ed0bf66-9b7f-4c1b-9527-eb4026e641e9-8.jpg,https://www.grandemotors.co.nz/Motorcentral/VehicleData/GRA-5ed0bf66-9b7f-4c1b-9527-eb4026e641e9-9.jpg,https://www.grandemotors.co.nz/Motorcentral/VehicleData/GRA-5ed0bf66-9b7f-4c1b-9527-eb4026e641e9-10.jpg,https://www.grandemotors.co.nz/Motorcentral/VehicleData/GRA-5ed0bf66-9b7f-4c1b-9527-eb4026e641e9-11.jpg,https://www.grandemotors.co.nz/Motorcentral/VehicleData/GRA-5ed0bf66-9b7f-4c1b-9527-eb4026e641e9-12.jpg,https://www.grandemotors.co.nz/Motorcentral/VehicleData/GRA-5ed0bf66-9b7f-4c1b-9527-eb4026e641e9-13.jpg,https://www.grandemotors.co.nz/Motorcentral/VehicleData/GRA-5ed0bf66-9b7f-4c1b-9527-eb4026e641e9-14.jpg,https://www.grandemotors.co.nz/Motorcentral/VehicleData/GRA-5ed0bf66-9b7f-4c1b-9527-eb4026e641e9-15.jpg,https://www.grandemotors.co.nz/Motorcentral/VehicleData/GRA-5ed0bf66-9b7f-4c1b-9527-eb4026e641e9-16.jpg,https://www.grandemotors.co.nz/Motorcentral/VehicleData/GRA-5ed0bf66-9b7f-4c1b-9527-eb4026e641e9-17.jpg,https://www.grandemotors.co.nz/Motorcentral/VehicleData/GRA-5ed0bf66-9b7f-4c1b-9527-eb4026e641e9-18.jpg,https://www.grandemotors.co.nz/Motorcentral/VehicleData/GRA-5ed0bf66-9b7f-4c1b-9527-eb4026e641e9-19.jpg,https://www.grandemotors.co.nz/Motorcentral/VehicleData/GRA-5ed0bf66-9b7f-4c1b-9527-eb4026e641e9-20.jpg",Mazda,"Vehicles & Parts > Vehicles > Cars, Trucks & Vans",2019,SEDAN,GASOLINE,Automatic,Grande Motors
13373,2015 Mazda Axela Skyactiv.Cruise control.Blind spot.Rear camera.,"Immobilizer. Keyless entry. Engine button start. 2015 Mazda Axela hatchback in Pearl White colour with black interior. The Skyactiv technolog Available from Grande Motors Ltd, East Tamaki, Auckland.",in stock,used,13850.00 NZD,https://www.grandemotors.co.nz/vehicle/2015-Mazda-Axela/13373,https://www.grandemotors.co.nz/Motorcentral/VehicleData/GRA-c267ba1e-5777-41d6-8efc-18e491cf3591-1.jpg,"https://www.grandemotors.co.nz/Motorcentral/VehicleData/GRA-c267ba1e-5777-41d6-8efc-18e491cf3591-2.jpg,https://www.grandemotors.co.nz/Motorcentral/VehicleData/GRA-c267ba1e-5777-41d6-8efc-18e491cf3591-3.jpg,https://www.grandemotors.co.nz/Motorcentral/VehicleData/GRA-c267ba1e-5777-41d6-8efc-18e491cf3591-4.jpg,https://www.grandemotors.co.nz/Motorcentral/VehicleData/GRA-c267ba1e-5777-41d6-8efc-18e491cf3591-5.jpg,https://www.grandemotors.co.nz/Motorcentral/VehicleData/GRA-c267ba1e-5777-41d6-8efc-18e491cf3591-6.jpg,https://www.grandemotors.co.nz/Motorcentral/VehicleData/GRA-c267ba1e-5777-41d6-8efc-18e491cf3591-7.jpg,https://www.grandemotors.co.nz/Motorcentral/VehicleData/GRA-c267ba1e-5777-41d6-8efc-18e491cf3591-8.jpg,https://www.grandemotors.co.nz/Motorcentral/VehicleData/GRA-c267ba1e-5777-41d6-8efc-18e491cf3591-9.jpg,https://www.grandemotors.co.nz/Motorcentral/VehicleData/GRA-c267ba1e-5777-41d6-8efc-18e491cf3591-10.jpg,https://www.grandemotors.co.nz/Motorcentral/VehicleData/GRA-c267ba1e-5777-41d6-8efc-18e491cf3591-11.jpg,https://www.grandemotors.co.nz/Motorcentral/VehicleData/GRA-c267ba1e-5777-41d6-8efc-18e491cf3591-12.jpg,https://www.grandemotors.co.nz/Motorcentral/VehicleData/GRA-c267ba1e-5777-41d6-8efc-18e491cf3591-13.jpg,https://www.grandemotors.co.nz/Motorcentral/VehicleData/GRA-c267ba1e-5777-41d6-8efc-18e491cf3591-14.jpg,https://www.grandemotors.co.nz/Motorcentral/VehicleData/GRA-c267ba1e-5777-41d6-8efc-18e491cf3591-15.jpg,https://www.grandemotors.co.nz/Motorcentral/VehicleData/GRA-c267ba1e-5777-41d6-8efc-18e491cf3591-16.jpg,https://www.grandemotors.co.nz/Motorcentral/VehicleData/GRA-c267ba1e-5777-41d6-8efc-18e491cf3591-17.jpg,https://www.grandemotors.co.nz/Motorcentral/VehicleData/GRA-c267ba1e-5777-41d6-8efc-18e491cf3591-18.jpg",Mazda,"Vehicles & Parts > Vehicles > Cars, Trucks & Vans",2015,HATCHBACK,GASOLINE,Automatic,Grande Motors
6642,2015 Mazda Axela Radar Cruise. Bose. Alcantara,"Keyless entry. Engine button start. Premium ""BOSE"" sound system. 2015 Mazda Axela hatchback in silver colour with black interior. The Skyacti Available from Grande Motors Ltd, East Tamaki, Auckland.",in stock,used,13900.00 NZD,https://www.grandemotors.co.nz/vehicle/2015-Mazda-Axela/6642,https://www.grandemotors.co.nz/Motorcentral/VehicleData/GRA-a3359ea2-8efe-4f55-bd2e-06b5342022a4-1.jpg,"https://www.grandemotors.co.nz/Motorcentral/VehicleData/GRA-a3359ea2-8efe-4f55-bd2e-06b5342022a4-2.jpg,https://www.grandemotors.co.nz/Motorcentral/VehicleData/GRA-a3359ea2-8efe-4f55-bd2e-06b5342022a4-3.jpg,https://www.grandemotors.co.nz/Motorcentral/VehicleData/GRA-a3359ea2-8efe-4f55-bd2e-06b5342022a4-4.jpg,https://www.grandemotors.co.nz/Motorcentral/VehicleData/GRA-a3359ea2-8efe-4f55-bd2e-06b5342022a4-5.jpg,https://www.grandemotors.co.nz/Motorcentral/VehicleData/GRA-a3359ea2-8efe-4f55-bd2e-06b5342022a4-6.jpg,https://www.grandemotors.co.nz/Motorcentral/VehicleData/GRA-a3359ea2-8efe-4f55-bd2e-06b5342022a4-7.jpg,https://www.grandemotors.co.nz/Motorcentral/VehicleData/GRA-a3359ea2-8efe-4f55-bd2e-06b5342022a4-8.jpg,https://www.grandemotors.co.nz/Motorcentral/VehicleData/GRA-a3359ea2-8efe-4f55-bd2e-06b5342022a4-9.jpg,https://www.grandemotors.co.nz/Motorcentral/VehicleData/GRA-a3359ea2-8efe-4f55-bd2e-06b5342022a4-10.jpg,https://www.grandemotors.co.nz/Motorcentral/VehicleData/GRA-a3359ea2-8efe-4f55-bd2e-06b5342022a4-11.jpg,https://www.grandemotors.co.nz/Motorcentral/VehicleData/GRA-a3359ea2-8efe-4f55-bd2e-06b5342022a4-12.jpg,https://www.grandemotors.co.nz/Motorcentral/VehicleData/GRA-a3359ea2-8efe-4f55-bd2e-06b5342022a4-13.jpg,https://www.grandemotors.co.nz/Motorcentral/VehicleData/GRA-a3359ea2-8efe-4f55-bd2e-06b5342022a4-14.jpg,https://www.grandemotors.co.nz/Motorcentral/VehicleData/GRA-a3359ea2-8efe-4f55-bd2e-06b5342022a4-15.jpg,https://www.grandemotors.co.nz/Motorcentral/VehicleData/GRA-a3359ea2-8efe-4f55-bd2e-06b5342022a4-16.jpg,https://www.grandemotors.co.nz/Motorcentral/VehicleData/GRA-a3359ea2-8efe-4f55-bd2e-06b5342022a4-17.jpg,https://www.grandemotors.co.nz/Motorcentral/VehicleData/GRA-a3359ea2-8efe-4f55-bd2e-06b5342022a4-18.jpg,https://www.grandemotors.co.nz/Motorcentral/VehicleData/GRA-a3359ea2-8efe-4f55-bd2e-06b5342022a4-19.jpg,https://www.grandemotors.co.nz/Motorcentral/VehicleData/GRA-a3359ea2-8efe-4f55-bd2e-06b5342022a4-20.jpg",Mazda,"Vehicles & Parts > Vehicles > Cars, Trucks & Vans",2015,HATCHBACK,DIESEL,Automatic,Grande Motors
13077,2017 Mazda Biante 8 seater.Rear camera.Electric doors.,"Immobilizer. Engine button start. Both electric sliding door. 2017 Mazda Biante 8 seater in white colour with black interior. The Skyactiv tec Available from Grande Motors Ltd, East Tamaki, Auckland.",in stock,used,12900.00 NZD,https://www.grandemotors.co.nz/vehicle/2017-Mazda-Biante/13077,https://www.grandemotors.co.nz/Motorcentral/VehicleData/GRA-1f7d8a05-f1a4-4a5a-8dd2-fccf4c0558df-1.jpg,"https://www.grandemotors.co.nz/Motorcentral/VehicleData/GRA-1f7d8a05-f1a4-4a5a-8dd2-fccf4c0558df-2.jpg,https://www.grandemotors.co.nz/Motorcentral/VehicleData/GRA-1f7d8a05-f1a4-4a5a-8dd2-fccf4c0558df-3.jpg,https://www.grandemotors.co.nz/Motorcentral/VehicleData/GRA-1f7d8a05-f1a4-4a5a-8dd2-fccf4c0558df-4.jpg,https://www.grandemotors.co.nz/Motorcentral/VehicleData/GRA-1f7d8a05-f1a4-4a5a-8dd2-fccf4c0558df-5.jpg,https://www.grandemotors.co.nz/Motorcentral/VehicleData/GRA-1f7d8a05-f1a4-4a5a-8dd2-fccf4c0558df-6.jpg,https://www.grandemotors.co.nz/Motorcentral/VehicleData/GRA-1f7d8a05-f1a4-4a5a-8dd2-fccf4c0558df-7.jpg,https://www.grandemotors.co.nz/Motorcentral/VehicleData/GRA-1f7d8a05-f1a4-4a5a-8dd2-fccf4c0558df-8.jpg,https://www.grandemotors.co.nz/Motorcentral/VehicleData/GRA-1f7d8a05-f1a4-4a5a-8dd2-fccf4c0558df-9.jpg,https://www.grandemotors.co.nz/Motorcentral/VehicleData/GRA-1f7d8a05-f1a4-4a5a-8dd2-fccf4c0558df-10.jpg,https://www.grandemotors.co.nz/Motorcentral/VehicleData/GRA-1f7d8a05-f1a4-4a5a-8dd2-fccf4c0558df-11.jpg,https://www.grandemotors.co.nz/Motorcentral/VehicleData/GRA-1f7d8a05-f1a4-4a5a-8dd2-fccf4c0558df-12.jpg,https://www.grandemotors.co.nz/Motorcentral/VehicleData/GRA-1f7d8a05-f1a4-4a5a-8dd2-fccf4c0558df-13.jpg,https://www.grandemotors.co.nz/Motorcentral/VehicleData/GRA-1f7d8a05-f1a4-4a5a-8dd2-fccf4c0558df-14.jpg,https://www.grandemotors.co.nz/Motorcentral/VehicleData/GRA-1f7d8a05-f1a4-4a5a-8dd2-fccf4c0558df-15.jpg,https://www.grandemotors.co.nz/Motorcentral/VehicleData/GRA-1f7d8a05-f1a4-4a5a-8dd2-fccf4c0558df-16.jpg,https://www.grandemotors.co.nz/Motorcentral/VehicleData/GRA-1f7d8a05-f1a4-4a5a-8dd2-fccf4c0558df-17.jpg,https://www.grandemotors.co.nz/Motorcentral/VehicleData/GRA-1f7d8a05-f1a4-4a5a-8dd2-fccf4c0558df-18.jpg",Mazda,"Vehicles & Parts > Vehicles > Cars, Trucks & Vans",2017,VAN,GASOLINE,Automatic,Grande Motors
13119,2021 Mazda CX-30 20S Pro Active.HUD.Android/Apple CarPlay.360°cam.Radar cruise.Lane assist.,"Immobilizer. Keyless entry. Engine button start. HUD (Head Up Display). RCC (Radar Cruise Control). LKA (Lane Keeping Assistance). Alloy wheels Available from Grande Motors Ltd, East Tamaki, Auckland.",in stock,used,24900.00 NZD,https://www.grandemotors.co.nz/vehicle/2021-Mazda-CX-30/13119,https://www.grandemotors.co.nz/Motorcentral/VehicleData/GRA-7b13b90e-cfa9-4305-8fba-a164c2543eca-1.jpg,"https://www.grandemotors.co.nz/Motorcentral/VehicleData/GRA-7b13b90e-cfa9-4305-8fba-a164c2543eca-2.jpg,https://www.grandemotors.co.nz/Motorcentral/VehicleData/GRA-7b13b90e-cfa9-4305-8fba-a164c2543eca-3.jpg,https://www.grandemotors.co.nz/Motorcentral/VehicleData/GRA-7b13b90e-cfa9-4305-8fba-a164c2543eca-4.jpg,https://www.grandemotors.co.nz/Motorcentral/VehicleData/GRA-7b13b90e-cfa9-4305-8fba-a164c2543eca-5.jpg,https://www.grandemotors.co.nz/Motorcentral/VehicleData/GRA-7b13b90e-cfa9-4305-8fba-a164c2543eca-6.jpg,https://www.grandemotors.co.nz/Motorcentral/VehicleData/GRA-7b13b90e-cfa9-4305-8fba-a164c2543eca-7.jpg,https://www.grandemotors.co.nz/Motorcentral/VehicleData/GRA-7b13b90e-cfa9-4305-8fba-a164c2543eca-8.jpg,https://www.grandemotors.co.nz/Motorcentral/VehicleData/GRA-7b13b90e-cfa9-4305-8fba-a164c2543eca-9.jpg,https://www.grandemotors.co.nz/Motorcentral/VehicleData/GRA-7b13b90e-cfa9-4305-8fba-a164c2543eca-10.jpg,https://www.grandemotors.co.nz/Motorcentral/VehicleData/GRA-7b13b90e-cfa9-4305-8fba-a164c2543eca-11.jpg,https://www.grandemotors.co.nz/Motorcentral/VehicleData/GRA-7b13b90e-cfa9-4305-8fba-a164c2543eca-12.jpg,https://www.grandemotors.co.nz/Motorcentral/VehicleData/GRA-7b13b90e-cfa9-4305-8fba-a164c2543eca-13.jpg,https://www.grandemotors.co.nz/Motorcentral/VehicleData/GRA-7b13b90e-cfa9-4305-8fba-a164c2543eca-14.jpg,https://www.grandemotors.co.nz/Motorcentral/VehicleData/GRA-7b13b90e-cfa9-4305-8fba-a164c2543eca-15.jpg,https://www.grandemotors.co.nz/Motorcentral/VehicleData/GRA-7b13b90e-cfa9-4305-8fba-a164c2543eca-16.jpg,https://www.grandemotors.co.nz/Motorcentral/VehicleData/GRA-7b13b90e-cfa9-4305-8fba-a164c2543eca-17.jpg,https://www.grandemotors.co.nz/Motorcentral/VehicleData/GRA-7b13b90e-cfa9-4305-8fba-a164c2543eca-18.jpg,https://www.grandemotors.co.nz/Motorcentral/VehicleData/GRA-7b13b90e-cfa9-4305-8fba-a164c2543eca-19.jpg,https://www.grandemotors.co.nz/Motorcentral/VehicleData/GRA-7b13b90e-cfa9-4305-8fba-a164c2543eca-20.jpg",Mazda,"Vehicles & Parts > Vehicles > Cars, Trucks & Vans",2021,SUV,GASOLINE,Automatic,Grande Motors
9411,2014 Mazda CX-5 Diesel.Rear camera.Cruise control.,"LOW KM. Immobilizer. Keyless entry. Engine button start. Leather steering wheel. 20-inch alloy wheels with Japanese ""Dunlop"" tires. Skyactiv t Available from Grande Motors Ltd, East Tamaki, Auckland.",in stock,used,18900.00 NZD,https://www.grandemotors.co.nz/vehicle/2014-Mazda-CX-5/9411,https://www.grandemotors.co.nz/Motorcentral/VehicleData/GRA-f709049f-e3e2-45c6-bae0-61baa4916f03-1.jpg,"https://www.grandemotors.co.nz/Motorcentral/VehicleData/GRA-f709049f-e3e2-45c6-bae0-61baa4916f03-2.jpg,https://www.grandemotors.co.nz/Motorcentral/VehicleData/GRA-f709049f-e3e2-45c6-bae0-61baa4916f03-3.jpg,https://www.grandemotors.co.nz/Motorcentral/VehicleData/GRA-f709049f-e3e2-45c6-bae0-61baa4916f03-4.jpg,https://www.grandemotors.co.nz/Motorcentral/VehicleData/GRA-f709049f-e3e2-45c6-bae0-61baa4916f03-5.jpg,https://www.grandemotors.co.nz/Motorcentral/VehicleData/GRA-f709049f-e3e2-45c6-bae0-61baa4916f03-6.jpg,https://www.grandemotors.co.nz/Motorcentral/VehicleData/GRA-f709049f-e3e2-45c6-bae0-61baa4916f03-7.jpg,https://www.grandemotors.co.nz/Motorcentral/VehicleData/GRA-f709049f-e3e2-45c6-bae0-61baa4916f03-8.jpg,https://www.grandemotors.co.nz/Motorcentral/VehicleData/GRA-f709049f-e3e2-45c6-bae0-61baa4916f03-9.jpg,https://www.grandemotors.co.nz/Motorcentral/VehicleData/GRA-f709049f-e3e2-45c6-bae0-61baa4916f03-10.jpg,https://www.grandemotors.co.nz/Motorcentral/VehicleData/GRA-f709049f-e3e2-45c6-bae0-61baa4916f03-11.jpg,https://www.grandemotors.co.nz/Motorcentral/VehicleData/GRA-f709049f-e3e2-45c6-bae0-61baa4916f03-12.jpg,https://www.grandemotors.co.nz/Motorcentral/VehicleData/GRA-f709049f-e3e2-45c6-bae0-61baa4916f03-13.jpg,https://www.grandemotors.co.nz/Motorcentral/VehicleData/GRA-f709049f-e3e2-45c6-bae0-61baa4916f03-14.jpg,https://www.grandemotors.co.nz/Motorcentral/VehicleData/GRA-f709049f-e3e2-45c6-bae0-61baa4916f03-15.jpg,https://www.grandemotors.co.nz/Motorcentral/VehicleData/GRA-f709049f-e3e2-45c6-bae0-61baa4916f03-16.jpg,https://www.grandemotors.co.nz/Motorcentral/VehicleData/GRA-f709049f-e3e2-45c6-bae0-61baa4916f03-17.jpg",Mazda,"Vehicles & Parts > Vehicles > Cars, Trucks & Vans",2014,SUV,DIESEL,Automatic,Grande Motors
9412,2014 Mazda CX-5 LOW KM.Blind spot.Radar cruise.LKA.,"Immobilizer. Keyless entry. Engine button start. Leather steering wheel. Skyactiv technologies increase fuel efficiency and engine output. i-st Available from Grande Motors Ltd, East Tamaki, Auckland.",in stock,used,19900.00 NZD,https://www.grandemotors.co.nz/vehicle/2014-Mazda-CX-5/9412,https://www.grandemotors.co.nz/Motorcentral/VehicleData/GRA-5027f741-8445-447f-a9c0-100478cb6875-1.jpg,"https://www.grandemotors.co.nz/Motorcentral/VehicleData/GRA-5027f741-8445-447f-a9c0-100478cb6875-2.jpg,https://www.grandemotors.co.nz/Motorcentral/VehicleData/GRA-5027f741-8445-447f-a9c0-100478cb6875-3.jpg,https://www.grandemotors.co.nz/Motorcentral/VehicleData/GRA-5027f741-8445-447f-a9c0-100478cb6875-4.jpg,https://www.grandemotors.co.nz/Motorcentral/VehicleData/GRA-5027f741-8445-447f-a9c0-100478cb6875-5.jpg,https://www.grandemotors.co.nz/Motorcentral/VehicleData/GRA-5027f741-8445-447f-a9c0-100478cb6875-6.jpg,https://www.grandemotors.co.nz/Motorcentral/VehicleData/GRA-5027f741-8445-447f-a9c0-100478cb6875-7.jpg,https://www.grandemotors.co.nz/Motorcentral/VehicleData/GRA-5027f741-8445-447f-a9c0-100478cb6875-8.jpg,https://www.grandemotors.co.nz/Motorcentral/VehicleData/GRA-5027f741-8445-447f-a9c0-100478cb6875-9.jpg,https://www.grandemotors.co.nz/Motorcentral/VehicleData/GRA-5027f741-8445-447f-a9c0-100478cb6875-10.jpg,https://www.grandemotors.co.nz/Motorcentral/VehicleData/GRA-5027f741-8445-447f-a9c0-100478cb6875-11.jpg,https://www.grandemotors.co.nz/Motorcentral/VehicleData/GRA-5027f741-8445-447f-a9c0-100478cb6875-12.jpg,https://www.grandemotors.co.nz/Motorcentral/VehicleData/GRA-5027f741-8445-447f-a9c0-100478cb6875-13.jpg,https://www.grandemotors.co.nz/Motorcentral/VehicleData/GRA-5027f741-8445-447f-a9c0-100478cb6875-14.jpg,https://www.grandemotors.co.nz/Motorcentral/VehicleData/GRA-5027f741-8445-447f-a9c0-100478cb6875-15.jpg,https://www.grandemotors.co.nz/Motorcentral/VehicleData/GRA-5027f741-8445-447f-a9c0-100478cb6875-16.jpg,https://www.grandemotors.co.nz/Motorcentral/VehicleData/GRA-5027f741-8445-447f-a9c0-100478cb6875-17.jpg,https://www.grandemotors.co.nz/Motorcentral/VehicleData/GRA-5027f741-8445-447f-a9c0-100478cb6875-18.jpg,https://www.grandemotors.co.nz/Motorcentral/VehicleData/GRA-5027f741-8445-447f-a9c0-100478cb6875-19.jpg,https://www.grandemotors.co.nz/Motorcentral/VehicleData/GRA-5027f741-8445-447f-a9c0-100478cb6875-20.jpg",Mazda,"Vehicles & Parts > Vehicles > Cars, Trucks & Vans",2014,SUV,DIESEL,Automatic,Grande Motors
13163,2015 Mazda CX-5 25S.BOSE.Leather.Radar cruise.Lane assist.Blaind spot.Park sens.,"Immobilizer. Keyless entry. Parking sensors. Engine button start. HUD (Head Up Display). RCC (Radar Cruise Control). LKA (Lane Keeping Assistanc Available from Grande Motors Ltd, East Tamaki, Auckland.",in stock,used,21800.00 NZD,https://www.grandemotors.co.nz/vehicle/2015-Mazda-CX-5/13163,https://www.grandemotors.co.nz/Motorcentral/VehicleData/GRA-80440e60-798b-4448-8f89-2387ad7dbcdf-1.jpg,"https://www.grandemotors.co.nz/Motorcentral/VehicleData/GRA-80440e60-798b-4448-8f89-2387ad7dbcdf-2.jpg,https://www.grandemotors.co.nz/Motorcentral/VehicleData/GRA-80440e60-798b-4448-8f89-2387ad7dbcdf-3.jpg,https://www.grandemotors.co.nz/Motorcentral/VehicleData/GRA-80440e60-798b-4448-8f89-2387ad7dbcdf-4.jpg,https://www.grandemotors.co.nz/Motorcentral/VehicleData/GRA-80440e60-798b-4448-8f89-2387ad7dbcdf-5.jpg,https://www.grandemotors.co.nz/Motorcentral/VehicleData/GRA-80440e60-798b-4448-8f89-2387ad7dbcdf-6.jpg,https://www.grandemotors.co.nz/Motorcentral/VehicleData/GRA-80440e60-798b-4448-8f89-2387ad7dbcdf-7.jpg,https://www.grandemotors.co.nz/Motorcentral/VehicleData/GRA-80440e60-798b-4448-8f89-2387ad7dbcdf-8.jpg,https://www.grandemotors.co.nz/Motorcentral/VehicleData/GRA-80440e60-798b-4448-8f89-2387ad7dbcdf-9.jpg,https://www.grandemotors.co.nz/Motorcentral/VehicleData/GRA-80440e60-798b-4448-8f89-2387ad7dbcdf-10.jpg,https://www.grandemotors.co.nz/Motorcentral/VehicleData/GRA-80440e60-798b-4448-8f89-2387ad7dbcdf-11.jpg,https://www.grandemotors.co.nz/Motorcentral/VehicleData/GRA-80440e60-798b-4448-8f89-2387ad7dbcdf-12.jpg,https://www.grandemotors.co.nz/Motorcentral/VehicleData/GRA-80440e60-798b-4448-8f89-2387ad7dbcdf-13.jpg,https://www.grandemotors.co.nz/Motorcentral/VehicleData/GRA-80440e60-798b-4448-8f89-2387ad7dbcdf-14.jpg,https://www.grandemotors.co.nz/Motorcentral/VehicleData/GRA-80440e60-798b-4448-8f89-2387ad7dbcdf-15.jpg,https://www.grandemotors.co.nz/Motorcentral/VehicleData/GRA-80440e60-798b-4448-8f89-2387ad7dbcdf-16.jpg,https://www.grandemotors.co.nz/Motorcentral/VehicleData/GRA-80440e60-798b-4448-8f89-2387ad7dbcdf-17.jpg,https://www.grandemotors.co.nz/Motorcentral/VehicleData/GRA-80440e60-798b-4448-8f89-2387ad7dbcdf-18.jpg,https://www.grandemotors.co.nz/Motorcentral/VehicleData/GRA-80440e60-798b-4448-8f89-2387ad7dbcdf-19.jpg,https://www.grandemotors.co.nz/Motorcentral/VehicleData/GRA-80440e60-798b-4448-8f89-2387ad7dbcdf-20.jpg",Mazda,"Vehicles & Parts > Vehicles > Cars, Trucks & Vans",2015,SUV,GASOLINE,Automatic,Grande Motors
8915,2015 Mazda CX-5 LOW KM.4WD.Skyactiv.Cruise Control.Rear camera.,"LOW KM. Immobilizer. Keyless entry. Engine button start. Leather steering wheel. Reversing camera/Left side view camera. Skyactiv technologies Available from Grande Motors Ltd, East Tamaki, Auckland.",in stock,used,21800.00 NZD,https://www.grandemotors.co.nz/vehicle/2015-Mazda-CX-5/8915,https://www.grandemotors.co.nz/Motorcentral/VehicleData/GRA-90b2e2e7-974d-4b86-a6f1-101d949ccd22-1.jpg,"https://www.grandemotors.co.nz/Motorcentral/VehicleData/GRA-90b2e2e7-974d-4b86-a6f1-101d949ccd22-2.jpg,https://www.grandemotors.co.nz/Motorcentral/VehicleData/GRA-90b2e2e7-974d-4b86-a6f1-101d949ccd22-3.jpg,https://www.grandemotors.co.nz/Motorcentral/VehicleData/GRA-90b2e2e7-974d-4b86-a6f1-101d949ccd22-4.jpg,https://www.grandemotors.co.nz/Motorcentral/VehicleData/GRA-90b2e2e7-974d-4b86-a6f1-101d949ccd22-5.jpg,https://www.grandemotors.co.nz/Motorcentral/VehicleData/GRA-90b2e2e7-974d-4b86-a6f1-101d949ccd22-6.jpg,https://www.grandemotors.co.nz/Motorcentral/VehicleData/GRA-90b2e2e7-974d-4b86-a6f1-101d949ccd22-7.jpg,https://www.grandemotors.co.nz/Motorcentral/VehicleData/GRA-90b2e2e7-974d-4b86-a6f1-101d949ccd22-8.jpg,https://www.grandemotors.co.nz/Motorcentral/VehicleData/GRA-90b2e2e7-974d-4b86-a6f1-101d949ccd22-9.jpg,https://www.grandemotors.co.nz/Motorcentral/VehicleData/GRA-90b2e2e7-974d-4b86-a6f1-101d949ccd22-10.jpg,https://www.grandemotors.co.nz/Motorcentral/VehicleData/GRA-90b2e2e7-974d-4b86-a6f1-101d949ccd22-11.jpg,https://www.grandemotors.co.nz/Motorcentral/VehicleData/GRA-90b2e2e7-974d-4b86-a6f1-101d949ccd22-12.jpg,https://www.grandemotors.co.nz/Motorcentral/VehicleData/GRA-90b2e2e7-974d-4b86-a6f1-101d949ccd22-13.jpg,https://www.grandemotors.co.nz/Motorcentral/VehicleData/GRA-90b2e2e7-974d-4b86-a6f1-101d949ccd22-14.jpg,https://www.grandemotors.co.nz/Motorcentral/VehicleData/GRA-90b2e2e7-974d-4b86-a6f1-101d949ccd22-15.jpg,https://www.grandemotors.co.nz/Motorcentral/VehicleData/GRA-90b2e2e7-974d-4b86-a6f1-101d949ccd22-16.jpg,https://www.grandemotors.co.nz/Motorcentral/VehicleData/GRA-90b2e2e7-974d-4b86-a6f1-101d949ccd22-17.jpg,https://www.grandemotors.co.nz/Motorcentral/VehicleData/GRA-90b2e2e7-974d-4b86-a6f1-101d949ccd22-18.jpg,https://www.grandemotors.co.nz/Motorcentral/VehicleData/GRA-90b2e2e7-974d-4b86-a6f1-101d949ccd22-19.jpg",Mazda,"Vehicles & Parts > Vehicles > Cars, Trucks & Vans",2015,SUV,DIESEL,Automatic,Grande Motors
13453,2017 Mazda CX-5 25S.L.4WD.BOSE.HUD.Leather.Radar cruise.Lane assist.Park sens.,"Immobilizer. Keyless entry. Parking sensors. Engine button start. HUD (Head Up Display). RCC (Radar Cruise Control). LKA (Lane Keeping Assistanc Available from Grande Motors Ltd, East Tamaki, Auckland.",in stock,used,24500.00 NZD,https://www.grandemotors.co.nz/vehicle/2017-Mazda-CX-5/13453,https://www.grandemotors.co.nz/Motorcentral/VehicleData/GRA-79e7c657-d906-48a1-83cf-0850f0c50b34-1.jpg,"https://www.grandemotors.co.nz/Motorcentral/VehicleData/GRA-79e7c657-d906-48a1-83cf-0850f0c50b34-2.jpg,https://www.grandemotors.co.nz/Motorcentral/VehicleData/GRA-79e7c657-d906-48a1-83cf-0850f0c50b34-3.jpg,https://www.grandemotors.co.nz/Motorcentral/VehicleData/GRA-79e7c657-d906-48a1-83cf-0850f0c50b34-4.jpg,https://www.grandemotors.co.nz/Motorcentral/VehicleData/GRA-79e7c657-d906-48a1-83cf-0850f0c50b34-5.jpg,https://www.grandemotors.co.nz/Motorcentral/VehicleData/GRA-79e7c657-d906-48a1-83cf-0850f0c50b34-6.jpg,https://www.grandemotors.co.nz/Motorcentral/VehicleData/GRA-79e7c657-d906-48a1-83cf-0850f0c50b34-7.jpg,https://www.grandemotors.co.nz/Motorcentral/VehicleData/GRA-79e7c657-d906-48a1-83cf-0850f0c50b34-8.jpg,https://www.grandemotors.co.nz/Motorcentral/VehicleData/GRA-79e7c657-d906-48a1-83cf-0850f0c50b34-9.jpg,https://www.grandemotors.co.nz/Motorcentral/VehicleData/GRA-79e7c657-d906-48a1-83cf-0850f0c50b34-10.jpg,https://www.grandemotors.co.nz/Motorcentral/VehicleData/GRA-79e7c657-d906-48a1-83cf-0850f0c50b34-11.jpg,https://www.grandemotors.co.nz/Motorcentral/VehicleData/GRA-79e7c657-d906-48a1-83cf-0850f0c50b34-12.jpg,https://www.grandemotors.co.nz/Motorcentral/VehicleData/GRA-79e7c657-d906-48a1-83cf-0850f0c50b34-13.jpg,https://www.grandemotors.co.nz/Motorcentral/VehicleData/GRA-79e7c657-d906-48a1-83cf-0850f0c50b34-14.jpg,https://www.grandemotors.co.nz/Motorcentral/VehicleData/GRA-79e7c657-d906-48a1-83cf-0850f0c50b34-15.jpg,https://www.grandemotors.co.nz/Motorcentral/VehicleData/GRA-79e7c657-d906-48a1-83cf-0850f0c50b34-16.jpg,https://www.grandemotors.co.nz/Motorcentral/VehicleData/GRA-79e7c657-d906-48a1-83cf-0850f0c50b34-17.jpg,https://www.grandemotors.co.nz/Motorcentral/VehicleData/GRA-79e7c657-d906-48a1-83cf-0850f0c50b34-18.jpg,https://www.grandemotors.co.nz/Motorcentral/VehicleData/GRA-79e7c657-d906-48a1-83cf-0850f0c50b34-19.jpg,https://www.grandemotors.co.nz/Motorcentral/VehicleData/GRA-79e7c657-d906-48a1-83cf-0850f0c50b34-20.jpg",Mazda,"Vehicles & Parts > Vehicles > Cars, Trucks & Vans",2017,WAGON,GASOLINE,Automatic,Grande Motors
9414,2017 Mazda CX-5 AWD.Cruise control.Rear camera.,"Immobilizer. Keyless entry. Engine button start. Leather steering wheel. Reversing camera/Left side view camera. Skyactiv technologies increase Available from Grande Motors Ltd, East Tamaki, Auckland.",in stock,used,22900.00 NZD,https://www.grandemotors.co.nz/vehicle/2017-Mazda-CX-5/9414,https://www.grandemotors.co.nz/Motorcentral/VehicleData/GRA-3f148b38-847a-48d2-a03a-4609f2d1d61f-1.jpg,"https://www.grandemotors.co.nz/Motorcentral/VehicleData/GRA-3f148b38-847a-48d2-a03a-4609f2d1d61f-2.jpg,https://www.grandemotors.co.nz/Motorcentral/VehicleData/GRA-3f148b38-847a-48d2-a03a-4609f2d1d61f-3.jpg,https://www.grandemotors.co.nz/Motorcentral/VehicleData/GRA-3f148b38-847a-48d2-a03a-4609f2d1d61f-4.jpg,https://www.grandemotors.co.nz/Motorcentral/VehicleData/GRA-3f148b38-847a-48d2-a03a-4609f2d1d61f-5.jpg,https://www.grandemotors.co.nz/Motorcentral/VehicleData/GRA-3f148b38-847a-48d2-a03a-4609f2d1d61f-6.jpg,https://www.grandemotors.co.nz/Motorcentral/VehicleData/GRA-3f148b38-847a-48d2-a03a-4609f2d1d61f-7.jpg,https://www.grandemotors.co.nz/Motorcentral/VehicleData/GRA-3f148b38-847a-48d2-a03a-4609f2d1d61f-8.jpg,https://www.grandemotors.co.nz/Motorcentral/VehicleData/GRA-3f148b38-847a-48d2-a03a-4609f2d1d61f-9.jpg,https://www.grandemotors.co.nz/Motorcentral/VehicleData/GRA-3f148b38-847a-48d2-a03a-4609f2d1d61f-10.jpg,https://www.grandemotors.co.nz/Motorcentral/VehicleData/GRA-3f148b38-847a-48d2-a03a-4609f2d1d61f-11.jpg,https://www.grandemotors.co.nz/Motorcentral/VehicleData/GRA-3f148b38-847a-48d2-a03a-4609f2d1d61f-12.jpg,https://www.grandemotors.co.nz/Motorcentral/VehicleData/GRA-3f148b38-847a-48d2-a03a-4609f2d1d61f-13.jpg,https://www.grandemotors.co.nz/Motorcentral/VehicleData/GRA-3f148b38-847a-48d2-a03a-4609f2d1d61f-14.jpg,https://www.grandemotors.co.nz/Motorcentral/VehicleData/GRA-3f148b38-847a-48d2-a03a-4609f2d1d61f-15.jpg,https://www.grandemotors.co.nz/Motorcentral/VehicleData/GRA-3f148b38-847a-48d2-a03a-4609f2d1d61f-16.jpg,https://www.grandemotors.co.nz/Motorcentral/VehicleData/GRA-3f148b38-847a-48d2-a03a-4609f2d1d61f-17.jpg,https://www.grandemotors.co.nz/Motorcentral/VehicleData/GRA-3f148b38-847a-48d2-a03a-4609f2d1d61f-18.jpg,https://www.grandemotors.co.nz/Motorcentral/VehicleData/GRA-3f148b38-847a-48d2-a03a-4609f2d1d61f-19.jpg,https://www.grandemotors.co.nz/Motorcentral/VehicleData/GRA-3f148b38-847a-48d2-a03a-4609f2d1d61f-20.jpg",Mazda,"Vehicles & Parts > Vehicles > Cars, Trucks & Vans",2017,SUV,DIESEL,Automatic,Grande Motors
12946,2018 Mazda CX-5 20S Pro Active.HUD.Lane assist.Park sensors.Radar cruise.,"Immobilizer. Keyless entry. Parking sensors. Engine button start. HUD (Head Up Display). RCC (Radar Cruise Control). LKA (Lane Keeping Assistanc Available from Grande Motors Ltd, East Tamaki, Auckland.",in stock,used,22900.00 NZD,https://www.grandemotors.co.nz/vehicle/2018-Mazda-CX-5/12946,https://www.grandemotors.co.nz/Motorcentral/VehicleData/GRA-cf58de37-1999-4308-abe6-e0d23a2422cb-1.jpg,"https://www.grandemotors.co.nz/Motorcentral/VehicleData/GRA-cf58de37-1999-4308-abe6-e0d23a2422cb-2.jpg,https://www.grandemotors.co.nz/Motorcentral/VehicleData/GRA-cf58de37-1999-4308-abe6-e0d23a2422cb-3.jpg,https://www.grandemotors.co.nz/Motorcentral/VehicleData/GRA-cf58de37-1999-4308-abe6-e0d23a2422cb-4.jpg,https://www.grandemotors.co.nz/Motorcentral/VehicleData/GRA-cf58de37-1999-4308-abe6-e0d23a2422cb-5.jpg,https://www.grandemotors.co.nz/Motorcentral/VehicleData/GRA-cf58de37-1999-4308-abe6-e0d23a2422cb-6.jpg,https://www.grandemotors.co.nz/Motorcentral/VehicleData/GRA-cf58de37-1999-4308-abe6-e0d23a2422cb-7.jpg,https://www.grandemotors.co.nz/Motorcentral/VehicleData/GRA-cf58de37-1999-4308-abe6-e0d23a2422cb-8.jpg,https://www.grandemotors.co.nz/Motorcentral/VehicleData/GRA-cf58de37-1999-4308-abe6-e0d23a2422cb-9.jpg,https://www.grandemotors.co.nz/Motorcentral/VehicleData/GRA-cf58de37-1999-4308-abe6-e0d23a2422cb-10.jpg,https://www.grandemotors.co.nz/Motorcentral/VehicleData/GRA-cf58de37-1999-4308-abe6-e0d23a2422cb-11.jpg,https://www.grandemotors.co.nz/Motorcentral/VehicleData/GRA-cf58de37-1999-4308-abe6-e0d23a2422cb-12.jpg,https://www.grandemotors.co.nz/Motorcentral/VehicleData/GRA-cf58de37-1999-4308-abe6-e0d23a2422cb-13.jpg,https://www.grandemotors.co.nz/Motorcentral/VehicleData/GRA-cf58de37-1999-4308-abe6-e0d23a2422cb-14.jpg,https://www.grandemotors.co.nz/Motorcentral/VehicleData/GRA-cf58de37-1999-4308-abe6-e0d23a2422cb-15.jpg,https://www.grandemotors.co.nz/Motorcentral/VehicleData/GRA-cf58de37-1999-4308-abe6-e0d23a2422cb-16.jpg,https://www.grandemotors.co.nz/Motorcentral/VehicleData/GRA-cf58de37-1999-4308-abe6-e0d23a2422cb-17.jpg",Mazda,"Vehicles & Parts > Vehicles > Cars, Trucks & Vans",2018,SUV,GASOLINE,Automatic,Grande Motors
13081,2018 Mazda CX-5 20S Pro Active.HUD.Lane assist.Park sensors.Radar cruise.,"Immobilizer. Keyless entry. Parking sensors. Engine button start. HUD (Head Up Display). RCC (Radar Cruise Control). LKA (Lane Keeping Assistanc Available from Grande Motors Ltd, East Tamaki, Auckland.",in stock,used,22900.00 NZD,https://www.grandemotors.co.nz/vehicle/2018-Mazda-CX-5/13081,https://www.grandemotors.co.nz/Motorcentral/VehicleData/GRA-991e2566-5954-4184-817f-287f239f0e5e-1.jpg,"https://www.grandemotors.co.nz/Motorcentral/VehicleData/GRA-991e2566-5954-4184-817f-287f239f0e5e-2.jpg,https://www.grandemotors.co.nz/Motorcentral/VehicleData/GRA-991e2566-5954-4184-817f-287f239f0e5e-3.jpg,https://www.grandemotors.co.nz/Motorcentral/VehicleData/GRA-991e2566-5954-4184-817f-287f239f0e5e-4.jpg,https://www.grandemotors.co.nz/Motorcentral/VehicleData/GRA-991e2566-5954-4184-817f-287f239f0e5e-5.jpg,https://www.grandemotors.co.nz/Motorcentral/VehicleData/GRA-991e2566-5954-4184-817f-287f239f0e5e-6.jpg,https://www.grandemotors.co.nz/Motorcentral/VehicleData/GRA-991e2566-5954-4184-817f-287f239f0e5e-7.jpg,https://www.grandemotors.co.nz/Motorcentral/VehicleData/GRA-991e2566-5954-4184-817f-287f239f0e5e-8.jpg,https://www.grandemotors.co.nz/Motorcentral/VehicleData/GRA-991e2566-5954-4184-817f-287f239f0e5e-9.jpg,https://www.grandemotors.co.nz/Motorcentral/VehicleData/GRA-991e2566-5954-4184-817f-287f239f0e5e-10.jpg,https://www.grandemotors.co.nz/Motorcentral/VehicleData/GRA-991e2566-5954-4184-817f-287f239f0e5e-11.jpg,https://www.grandemotors.co.nz/Motorcentral/VehicleData/GRA-991e2566-5954-4184-817f-287f239f0e5e-12.jpg,https://www.grandemotors.co.nz/Motorcentral/VehicleData/GRA-991e2566-5954-4184-817f-287f239f0e5e-13.jpg,https://www.grandemotors.co.nz/Motorcentral/VehicleData/GRA-991e2566-5954-4184-817f-287f239f0e5e-14.jpg,https://www.grandemotors.co.nz/Motorcentral/VehicleData/GRA-991e2566-5954-4184-817f-287f239f0e5e-15.jpg,https://www.grandemotors.co.nz/Motorcentral/VehicleData/GRA-991e2566-5954-4184-817f-287f239f0e5e-16.jpg,https://www.grandemotors.co.nz/Motorcentral/VehicleData/GRA-991e2566-5954-4184-817f-287f239f0e5e-17.jpg,https://www.grandemotors.co.nz/Motorcentral/VehicleData/GRA-991e2566-5954-4184-817f-287f239f0e5e-18.jpg,https://www.grandemotors.co.nz/Motorcentral/VehicleData/GRA-991e2566-5954-4184-817f-287f239f0e5e-19.jpg",Mazda,"Vehicles & Parts > Vehicles > Cars, Trucks & Vans",2018,SUV,GASOLINE,Automatic,Grande Motors
13402,2020 Mazda CX-5 20S L.HUD.360°cam.Lane assist.Park sensors.Radar cruise.,"Immobilizer. Keyless entry. Parking sensors. Engine button start. HUD (Head Up Display). RCC (Radar Cruise Control). LKA (Lane Keeping Assistanc Available from Grande Motors Ltd, East Tamaki, Auckland.",in stock,used,26900.00 NZD,https://www.grandemotors.co.nz/vehicle/2020-Mazda-CX-5/13402,https://www.grandemotors.co.nz/Motorcentral/VehicleData/GRA-040fea64-ab58-4087-bcbf-d5b4dcb671ab-1.jpg,"https://www.grandemotors.co.nz/Motorcentral/VehicleData/GRA-040fea64-ab58-4087-bcbf-d5b4dcb671ab-2.jpg,https://www.grandemotors.co.nz/Motorcentral/VehicleData/GRA-040fea64-ab58-4087-bcbf-d5b4dcb671ab-3.jpg,https://www.grandemotors.co.nz/Motorcentral/VehicleData/GRA-040fea64-ab58-4087-bcbf-d5b4dcb671ab-4.jpg,https://www.grandemotors.co.nz/Motorcentral/VehicleData/GRA-040fea64-ab58-4087-bcbf-d5b4dcb671ab-5.jpg,https://www.grandemotors.co.nz/Motorcentral/VehicleData/GRA-040fea64-ab58-4087-bcbf-d5b4dcb671ab-6.jpg,https://www.grandemotors.co.nz/Motorcentral/VehicleData/GRA-040fea64-ab58-4087-bcbf-d5b4dcb671ab-7.jpg,https://www.grandemotors.co.nz/Motorcentral/VehicleData/GRA-040fea64-ab58-4087-bcbf-d5b4dcb671ab-8.jpg,https://www.grandemotors.co.nz/Motorcentral/VehicleData/GRA-040fea64-ab58-4087-bcbf-d5b4dcb671ab-9.jpg,https://www.grandemotors.co.nz/Motorcentral/VehicleData/GRA-040fea64-ab58-4087-bcbf-d5b4dcb671ab-10.jpg,https://www.grandemotors.co.nz/Motorcentral/VehicleData/GRA-040fea64-ab58-4087-bcbf-d5b4dcb671ab-11.jpg,https://www.grandemotors.co.nz/Motorcentral/VehicleData/GRA-040fea64-ab58-4087-bcbf-d5b4dcb671ab-12.jpg,https://www.grandemotors.co.nz/Motorcentral/VehicleData/GRA-040fea64-ab58-4087-bcbf-d5b4dcb671ab-13.jpg,https://www.grandemotors.co.nz/Motorcentral/VehicleData/GRA-040fea64-ab58-4087-bcbf-d5b4dcb671ab-14.jpg,https://www.grandemotors.co.nz/Motorcentral/VehicleData/GRA-040fea64-ab58-4087-bcbf-d5b4dcb671ab-15.jpg,https://www.grandemotors.co.nz/Motorcentral/VehicleData/GRA-040fea64-ab58-4087-bcbf-d5b4dcb671ab-16.jpg,https://www.grandemotors.co.nz/Motorcentral/VehicleData/GRA-040fea64-ab58-4087-bcbf-d5b4dcb671ab-17.jpg,https://www.grandemotors.co.nz/Motorcentral/VehicleData/GRA-040fea64-ab58-4087-bcbf-d5b4dcb671ab-18.jpg,https://www.grandemotors.co.nz/Motorcentral/VehicleData/GRA-040fea64-ab58-4087-bcbf-d5b4dcb671ab-19.jpg,https://www.grandemotors.co.nz/Motorcentral/VehicleData/GRA-040fea64-ab58-4087-bcbf-d5b4dcb671ab-20.jpg",Mazda,"Vehicles & Parts > Vehicles > Cars, Trucks & Vans",2020,SUV,GASOLINE,Automatic,Grande Motors
13076,2018 Mazda CX-8 25S.7 seats.HUD.Safety radar.Lane assist.360°camera.Park sensors.,"AUCTION GRADE 4,5. Keyless entry. Engine button start. HUD (Head Up Display). RCC (Radar Cruise Control). LKA (Lane Keeping Assistance). 201 Available from Grande Motors Ltd, East Tamaki, Auckland.",in stock,used,28900.00 NZD,https://www.grandemotors.co.nz/vehicle/2018-Mazda-CX-8/13076,https://www.grandemotors.co.nz/Motorcentral/VehicleData/GRA-e85a4cd6-ae0d-4db2-8926-ea4e393782b1-1.jpg,"https://www.grandemotors.co.nz/Motorcentral/VehicleData/GRA-e85a4cd6-ae0d-4db2-8926-ea4e393782b1-2.jpg,https://www.grandemotors.co.nz/Motorcentral/VehicleData/GRA-e85a4cd6-ae0d-4db2-8926-ea4e393782b1-3.jpg,https://www.grandemotors.co.nz/Motorcentral/VehicleData/GRA-e85a4cd6-ae0d-4db2-8926-ea4e393782b1-4.jpg,https://www.grandemotors.co.nz/Motorcentral/VehicleData/GRA-e85a4cd6-ae0d-4db2-8926-ea4e393782b1-5.jpg,https://www.grandemotors.co.nz/Motorcentral/VehicleData/GRA-e85a4cd6-ae0d-4db2-8926-ea4e393782b1-6.jpg,https://www.grandemotors.co.nz/Motorcentral/VehicleData/GRA-e85a4cd6-ae0d-4db2-8926-ea4e393782b1-7.jpg,https://www.grandemotors.co.nz/Motorcentral/VehicleData/GRA-e85a4cd6-ae0d-4db2-8926-ea4e393782b1-8.jpg,https://www.grandemotors.co.nz/Motorcentral/VehicleData/GRA-e85a4cd6-ae0d-4db2-8926-ea4e393782b1-9.jpg,https://www.grandemotors.co.nz/Motorcentral/VehicleData/GRA-e85a4cd6-ae0d-4db2-8926-ea4e393782b1-10.jpg,https://www.grandemotors.co.nz/Motorcentral/VehicleData/GRA-e85a4cd6-ae0d-4db2-8926-ea4e393782b1-11.jpg,https://www.grandemotors.co.nz/Motorcentral/VehicleData/GRA-e85a4cd6-ae0d-4db2-8926-ea4e393782b1-12.jpg,https://www.grandemotors.co.nz/Motorcentral/VehicleData/GRA-e85a4cd6-ae0d-4db2-8926-ea4e393782b1-13.jpg,https://www.grandemotors.co.nz/Motorcentral/VehicleData/GRA-e85a4cd6-ae0d-4db2-8926-ea4e393782b1-14.jpg,https://www.grandemotors.co.nz/Motorcentral/VehicleData/GRA-e85a4cd6-ae0d-4db2-8926-ea4e393782b1-15.jpg,https://www.grandemotors.co.nz/Motorcentral/VehicleData/GRA-e85a4cd6-ae0d-4db2-8926-ea4e393782b1-16.jpg,https://www.grandemotors.co.nz/Motorcentral/VehicleData/GRA-e85a4cd6-ae0d-4db2-8926-ea4e393782b1-17.jpg,https://www.grandemotors.co.nz/Motorcentral/VehicleData/GRA-e85a4cd6-ae0d-4db2-8926-ea4e393782b1-18.jpg,https://www.grandemotors.co.nz/Motorcentral/VehicleData/GRA-e85a4cd6-ae0d-4db2-8926-ea4e393782b1-19.jpg",Mazda,"Vehicles & Parts > Vehicles > Cars, Trucks & Vans",2018,SUV,GASOLINE,Automatic,Grande Motors
12726,2015 Mazda Demio Skyactiv.i-Stop.SRS Airbags.,"Certified LOW KM. Immobilizer. Engine button start. 2015 Mazda Demio hatchback in Red colour with red interior. The Skyactiv technology impr Available from Grande Motors Ltd, East Tamaki, Auckland.",in stock,used,10970.00 NZD,https://www.grandemotors.co.nz/vehicle/2015-Mazda-Demio/12726,https://www.grandemotors.co.nz/Motorcentral/VehicleData/GRA-c4d00781-9079-45aa-9472-e13cde9ce3fb-1.jpg,"https://www.grandemotors.co.nz/Motorcentral/VehicleData/GRA-c4d00781-9079-45aa-9472-e13cde9ce3fb-2.jpg,https://www.grandemotors.co.nz/Motorcentral/VehicleData/GRA-c4d00781-9079-45aa-9472-e13cde9ce3fb-3.jpg,https://www.grandemotors.co.nz/Motorcentral/VehicleData/GRA-c4d00781-9079-45aa-9472-e13cde9ce3fb-4.jpg,https://www.grandemotors.co.nz/Motorcentral/VehicleData/GRA-c4d00781-9079-45aa-9472-e13cde9ce3fb-5.jpg,https://www.grandemotors.co.nz/Motorcentral/VehicleData/GRA-c4d00781-9079-45aa-9472-e13cde9ce3fb-6.jpg,https://www.grandemotors.co.nz/Motorcentral/VehicleData/GRA-c4d00781-9079-45aa-9472-e13cde9ce3fb-7.jpg,https://www.grandemotors.co.nz/Motorcentral/VehicleData/GRA-c4d00781-9079-45aa-9472-e13cde9ce3fb-8.jpg,https://www.grandemotors.co.nz/Motorcentral/VehicleData/GRA-c4d00781-9079-45aa-9472-e13cde9ce3fb-9.jpg,https://www.grandemotors.co.nz/Motorcentral/VehicleData/GRA-c4d00781-9079-45aa-9472-e13cde9ce3fb-10.jpg,https://www.grandemotors.co.nz/Motorcentral/VehicleData/GRA-c4d00781-9079-45aa-9472-e13cde9ce3fb-11.jpg,https://www.grandemotors.co.nz/Motorcentral/VehicleData/GRA-c4d00781-9079-45aa-9472-e13cde9ce3fb-12.jpg,https://www.grandemotors.co.nz/Motorcentral/VehicleData/GRA-c4d00781-9079-45aa-9472-e13cde9ce3fb-13.jpg,https://www.grandemotors.co.nz/Motorcentral/VehicleData/GRA-c4d00781-9079-45aa-9472-e13cde9ce3fb-14.jpg,https://www.grandemotors.co.nz/Motorcentral/VehicleData/GRA-c4d00781-9079-45aa-9472-e13cde9ce3fb-15.jpg,https://www.grandemotors.co.nz/Motorcentral/VehicleData/GRA-c4d00781-9079-45aa-9472-e13cde9ce3fb-16.jpg,https://www.grandemotors.co.nz/Motorcentral/VehicleData/GRA-c4d00781-9079-45aa-9472-e13cde9ce3fb-17.jpg,https://www.grandemotors.co.nz/Motorcentral/VehicleData/GRA-c4d00781-9079-45aa-9472-e13cde9ce3fb-18.jpg",Mazda,"Vehicles & Parts > Vehicles > Cars, Trucks & Vans",2015,HATCHBACK,GASOLINE,Automatic,Grande Motors
13261,2016 Mazda Demio Skyactiv.i-Stop.SRS Airbags.,"Certified LOW KM. Immobilizer. Engine button start. 2016 Mazda Demio hatchback in blue colour with dark interior. The Skyactiv technology im Available from Grande Motors Ltd, East Tamaki, Auckland.",in stock,used,12400.00 NZD,https://www.grandemotors.co.nz/vehicle/2016-Mazda-Demio/13261,https://www.grandemotors.co.nz/Motorcentral/VehicleData/GRA-212057a8-6a38-4afe-a158-53c4f8cb23bc-1.jpg,"https://www.grandemotors.co.nz/Motorcentral/VehicleData/GRA-212057a8-6a38-4afe-a158-53c4f8cb23bc-2.jpg,https://www.grandemotors.co.nz/Motorcentral/VehicleData/GRA-212057a8-6a38-4afe-a158-53c4f8cb23bc-3.jpg,https://www.grandemotors.co.nz/Motorcentral/VehicleData/GRA-212057a8-6a38-4afe-a158-53c4f8cb23bc-4.jpg,https://www.grandemotors.co.nz/Motorcentral/VehicleData/GRA-212057a8-6a38-4afe-a158-53c4f8cb23bc-5.jpg,https://www.grandemotors.co.nz/Motorcentral/VehicleData/GRA-212057a8-6a38-4afe-a158-53c4f8cb23bc-6.jpg,https://www.grandemotors.co.nz/Motorcentral/VehicleData/GRA-212057a8-6a38-4afe-a158-53c4f8cb23bc-7.jpg,https://www.grandemotors.co.nz/Motorcentral/VehicleData/GRA-212057a8-6a38-4afe-a158-53c4f8cb23bc-8.jpg,https://www.grandemotors.co.nz/Motorcentral/VehicleData/GRA-212057a8-6a38-4afe-a158-53c4f8cb23bc-9.jpg,https://www.grandemotors.co.nz/Motorcentral/VehicleData/GRA-212057a8-6a38-4afe-a158-53c4f8cb23bc-10.jpg,https://www.grandemotors.co.nz/Motorcentral/VehicleData/GRA-212057a8-6a38-4afe-a158-53c4f8cb23bc-11.jpg,https://www.grandemotors.co.nz/Motorcentral/VehicleData/GRA-212057a8-6a38-4afe-a158-53c4f8cb23bc-12.jpg,https://www.grandemotors.co.nz/Motorcentral/VehicleData/GRA-212057a8-6a38-4afe-a158-53c4f8cb23bc-13.jpg,https://www.grandemotors.co.nz/Motorcentral/VehicleData/GRA-212057a8-6a38-4afe-a158-53c4f8cb23bc-14.jpg,https://www.grandemotors.co.nz/Motorcentral/VehicleData/GRA-212057a8-6a38-4afe-a158-53c4f8cb23bc-15.jpg,https://www.grandemotors.co.nz/Motorcentral/VehicleData/GRA-212057a8-6a38-4afe-a158-53c4f8cb23bc-16.jpg,https://www.grandemotors.co.nz/Motorcentral/VehicleData/GRA-212057a8-6a38-4afe-a158-53c4f8cb23bc-17.jpg,https://www.grandemotors.co.nz/Motorcentral/VehicleData/GRA-212057a8-6a38-4afe-a158-53c4f8cb23bc-18.jpg",Mazda,"Vehicles & Parts > Vehicles > Cars, Trucks & Vans",2016,HATCHBACK,GASOLINE,Automatic,Grande Motors
13262,2018 Mazda Demio 13S.Touring.Skyactiv.HUD.360°camera.Park sensors.Alloys.,"Immobilizer. Parking sensors. Engine button start. HUD (Head Up Display). LKA (Lane Keeping Assistance). Surrounding camera/Reversing camera. Available from Grande Motors Ltd, East Tamaki, Auckland.",in stock,used,12900.00 NZD,https://www.grandemotors.co.nz/vehicle/2018-Mazda-Demio/13262,https://www.grandemotors.co.nz/Motorcentral/VehicleData/GRA-6cd4c75b-a5cc-49c1-98cd-02c6ea481695-1.jpg,"https://www.grandemotors.co.nz/Motorcentral/VehicleData/GRA-6cd4c75b-a5cc-49c1-98cd-02c6ea481695-2.jpg,https://www.grandemotors.co.nz/Motorcentral/VehicleData/GRA-6cd4c75b-a5cc-49c1-98cd-02c6ea481695-3.jpg,https://www.grandemotors.co.nz/Motorcentral/VehicleData/GRA-6cd4c75b-a5cc-49c1-98cd-02c6ea481695-4.jpg,https://www.grandemotors.co.nz/Motorcentral/VehicleData/GRA-6cd4c75b-a5cc-49c1-98cd-02c6ea481695-5.jpg,https://www.grandemotors.co.nz/Motorcentral/VehicleData/GRA-6cd4c75b-a5cc-49c1-98cd-02c6ea481695-6.jpg,https://www.grandemotors.co.nz/Motorcentral/VehicleData/GRA-6cd4c75b-a5cc-49c1-98cd-02c6ea481695-7.jpg,https://www.grandemotors.co.nz/Motorcentral/VehicleData/GRA-6cd4c75b-a5cc-49c1-98cd-02c6ea481695-8.jpg,https://www.grandemotors.co.nz/Motorcentral/VehicleData/GRA-6cd4c75b-a5cc-49c1-98cd-02c6ea481695-9.jpg,https://www.grandemotors.co.nz/Motorcentral/VehicleData/GRA-6cd4c75b-a5cc-49c1-98cd-02c6ea481695-10.jpg,https://www.grandemotors.co.nz/Motorcentral/VehicleData/GRA-6cd4c75b-a5cc-49c1-98cd-02c6ea481695-11.jpg,https://www.grandemotors.co.nz/Motorcentral/VehicleData/GRA-6cd4c75b-a5cc-49c1-98cd-02c6ea481695-12.jpg,https://www.grandemotors.co.nz/Motorcentral/VehicleData/GRA-6cd4c75b-a5cc-49c1-98cd-02c6ea481695-13.jpg,https://www.grandemotors.co.nz/Motorcentral/VehicleData/GRA-6cd4c75b-a5cc-49c1-98cd-02c6ea481695-14.jpg,https://www.grandemotors.co.nz/Motorcentral/VehicleData/GRA-6cd4c75b-a5cc-49c1-98cd-02c6ea481695-15.jpg,https://www.grandemotors.co.nz/Motorcentral/VehicleData/GRA-6cd4c75b-a5cc-49c1-98cd-02c6ea481695-16.jpg,https://www.grandemotors.co.nz/Motorcentral/VehicleData/GRA-6cd4c75b-a5cc-49c1-98cd-02c6ea481695-17.jpg,https://www.grandemotors.co.nz/Motorcentral/VehicleData/GRA-6cd4c75b-a5cc-49c1-98cd-02c6ea481695-18.jpg",Mazda,"Vehicles & Parts > Vehicles > Cars, Trucks & Vans",2018,HATCHBACK,GASOLINE,Automatic,Grande Motors
13391,2018 Mazda Demio 13S.Touring.HUD.Skyactiv.i-Stop.Park sens.Button start.LOW KM.,"Immobilizer. Parking sensors. Engine button start. HUD (Head Up Display). 2018 Mazda Demio S Touring hatchback in white colour with dark interio Available from Grande Motors Ltd, East Tamaki, Auckland.",in stock,used,15900.00 NZD,https://www.grandemotors.co.nz/vehicle/2018-Mazda-Demio/13391,https://www.grandemotors.co.nz/Motorcentral/VehicleData/GRA-f5d93aec-2f4b-4155-8c60-8ba29661c69a-1.jpg,"https://www.grandemotors.co.nz/Motorcentral/VehicleData/GRA-f5d93aec-2f4b-4155-8c60-8ba29661c69a-2.jpg,https://www.grandemotors.co.nz/Motorcentral/VehicleData/GRA-f5d93aec-2f4b-4155-8c60-8ba29661c69a-3.jpg,https://www.grandemotors.co.nz/Motorcentral/VehicleData/GRA-f5d93aec-2f4b-4155-8c60-8ba29661c69a-4.jpg,https://www.grandemotors.co.nz/Motorcentral/VehicleData/GRA-f5d93aec-2f4b-4155-8c60-8ba29661c69a-5.jpg,https://www.grandemotors.co.nz/Motorcentral/VehicleData/GRA-f5d93aec-2f4b-4155-8c60-8ba29661c69a-6.jpg,https://www.grandemotors.co.nz/Motorcentral/VehicleData/GRA-f5d93aec-2f4b-4155-8c60-8ba29661c69a-7.jpg,https://www.grandemotors.co.nz/Motorcentral/VehicleData/GRA-f5d93aec-2f4b-4155-8c60-8ba29661c69a-8.jpg,https://www.grandemotors.co.nz/Motorcentral/VehicleData/GRA-f5d93aec-2f4b-4155-8c60-8ba29661c69a-9.jpg,https://www.grandemotors.co.nz/Motorcentral/VehicleData/GRA-f5d93aec-2f4b-4155-8c60-8ba29661c69a-10.jpg,https://www.grandemotors.co.nz/Motorcentral/VehicleData/GRA-f5d93aec-2f4b-4155-8c60-8ba29661c69a-11.jpg,https://www.grandemotors.co.nz/Motorcentral/VehicleData/GRA-f5d93aec-2f4b-4155-8c60-8ba29661c69a-12.jpg,https://www.grandemotors.co.nz/Motorcentral/VehicleData/GRA-f5d93aec-2f4b-4155-8c60-8ba29661c69a-13.jpg,https://www.grandemotors.co.nz/Motorcentral/VehicleData/GRA-f5d93aec-2f4b-4155-8c60-8ba29661c69a-14.jpg,https://www.grandemotors.co.nz/Motorcentral/VehicleData/GRA-f5d93aec-2f4b-4155-8c60-8ba29661c69a-15.jpg,https://www.grandemotors.co.nz/Motorcentral/VehicleData/GRA-f5d93aec-2f4b-4155-8c60-8ba29661c69a-16.jpg,https://www.grandemotors.co.nz/Motorcentral/VehicleData/GRA-f5d93aec-2f4b-4155-8c60-8ba29661c69a-17.jpg,https://www.grandemotors.co.nz/Motorcentral/VehicleData/GRA-f5d93aec-2f4b-4155-8c60-8ba29661c69a-18.jpg,https://www.grandemotors.co.nz/Motorcentral/VehicleData/GRA-f5d93aec-2f4b-4155-8c60-8ba29661c69a-19.jpg,https://www.grandemotors.co.nz/Motorcentral/VehicleData/GRA-f5d93aec-2f4b-4155-8c60-8ba29661c69a-20.jpg",Mazda,"Vehicles & Parts > Vehicles > Cars, Trucks & Vans",2018,HATCHBACK,GASOLINE,Automatic,Grande Motors
13166,2013 Mazda Premacy 7 seats.Cruise control.Rear cam.Skyactiv.SRS Airbags.,"Keyless entry. Cruise control. 2013 Mazda Premacy Skyactiv in grey colour with black interior. Japanese import, smooth 2000cc chain driven engi Available from Grande Motors Ltd, East Tamaki, Auckland.",in stock,used,11500.00 NZD,https://www.grandemotors.co.nz/vehicle/2013-Mazda-Premacy/13166,https://www.grandemotors.co.nz/Motorcentral/VehicleData/GRA-fa6ace25-d410-4aa5-a89b-2a20b4418da6-1.jpg,"https://www.grandemotors.co.nz/Motorcentral/VehicleData/GRA-fa6ace25-d410-4aa5-a89b-2a20b4418da6-2.jpg,https://www.grandemotors.co.nz/Motorcentral/VehicleData/GRA-fa6ace25-d410-4aa5-a89b-2a20b4418da6-3.jpg,https://www.grandemotors.co.nz/Motorcentral/VehicleData/GRA-fa6ace25-d410-4aa5-a89b-2a20b4418da6-4.jpg,https://www.grandemotors.co.nz/Motorcentral/VehicleData/GRA-fa6ace25-d410-4aa5-a89b-2a20b4418da6-5.jpg,https://www.grandemotors.co.nz/Motorcentral/VehicleData/GRA-fa6ace25-d410-4aa5-a89b-2a20b4418da6-6.jpg,https://www.grandemotors.co.nz/Motorcentral/VehicleData/GRA-fa6ace25-d410-4aa5-a89b-2a20b4418da6-7.jpg,https://www.grandemotors.co.nz/Motorcentral/VehicleData/GRA-fa6ace25-d410-4aa5-a89b-2a20b4418da6-8.jpg,https://www.grandemotors.co.nz/Motorcentral/VehicleData/GRA-fa6ace25-d410-4aa5-a89b-2a20b4418da6-9.jpg,https://www.grandemotors.co.nz/Motorcentral/VehicleData/GRA-fa6ace25-d410-4aa5-a89b-2a20b4418da6-10.jpg,https://www.grandemotors.co.nz/Motorcentral/VehicleData/GRA-fa6ace25-d410-4aa5-a89b-2a20b4418da6-11.jpg,https://www.grandemotors.co.nz/Motorcentral/VehicleData/GRA-fa6ace25-d410-4aa5-a89b-2a20b4418da6-12.jpg,https://www.grandemotors.co.nz/Motorcentral/VehicleData/GRA-fa6ace25-d410-4aa5-a89b-2a20b4418da6-13.jpg,https://www.grandemotors.co.nz/Motorcentral/VehicleData/GRA-fa6ace25-d410-4aa5-a89b-2a20b4418da6-14.jpg,https://www.grandemotors.co.nz/Motorcentral/VehicleData/GRA-fa6ace25-d410-4aa5-a89b-2a20b4418da6-15.jpg,https://www.grandemotors.co.nz/Motorcentral/VehicleData/GRA-fa6ace25-d410-4aa5-a89b-2a20b4418da6-16.jpg,https://www.grandemotors.co.nz/Motorcentral/VehicleData/GRA-fa6ace25-d410-4aa5-a89b-2a20b4418da6-17.jpg,https://www.grandemotors.co.nz/Motorcentral/VehicleData/GRA-fa6ace25-d410-4aa5-a89b-2a20b4418da6-18.jpg,https://www.grandemotors.co.nz/Motorcentral/VehicleData/GRA-fa6ace25-d410-4aa5-a89b-2a20b4418da6-19.jpg,https://www.grandemotors.co.nz/Motorcentral/VehicleData/GRA-fa6ace25-d410-4aa5-a89b-2a20b4418da6-20.jpg",Mazda,"Vehicles & Parts > Vehicles > Cars, Trucks & Vans",2013,WAGON,GASOLINE,Automatic,Grande Motors
12685,2016 Mazda Premacy 7 seater.Alloy wheels.8 SRS Airbags.Rear camera.,"Immobilizer. Both electric sliding doors. Alloy wheels with ""Bridgestone"" tires. 2016 Mazda Premacy 2.0 7 seater station wagon in red colour with Available from Grande Motors Ltd, East Tamaki, Auckland.",in stock,used,8900.00 NZD,https://www.grandemotors.co.nz/vehicle/2016-Mazda-Premacy/12685,https://www.grandemotors.co.nz/Motorcentral/VehicleData/GRA-6ee1162a-69f9-44a4-a4de-ef8bd89c171d-1.jpg,"https://www.grandemotors.co.nz/Motorcentral/VehicleData/GRA-6ee1162a-69f9-44a4-a4de-ef8bd89c171d-2.jpg,https://www.grandemotors.co.nz/Motorcentral/VehicleData/GRA-6ee1162a-69f9-44a4-a4de-ef8bd89c171d-3.jpg,https://www.grandemotors.co.nz/Motorcentral/VehicleData/GRA-6ee1162a-69f9-44a4-a4de-ef8bd89c171d-4.jpg,https://www.grandemotors.co.nz/Motorcentral/VehicleData/GRA-6ee1162a-69f9-44a4-a4de-ef8bd89c171d-5.jpg,https://www.grandemotors.co.nz/Motorcentral/VehicleData/GRA-6ee1162a-69f9-44a4-a4de-ef8bd89c171d-6.jpg,https://www.grandemotors.co.nz/Motorcentral/VehicleData/GRA-6ee1162a-69f9-44a4-a4de-ef8bd89c171d-7.jpg,https://www.grandemotors.co.nz/Motorcentral/VehicleData/GRA-6ee1162a-69f9-44a4-a4de-ef8bd89c171d-8.jpg,https://www.grandemotors.co.nz/Motorcentral/VehicleData/GRA-6ee1162a-69f9-44a4-a4de-ef8bd89c171d-9.jpg,https://www.grandemotors.co.nz/Motorcentral/VehicleData/GRA-6ee1162a-69f9-44a4-a4de-ef8bd89c171d-10.jpg,https://www.grandemotors.co.nz/Motorcentral/VehicleData/GRA-6ee1162a-69f9-44a4-a4de-ef8bd89c171d-11.jpg,https://www.grandemotors.co.nz/Motorcentral/VehicleData/GRA-6ee1162a-69f9-44a4-a4de-ef8bd89c171d-12.jpg,https://www.grandemotors.co.nz/Motorcentral/VehicleData/GRA-6ee1162a-69f9-44a4-a4de-ef8bd89c171d-13.jpg,https://www.grandemotors.co.nz/Motorcentral/VehicleData/GRA-6ee1162a-69f9-44a4-a4de-ef8bd89c171d-14.jpg,https://www.grandemotors.co.nz/Motorcentral/VehicleData/GRA-6ee1162a-69f9-44a4-a4de-ef8bd89c171d-15.jpg,https://www.grandemotors.co.nz/Motorcentral/VehicleData/GRA-6ee1162a-69f9-44a4-a4de-ef8bd89c171d-16.jpg,https://www.grandemotors.co.nz/Motorcentral/VehicleData/GRA-6ee1162a-69f9-44a4-a4de-ef8bd89c171d-17.jpg,https://www.grandemotors.co.nz/Motorcentral/VehicleData/GRA-6ee1162a-69f9-44a4-a4de-ef8bd89c171d-18.jpg",Mazda,"Vehicles & Parts > Vehicles > Cars, Trucks & Vans",2016,WAGON,GASOLINE,Automatic,Grande Motors
8805,2011 Mercedes-Benz E 250 Wagon.Rear camera.Alarm.New tires.LOW KM.,"LOW KM. Roof rails. Electric tailgate. Electric memory seats, Alloy wheels wit brand new tires. 2012 Mercedes-Benz E350 Avantgarde station wago Available from Grande Motors Ltd, East Tamaki, Auckland.",in stock,used,16900.00 NZD,https://www.grandemotors.co.nz/vehicle/2011-Mercedes-Benz-E250/8805,https://www.grandemotors.co.nz/Motorcentral/VehicleData/GRA-710eba02-e150-4554-a666-46b3106fc9b6-1.jpg,"https://www.grandemotors.co.nz/Motorcentral/VehicleData/GRA-710eba02-e150-4554-a666-46b3106fc9b6-2.jpg,https://www.grandemotors.co.nz/Motorcentral/VehicleData/GRA-710eba02-e150-4554-a666-46b3106fc9b6-3.jpg,https://www.grandemotors.co.nz/Motorcentral/VehicleData/GRA-710eba02-e150-4554-a666-46b3106fc9b6-4.jpg,https://www.grandemotors.co.nz/Motorcentral/VehicleData/GRA-710eba02-e150-4554-a666-46b3106fc9b6-5.jpg,https://www.grandemotors.co.nz/Motorcentral/VehicleData/GRA-710eba02-e150-4554-a666-46b3106fc9b6-6.jpg,https://www.grandemotors.co.nz/Motorcentral/VehicleData/GRA-710eba02-e150-4554-a666-46b3106fc9b6-7.jpg,https://www.grandemotors.co.nz/Motorcentral/VehicleData/GRA-710eba02-e150-4554-a666-46b3106fc9b6-8.jpg,https://www.grandemotors.co.nz/Motorcentral/VehicleData/GRA-710eba02-e150-4554-a666-46b3106fc9b6-9.jpg,https://www.grandemotors.co.nz/Motorcentral/VehicleData/GRA-710eba02-e150-4554-a666-46b3106fc9b6-10.jpg,https://www.grandemotors.co.nz/Motorcentral/VehicleData/GRA-710eba02-e150-4554-a666-46b3106fc9b6-11.jpg,https://www.grandemotors.co.nz/Motorcentral/VehicleData/GRA-710eba02-e150-4554-a666-46b3106fc9b6-12.jpg,https://www.grandemotors.co.nz/Motorcentral/VehicleData/GRA-710eba02-e150-4554-a666-46b3106fc9b6-13.jpg,https://www.grandemotors.co.nz/Motorcentral/VehicleData/GRA-710eba02-e150-4554-a666-46b3106fc9b6-14.jpg,https://www.grandemotors.co.nz/Motorcentral/VehicleData/GRA-710eba02-e150-4554-a666-46b3106fc9b6-15.jpg,https://www.grandemotors.co.nz/Motorcentral/VehicleData/GRA-710eba02-e150-4554-a666-46b3106fc9b6-16.jpg,https://www.grandemotors.co.nz/Motorcentral/VehicleData/GRA-710eba02-e150-4554-a666-46b3106fc9b6-17.jpg,https://www.grandemotors.co.nz/Motorcentral/VehicleData/GRA-710eba02-e150-4554-a666-46b3106fc9b6-18.jpg,https://www.grandemotors.co.nz/Motorcentral/VehicleData/GRA-710eba02-e150-4554-a666-46b3106fc9b6-19.jpg",Mercedes-Benz,"Vehicles & Parts > Vehicles > Cars, Trucks & Vans",2011,WAGON,GASOLINE,Automatic,Grande Motors
8885,2013 Mercedes-Benz E 350 AMG.Alarm.Leather.Rear camera.10 SRS Airbags.,"Alarm. Immobiliser. Black headlining. Parking assistance. BMS (Blind Spot Monitoring). Distronic Plus (adaptive cruise control). LED Intelligent Available from Grande Motors Ltd, East Tamaki, Auckland.",in stock,used,21900.00 NZD,https://www.grandemotors.co.nz/vehicle/2013-Mercedes-Benz-E350/8885,https://www.grandemotors.co.nz/Motorcentral/VehicleData/GRA-716d99de-775b-4ef0-8006-de97b1be7eb2-1.jpg,"https://www.grandemotors.co.nz/Motorcentral/VehicleData/GRA-716d99de-775b-4ef0-8006-de97b1be7eb2-2.jpg,https://www.grandemotors.co.nz/Motorcentral/VehicleData/GRA-716d99de-775b-4ef0-8006-de97b1be7eb2-3.jpg,https://www.grandemotors.co.nz/Motorcentral/VehicleData/GRA-716d99de-775b-4ef0-8006-de97b1be7eb2-4.jpg,https://www.grandemotors.co.nz/Motorcentral/VehicleData/GRA-716d99de-775b-4ef0-8006-de97b1be7eb2-5.jpg,https://www.grandemotors.co.nz/Motorcentral/VehicleData/GRA-716d99de-775b-4ef0-8006-de97b1be7eb2-6.jpg,https://www.grandemotors.co.nz/Motorcentral/VehicleData/GRA-716d99de-775b-4ef0-8006-de97b1be7eb2-7.jpg,https://www.grandemotors.co.nz/Motorcentral/VehicleData/GRA-716d99de-775b-4ef0-8006-de97b1be7eb2-8.jpg,https://www.grandemotors.co.nz/Motorcentral/VehicleData/GRA-716d99de-775b-4ef0-8006-de97b1be7eb2-9.jpg,https://www.grandemotors.co.nz/Motorcentral/VehicleData/GRA-716d99de-775b-4ef0-8006-de97b1be7eb2-10.jpg,https://www.grandemotors.co.nz/Motorcentral/VehicleData/GRA-716d99de-775b-4ef0-8006-de97b1be7eb2-11.jpg,https://www.grandemotors.co.nz/Motorcentral/VehicleData/GRA-716d99de-775b-4ef0-8006-de97b1be7eb2-12.jpg,https://www.grandemotors.co.nz/Motorcentral/VehicleData/GRA-716d99de-775b-4ef0-8006-de97b1be7eb2-13.jpg,https://www.grandemotors.co.nz/Motorcentral/VehicleData/GRA-716d99de-775b-4ef0-8006-de97b1be7eb2-14.jpg,https://www.grandemotors.co.nz/Motorcentral/VehicleData/GRA-716d99de-775b-4ef0-8006-de97b1be7eb2-15.jpg,https://www.grandemotors.co.nz/Motorcentral/VehicleData/GRA-716d99de-775b-4ef0-8006-de97b1be7eb2-16.jpg,https://www.grandemotors.co.nz/Motorcentral/VehicleData/GRA-716d99de-775b-4ef0-8006-de97b1be7eb2-17.jpg,https://www.grandemotors.co.nz/Motorcentral/VehicleData/GRA-716d99de-775b-4ef0-8006-de97b1be7eb2-18.jpg,https://www.grandemotors.co.nz/Motorcentral/VehicleData/GRA-716d99de-775b-4ef0-8006-de97b1be7eb2-19.jpg,https://www.grandemotors.co.nz/Motorcentral/VehicleData/GRA-716d99de-775b-4ef0-8006-de97b1be7eb2-20.jpg",Mercedes-Benz,"Vehicles & Parts > Vehicles > Cars, Trucks & Vans",2013,SEDAN,DIESEL,Automatic,Grande Motors
13454,2021 Mitsubishi Eclipse Cross G.PHEV.4WD.360°camera.HUD.Lane assist.Safety radar.Park sensors.,"Alarm. Keyless entry. Electric boot door. Engine button start. RCC (Radar Cruise Control). LKA (Lane Keeping Assistance). FCM (Forward Collision Available from Grande Motors Ltd, East Tamaki, Auckland.",in stock,used,27500.00 NZD,https://www.grandemotors.co.nz/vehicle/2021-Mitsubishi-EclipseCross/13454,https://www.grandemotors.co.nz/Motorcentral/VehicleData/GRA-eeb3be5e-bea8-4272-95f3-9fc4078fde7c-1.jpg,"https://www.grandemotors.co.nz/Motorcentral/VehicleData/GRA-eeb3be5e-bea8-4272-95f3-9fc4078fde7c-2.jpg,https://www.grandemotors.co.nz/Motorcentral/VehicleData/GRA-eeb3be5e-bea8-4272-95f3-9fc4078fde7c-3.jpg,https://www.grandemotors.co.nz/Motorcentral/VehicleData/GRA-eeb3be5e-bea8-4272-95f3-9fc4078fde7c-4.jpg,https://www.grandemotors.co.nz/Motorcentral/VehicleData/GRA-eeb3be5e-bea8-4272-95f3-9fc4078fde7c-5.jpg,https://www.grandemotors.co.nz/Motorcentral/VehicleData/GRA-eeb3be5e-bea8-4272-95f3-9fc4078fde7c-6.jpg,https://www.grandemotors.co.nz/Motorcentral/VehicleData/GRA-eeb3be5e-bea8-4272-95f3-9fc4078fde7c-7.jpg,https://www.grandemotors.co.nz/Motorcentral/VehicleData/GRA-eeb3be5e-bea8-4272-95f3-9fc4078fde7c-8.jpg,https://www.grandemotors.co.nz/Motorcentral/VehicleData/GRA-eeb3be5e-bea8-4272-95f3-9fc4078fde7c-9.jpg,https://www.grandemotors.co.nz/Motorcentral/VehicleData/GRA-eeb3be5e-bea8-4272-95f3-9fc4078fde7c-10.jpg,https://www.grandemotors.co.nz/Motorcentral/VehicleData/GRA-eeb3be5e-bea8-4272-95f3-9fc4078fde7c-11.jpg,https://www.grandemotors.co.nz/Motorcentral/VehicleData/GRA-eeb3be5e-bea8-4272-95f3-9fc4078fde7c-12.jpg,https://www.grandemotors.co.nz/Motorcentral/VehicleData/GRA-eeb3be5e-bea8-4272-95f3-9fc4078fde7c-13.jpg,https://www.grandemotors.co.nz/Motorcentral/VehicleData/GRA-eeb3be5e-bea8-4272-95f3-9fc4078fde7c-14.jpg,https://www.grandemotors.co.nz/Motorcentral/VehicleData/GRA-eeb3be5e-bea8-4272-95f3-9fc4078fde7c-15.jpg,https://www.grandemotors.co.nz/Motorcentral/VehicleData/GRA-eeb3be5e-bea8-4272-95f3-9fc4078fde7c-16.jpg,https://www.grandemotors.co.nz/Motorcentral/VehicleData/GRA-eeb3be5e-bea8-4272-95f3-9fc4078fde7c-17.jpg,https://www.grandemotors.co.nz/Motorcentral/VehicleData/GRA-eeb3be5e-bea8-4272-95f3-9fc4078fde7c-18.jpg,https://www.grandemotors.co.nz/Motorcentral/VehicleData/GRA-eeb3be5e-bea8-4272-95f3-9fc4078fde7c-19.jpg,https://www.grandemotors.co.nz/Motorcentral/VehicleData/GRA-eeb3be5e-bea8-4272-95f3-9fc4078fde7c-20.jpg",Mitsubishi,"Vehicles & Parts > Vehicles > Cars, Trucks & Vans",2021,SUV,PLUG_IN_HYBRID,Automatic,Grande Motors
13645,2007 Mitsubishi Outlander 4WD.7seats.Rear camera.LOW KM.,"2007 Mitsubishi Outlander 4WD 7 seater in white colour with black seats. An enjoyable roomy interior that can seat 7 in total comfort. Economical Available from Grande Motors Ltd, East Tamaki, Auckland.",in stock,used,8900.00 NZD,https://www.grandemotors.co.nz/vehicle/2007-Mitsubishi-Outlander/13645,https://www.grandemotors.co.nz/Motorcentral/VehicleData/GRA-6c7d45ef-09ef-4391-8f59-b40c2539f46d-1.jpg,"https://www.grandemotors.co.nz/Motorcentral/VehicleData/GRA-6c7d45ef-09ef-4391-8f59-b40c2539f46d-2.jpg,https://www.grandemotors.co.nz/Motorcentral/VehicleData/GRA-6c7d45ef-09ef-4391-8f59-b40c2539f46d-3.jpg,https://www.grandemotors.co.nz/Motorcentral/VehicleData/GRA-6c7d45ef-09ef-4391-8f59-b40c2539f46d-4.jpg,https://www.grandemotors.co.nz/Motorcentral/VehicleData/GRA-6c7d45ef-09ef-4391-8f59-b40c2539f46d-5.jpg,https://www.grandemotors.co.nz/Motorcentral/VehicleData/GRA-6c7d45ef-09ef-4391-8f59-b40c2539f46d-6.jpg,https://www.grandemotors.co.nz/Motorcentral/VehicleData/GRA-6c7d45ef-09ef-4391-8f59-b40c2539f46d-7.jpg,https://www.grandemotors.co.nz/Motorcentral/VehicleData/GRA-6c7d45ef-09ef-4391-8f59-b40c2539f46d-8.jpg,https://www.grandemotors.co.nz/Motorcentral/VehicleData/GRA-6c7d45ef-09ef-4391-8f59-b40c2539f46d-9.jpg,https://www.grandemotors.co.nz/Motorcentral/VehicleData/GRA-6c7d45ef-09ef-4391-8f59-b40c2539f46d-10.jpg,https://www.grandemotors.co.nz/Motorcentral/VehicleData/GRA-6c7d45ef-09ef-4391-8f59-b40c2539f46d-11.jpg,https://www.grandemotors.co.nz/Motorcentral/VehicleData/GRA-6c7d45ef-09ef-4391-8f59-b40c2539f46d-12.jpg,https://www.grandemotors.co.nz/Motorcentral/VehicleData/GRA-6c7d45ef-09ef-4391-8f59-b40c2539f46d-13.jpg,https://www.grandemotors.co.nz/Motorcentral/VehicleData/GRA-6c7d45ef-09ef-4391-8f59-b40c2539f46d-14.jpg,https://www.grandemotors.co.nz/Motorcentral/VehicleData/GRA-6c7d45ef-09ef-4391-8f59-b40c2539f46d-15.jpg,https://www.grandemotors.co.nz/Motorcentral/VehicleData/GRA-6c7d45ef-09ef-4391-8f59-b40c2539f46d-16.jpg,https://www.grandemotors.co.nz/Motorcentral/VehicleData/GRA-6c7d45ef-09ef-4391-8f59-b40c2539f46d-17.jpg,https://www.grandemotors.co.nz/Motorcentral/VehicleData/GRA-6c7d45ef-09ef-4391-8f59-b40c2539f46d-18.jpg,https://www.grandemotors.co.nz/Motorcentral/VehicleData/GRA-6c7d45ef-09ef-4391-8f59-b40c2539f46d-19.jpg,https://www.grandemotors.co.nz/Motorcentral/VehicleData/GRA-6c7d45ef-09ef-4391-8f59-b40c2539f46d-20.jpg",Mitsubishi,"Vehicles & Parts > Vehicles > Cars, Trucks & Vans",2007,WAGON,GASOLINE,Automatic,Grande Motors
13108,2013 Mitsubishi Outlander PHEV.G.Lane Assist.Safety radar.Radar cruise.8 SRS Airbags.,"Alarm. Keyless entry. Electric boot door. Engine button start. RCC (Radar Cruise Control). LKA (Lane Keeping Assistance). FCM (Forward Collision Available from Grande Motors Ltd, East Tamaki, Auckland.",in stock,used,15900.00 NZD,https://www.grandemotors.co.nz/vehicle/2013-Mitsubishi-Outlander/13108,https://www.grandemotors.co.nz/Motorcentral/VehicleData/GRA-d2406850-aa27-41e8-ae63-e06c5e2fe892-1.jpg,"https://www.grandemotors.co.nz/Motorcentral/VehicleData/GRA-d2406850-aa27-41e8-ae63-e06c5e2fe892-2.jpg,https://www.grandemotors.co.nz/Motorcentral/VehicleData/GRA-d2406850-aa27-41e8-ae63-e06c5e2fe892-3.jpg,https://www.grandemotors.co.nz/Motorcentral/VehicleData/GRA-d2406850-aa27-41e8-ae63-e06c5e2fe892-4.jpg,https://www.grandemotors.co.nz/Motorcentral/VehicleData/GRA-d2406850-aa27-41e8-ae63-e06c5e2fe892-5.jpg,https://www.grandemotors.co.nz/Motorcentral/VehicleData/GRA-d2406850-aa27-41e8-ae63-e06c5e2fe892-6.jpg,https://www.grandemotors.co.nz/Motorcentral/VehicleData/GRA-d2406850-aa27-41e8-ae63-e06c5e2fe892-7.jpg,https://www.grandemotors.co.nz/Motorcentral/VehicleData/GRA-d2406850-aa27-41e8-ae63-e06c5e2fe892-8.jpg,https://www.grandemotors.co.nz/Motorcentral/VehicleData/GRA-d2406850-aa27-41e8-ae63-e06c5e2fe892-9.jpg,https://www.grandemotors.co.nz/Motorcentral/VehicleData/GRA-d2406850-aa27-41e8-ae63-e06c5e2fe892-10.jpg,https://www.grandemotors.co.nz/Motorcentral/VehicleData/GRA-d2406850-aa27-41e8-ae63-e06c5e2fe892-11.jpg,https://www.grandemotors.co.nz/Motorcentral/VehicleData/GRA-d2406850-aa27-41e8-ae63-e06c5e2fe892-12.jpg,https://www.grandemotors.co.nz/Motorcentral/VehicleData/GRA-d2406850-aa27-41e8-ae63-e06c5e2fe892-13.jpg,https://www.grandemotors.co.nz/Motorcentral/VehicleData/GRA-d2406850-aa27-41e8-ae63-e06c5e2fe892-14.jpg,https://www.grandemotors.co.nz/Motorcentral/VehicleData/GRA-d2406850-aa27-41e8-ae63-e06c5e2fe892-15.jpg,https://www.grandemotors.co.nz/Motorcentral/VehicleData/GRA-d2406850-aa27-41e8-ae63-e06c5e2fe892-16.jpg,https://www.grandemotors.co.nz/Motorcentral/VehicleData/GRA-d2406850-aa27-41e8-ae63-e06c5e2fe892-17.jpg,https://www.grandemotors.co.nz/Motorcentral/VehicleData/GRA-d2406850-aa27-41e8-ae63-e06c5e2fe892-18.jpg,https://www.grandemotors.co.nz/Motorcentral/VehicleData/GRA-d2406850-aa27-41e8-ae63-e06c5e2fe892-19.jpg,https://www.grandemotors.co.nz/Motorcentral/VehicleData/GRA-d2406850-aa27-41e8-ae63-e06c5e2fe892-20.jpg",Mitsubishi,"Vehicles & Parts > Vehicles > Cars, Trucks & Vans",2013,SUV,PLUG_IN_HYBRID,Automatic,Grande Motors
13417,2018 Mitsubishi Outlander PHEV.G.Lane Assist.Safety radar.Radar cruise.8 SRS Airbags.,"Alarm. Keyless entry. Electric boot door. Engine button start. RCC (Radar Cruise Control). LKA (Lane Keeping Assistance). FCM (Forward Collision Available from Grande Motors Ltd, East Tamaki, Auckland.",in stock,used,21900.00 NZD,https://www.grandemotors.co.nz/vehicle/2018-Mitsubishi-Outlander/13417,https://www.grandemotors.co.nz/Motorcentral/VehicleData/GRA-1ad73a3c-67c2-482a-b6a5-82c9006f15f6-1.jpg,"https://www.grandemotors.co.nz/Motorcentral/VehicleData/GRA-1ad73a3c-67c2-482a-b6a5-82c9006f15f6-2.jpg,https://www.grandemotors.co.nz/Motorcentral/VehicleData/GRA-1ad73a3c-67c2-482a-b6a5-82c9006f15f6-3.jpg,https://www.grandemotors.co.nz/Motorcentral/VehicleData/GRA-1ad73a3c-67c2-482a-b6a5-82c9006f15f6-4.jpg,https://www.grandemotors.co.nz/Motorcentral/VehicleData/GRA-1ad73a3c-67c2-482a-b6a5-82c9006f15f6-5.jpg,https://www.grandemotors.co.nz/Motorcentral/VehicleData/GRA-1ad73a3c-67c2-482a-b6a5-82c9006f15f6-6.jpg,https://www.grandemotors.co.nz/Motorcentral/VehicleData/GRA-1ad73a3c-67c2-482a-b6a5-82c9006f15f6-7.jpg,https://www.grandemotors.co.nz/Motorcentral/VehicleData/GRA-1ad73a3c-67c2-482a-b6a5-82c9006f15f6-8.jpg,https://www.grandemotors.co.nz/Motorcentral/VehicleData/GRA-1ad73a3c-67c2-482a-b6a5-82c9006f15f6-9.jpg,https://www.grandemotors.co.nz/Motorcentral/VehicleData/GRA-1ad73a3c-67c2-482a-b6a5-82c9006f15f6-10.jpg,https://www.grandemotors.co.nz/Motorcentral/VehicleData/GRA-1ad73a3c-67c2-482a-b6a5-82c9006f15f6-11.jpg,https://www.grandemotors.co.nz/Motorcentral/VehicleData/GRA-1ad73a3c-67c2-482a-b6a5-82c9006f15f6-12.jpg,https://www.grandemotors.co.nz/Motorcentral/VehicleData/GRA-1ad73a3c-67c2-482a-b6a5-82c9006f15f6-13.jpg,https://www.grandemotors.co.nz/Motorcentral/VehicleData/GRA-1ad73a3c-67c2-482a-b6a5-82c9006f15f6-14.jpg,https://www.grandemotors.co.nz/Motorcentral/VehicleData/GRA-1ad73a3c-67c2-482a-b6a5-82c9006f15f6-15.jpg,https://www.grandemotors.co.nz/Motorcentral/VehicleData/GRA-1ad73a3c-67c2-482a-b6a5-82c9006f15f6-16.jpg,https://www.grandemotors.co.nz/Motorcentral/VehicleData/GRA-1ad73a3c-67c2-482a-b6a5-82c9006f15f6-17.jpg,https://www.grandemotors.co.nz/Motorcentral/VehicleData/GRA-1ad73a3c-67c2-482a-b6a5-82c9006f15f6-18.jpg,https://www.grandemotors.co.nz/Motorcentral/VehicleData/GRA-1ad73a3c-67c2-482a-b6a5-82c9006f15f6-19.jpg,https://www.grandemotors.co.nz/Motorcentral/VehicleData/GRA-1ad73a3c-67c2-482a-b6a5-82c9006f15f6-20.jpg",Mitsubishi,"Vehicles & Parts > Vehicles > Cars, Trucks & Vans",2018,SUV,PLUG_IN_HYBRID,Automatic,Grande Motors
13467,2019 Mitsubishi Pajero Sport VRX.NZ new.4WD.7 seats.Leather.Radar cruise.Blind spot.Park sens.,"Immobilizer. Engine button start. RCC (Radar Cruise Control). BSM (Blind Spot Monitoring). 2019 NZ new Mitsubishi Pajero Sport 7 seater in black Available from Grande Motors Ltd, East Tamaki, Auckland.",in stock,used,34000.00 NZD,https://www.grandemotors.co.nz/vehicle/2019-Mitsubishi-PajeroSport/13467,https://www.grandemotors.co.nz/Motorcentral/VehicleData/GRA-1a9ffe76-5326-4d3d-a5f2-6c4009612446-1.jpg,"https://www.grandemotors.co.nz/Motorcentral/VehicleData/GRA-1a9ffe76-5326-4d3d-a5f2-6c4009612446-2.jpg,https://www.grandemotors.co.nz/Motorcentral/VehicleData/GRA-1a9ffe76-5326-4d3d-a5f2-6c4009612446-3.jpg,https://www.grandemotors.co.nz/Motorcentral/VehicleData/GRA-1a9ffe76-5326-4d3d-a5f2-6c4009612446-4.jpg,https://www.grandemotors.co.nz/Motorcentral/VehicleData/GRA-1a9ffe76-5326-4d3d-a5f2-6c4009612446-5.jpg,https://www.grandemotors.co.nz/Motorcentral/VehicleData/GRA-1a9ffe76-5326-4d3d-a5f2-6c4009612446-6.jpg,https://www.grandemotors.co.nz/Motorcentral/VehicleData/GRA-1a9ffe76-5326-4d3d-a5f2-6c4009612446-7.jpg,https://www.grandemotors.co.nz/Motorcentral/VehicleData/GRA-1a9ffe76-5326-4d3d-a5f2-6c4009612446-8.jpg,https://www.grandemotors.co.nz/Motorcentral/VehicleData/GRA-1a9ffe76-5326-4d3d-a5f2-6c4009612446-9.jpg,https://www.grandemotors.co.nz/Motorcentral/VehicleData/GRA-1a9ffe76-5326-4d3d-a5f2-6c4009612446-10.jpg,https://www.grandemotors.co.nz/Motorcentral/VehicleData/GRA-1a9ffe76-5326-4d3d-a5f2-6c4009612446-11.jpg,https://www.grandemotors.co.nz/Motorcentral/VehicleData/GRA-1a9ffe76-5326-4d3d-a5f2-6c4009612446-12.jpg,https://www.grandemotors.co.nz/Motorcentral/VehicleData/GRA-1a9ffe76-5326-4d3d-a5f2-6c4009612446-13.jpg,https://www.grandemotors.co.nz/Motorcentral/VehicleData/GRA-1a9ffe76-5326-4d3d-a5f2-6c4009612446-14.jpg,https://www.grandemotors.co.nz/Motorcentral/VehicleData/GRA-1a9ffe76-5326-4d3d-a5f2-6c4009612446-15.jpg,https://www.grandemotors.co.nz/Motorcentral/VehicleData/GRA-1a9ffe76-5326-4d3d-a5f2-6c4009612446-16.jpg,https://www.grandemotors.co.nz/Motorcentral/VehicleData/GRA-1a9ffe76-5326-4d3d-a5f2-6c4009612446-17.jpg,https://www.grandemotors.co.nz/Motorcentral/VehicleData/GRA-1a9ffe76-5326-4d3d-a5f2-6c4009612446-18.jpg,https://www.grandemotors.co.nz/Motorcentral/VehicleData/GRA-1a9ffe76-5326-4d3d-a5f2-6c4009612446-19.jpg,https://www.grandemotors.co.nz/Motorcentral/VehicleData/GRA-1a9ffe76-5326-4d3d-a5f2-6c4009612446-20.jpg",Mitsubishi,"Vehicles & Parts > Vehicles > Cars, Trucks & Vans",2019,WAGON,DIESEL,Automatic,Grande Motors
8921,2013 Mitsubishi RVR Roadest.Body kit.17inch Alloys.,"Auction grade 4. Immobilizer. Engine button start. Alloy wheels with Japanese ""Dunlop"" tires. 2013 Mitsubishi RVR Roadest edition in white col Available from Grande Motors Ltd, East Tamaki, Auckland.",in stock,used,12900.00 NZD,https://www.grandemotors.co.nz/vehicle/2013-Mitsubishi-RVR/8921,https://www.grandemotors.co.nz/Motorcentral/VehicleData/GRA-e71cf8e2-2659-49b9-ac55-051f60ca10f2-1.jpg,"https://www.grandemotors.co.nz/Motorcentral/VehicleData/GRA-e71cf8e2-2659-49b9-ac55-051f60ca10f2-2.jpg,https://www.grandemotors.co.nz/Motorcentral/VehicleData/GRA-e71cf8e2-2659-49b9-ac55-051f60ca10f2-3.jpg,https://www.grandemotors.co.nz/Motorcentral/VehicleData/GRA-e71cf8e2-2659-49b9-ac55-051f60ca10f2-4.jpg,https://www.grandemotors.co.nz/Motorcentral/VehicleData/GRA-e71cf8e2-2659-49b9-ac55-051f60ca10f2-5.jpg,https://www.grandemotors.co.nz/Motorcentral/VehicleData/GRA-e71cf8e2-2659-49b9-ac55-051f60ca10f2-6.jpg,https://www.grandemotors.co.nz/Motorcentral/VehicleData/GRA-e71cf8e2-2659-49b9-ac55-051f60ca10f2-7.jpg,https://www.grandemotors.co.nz/Motorcentral/VehicleData/GRA-e71cf8e2-2659-49b9-ac55-051f60ca10f2-8.jpg,https://www.grandemotors.co.nz/Motorcentral/VehicleData/GRA-e71cf8e2-2659-49b9-ac55-051f60ca10f2-9.jpg,https://www.grandemotors.co.nz/Motorcentral/VehicleData/GRA-e71cf8e2-2659-49b9-ac55-051f60ca10f2-10.jpg,https://www.grandemotors.co.nz/Motorcentral/VehicleData/GRA-e71cf8e2-2659-49b9-ac55-051f60ca10f2-11.jpg,https://www.grandemotors.co.nz/Motorcentral/VehicleData/GRA-e71cf8e2-2659-49b9-ac55-051f60ca10f2-12.jpg,https://www.grandemotors.co.nz/Motorcentral/VehicleData/GRA-e71cf8e2-2659-49b9-ac55-051f60ca10f2-13.jpg,https://www.grandemotors.co.nz/Motorcentral/VehicleData/GRA-e71cf8e2-2659-49b9-ac55-051f60ca10f2-14.jpg,https://www.grandemotors.co.nz/Motorcentral/VehicleData/GRA-e71cf8e2-2659-49b9-ac55-051f60ca10f2-15.jpg,https://www.grandemotors.co.nz/Motorcentral/VehicleData/GRA-e71cf8e2-2659-49b9-ac55-051f60ca10f2-16.jpg,https://www.grandemotors.co.nz/Motorcentral/VehicleData/GRA-e71cf8e2-2659-49b9-ac55-051f60ca10f2-17.jpg,https://www.grandemotors.co.nz/Motorcentral/VehicleData/GRA-e71cf8e2-2659-49b9-ac55-051f60ca10f2-18.jpg,https://www.grandemotors.co.nz/Motorcentral/VehicleData/GRA-e71cf8e2-2659-49b9-ac55-051f60ca10f2-19.jpg",Mitsubishi,"Vehicles & Parts > Vehicles > Cars, Trucks & Vans",2013,SUV,GASOLINE,Automatic,Grande Motors
13263,2019 Nissan Cube Engine button start.,"2019 Nissan Cube in Brown colour with dark interior. Smooth 1500cc chain driven engine provides a perfect compromise between power and economy. Available from Grande Motors Ltd, East Tamaki, Auckland.",in stock,used,14900.00 NZD,https://www.grandemotors.co.nz/vehicle/2019-Nissan-Cube/13263,https://www.grandemotors.co.nz/Motorcentral/VehicleData/GRA-c3aab13b-7448-4ec5-a3a4-77d20857ebde-1.jpg,"https://www.grandemotors.co.nz/Motorcentral/VehicleData/GRA-c3aab13b-7448-4ec5-a3a4-77d20857ebde-2.jpg,https://www.grandemotors.co.nz/Motorcentral/VehicleData/GRA-c3aab13b-7448-4ec5-a3a4-77d20857ebde-3.jpg,https://www.grandemotors.co.nz/Motorcentral/VehicleData/GRA-c3aab13b-7448-4ec5-a3a4-77d20857ebde-4.jpg,https://www.grandemotors.co.nz/Motorcentral/VehicleData/GRA-c3aab13b-7448-4ec5-a3a4-77d20857ebde-5.jpg,https://www.grandemotors.co.nz/Motorcentral/VehicleData/GRA-c3aab13b-7448-4ec5-a3a4-77d20857ebde-6.jpg,https://www.grandemotors.co.nz/Motorcentral/VehicleData/GRA-c3aab13b-7448-4ec5-a3a4-77d20857ebde-7.jpg,https://www.grandemotors.co.nz/Motorcentral/VehicleData/GRA-c3aab13b-7448-4ec5-a3a4-77d20857ebde-8.jpg,https://www.grandemotors.co.nz/Motorcentral/VehicleData/GRA-c3aab13b-7448-4ec5-a3a4-77d20857ebde-9.jpg,https://www.grandemotors.co.nz/Motorcentral/VehicleData/GRA-c3aab13b-7448-4ec5-a3a4-77d20857ebde-10.jpg,https://www.grandemotors.co.nz/Motorcentral/VehicleData/GRA-c3aab13b-7448-4ec5-a3a4-77d20857ebde-11.jpg,https://www.grandemotors.co.nz/Motorcentral/VehicleData/GRA-c3aab13b-7448-4ec5-a3a4-77d20857ebde-12.jpg,https://www.grandemotors.co.nz/Motorcentral/VehicleData/GRA-c3aab13b-7448-4ec5-a3a4-77d20857ebde-13.jpg,https://www.grandemotors.co.nz/Motorcentral/VehicleData/GRA-c3aab13b-7448-4ec5-a3a4-77d20857ebde-14.jpg,https://www.grandemotors.co.nz/Motorcentral/VehicleData/GRA-c3aab13b-7448-4ec5-a3a4-77d20857ebde-15.jpg,https://www.grandemotors.co.nz/Motorcentral/VehicleData/GRA-c3aab13b-7448-4ec5-a3a4-77d20857ebde-16.jpg,https://www.grandemotors.co.nz/Motorcentral/VehicleData/GRA-c3aab13b-7448-4ec5-a3a4-77d20857ebde-17.jpg",Nissan,"Vehicles & Parts > Vehicles > Cars, Trucks & Vans",2019,HATCHBACK,GASOLINE,Automatic,Grande Motors
12621,2012 Nissan Elgrand Highway star.Rear camera 7 Seats,"Immobilizer. Engine button start. Both electric sliding doors. Alloy wheels 2015 Nissan Elgrand Highway Star 7 seater in Purple colour with blac Available from Grande Motors Ltd, East Tamaki, Auckland.",in stock,used,11970.00 NZD,https://www.grandemotors.co.nz/vehicle/2012-Nissan-Elgrand/12621,https://www.grandemotors.co.nz/Motorcentral/VehicleData/GRA-860411f7-44ba-4e22-907b-bfcf135a233c-1.jpg,"https://www.grandemotors.co.nz/Motorcentral/VehicleData/GRA-860411f7-44ba-4e22-907b-bfcf135a233c-2.jpg,https://www.grandemotors.co.nz/Motorcentral/VehicleData/GRA-860411f7-44ba-4e22-907b-bfcf135a233c-3.jpg,https://www.grandemotors.co.nz/Motorcentral/VehicleData/GRA-860411f7-44ba-4e22-907b-bfcf135a233c-4.jpg,https://www.grandemotors.co.nz/Motorcentral/VehicleData/GRA-860411f7-44ba-4e22-907b-bfcf135a233c-5.jpg,https://www.grandemotors.co.nz/Motorcentral/VehicleData/GRA-860411f7-44ba-4e22-907b-bfcf135a233c-6.jpg,https://www.grandemotors.co.nz/Motorcentral/VehicleData/GRA-860411f7-44ba-4e22-907b-bfcf135a233c-7.jpg,https://www.grandemotors.co.nz/Motorcentral/VehicleData/GRA-860411f7-44ba-4e22-907b-bfcf135a233c-8.jpg,https://www.grandemotors.co.nz/Motorcentral/VehicleData/GRA-860411f7-44ba-4e22-907b-bfcf135a233c-9.jpg,https://www.grandemotors.co.nz/Motorcentral/VehicleData/GRA-860411f7-44ba-4e22-907b-bfcf135a233c-10.jpg,https://www.grandemotors.co.nz/Motorcentral/VehicleData/GRA-860411f7-44ba-4e22-907b-bfcf135a233c-11.jpg,https://www.grandemotors.co.nz/Motorcentral/VehicleData/GRA-860411f7-44ba-4e22-907b-bfcf135a233c-12.jpg,https://www.grandemotors.co.nz/Motorcentral/VehicleData/GRA-860411f7-44ba-4e22-907b-bfcf135a233c-13.jpg,https://www.grandemotors.co.nz/Motorcentral/VehicleData/GRA-860411f7-44ba-4e22-907b-bfcf135a233c-14.jpg,https://www.grandemotors.co.nz/Motorcentral/VehicleData/GRA-860411f7-44ba-4e22-907b-bfcf135a233c-15.jpg,https://www.grandemotors.co.nz/Motorcentral/VehicleData/GRA-860411f7-44ba-4e22-907b-bfcf135a233c-16.jpg,https://www.grandemotors.co.nz/Motorcentral/VehicleData/GRA-860411f7-44ba-4e22-907b-bfcf135a233c-17.jpg,https://www.grandemotors.co.nz/Motorcentral/VehicleData/GRA-860411f7-44ba-4e22-907b-bfcf135a233c-18.jpg",Nissan,"Vehicles & Parts > Vehicles > Cars, Trucks & Vans",2012,VAN,GASOLINE,Automatic,Grande Motors
12849,2012 Nissan Elgrand Highway star.Rear camera 7 Seats,"Immobilizer. Engine button start. Both electric sliding doors. 2012 Nissan Elgrand Highway Star 7 seater in White colour with black interior. Available from Grande Motors Ltd, East Tamaki, Auckland.",in stock,used,12300.00 NZD,https://www.grandemotors.co.nz/vehicle/2012-Nissan-Elgrand/12849,https://www.grandemotors.co.nz/Motorcentral/VehicleData/GRA-b6bc0d17-d369-410a-a6e1-9916e1006bb3-1.jpg,"https://www.grandemotors.co.nz/Motorcentral/VehicleData/GRA-b6bc0d17-d369-410a-a6e1-9916e1006bb3-2.jpg,https://www.grandemotors.co.nz/Motorcentral/VehicleData/GRA-b6bc0d17-d369-410a-a6e1-9916e1006bb3-3.jpg,https://www.grandemotors.co.nz/Motorcentral/VehicleData/GRA-b6bc0d17-d369-410a-a6e1-9916e1006bb3-4.jpg,https://www.grandemotors.co.nz/Motorcentral/VehicleData/GRA-b6bc0d17-d369-410a-a6e1-9916e1006bb3-5.jpg,https://www.grandemotors.co.nz/Motorcentral/VehicleData/GRA-b6bc0d17-d369-410a-a6e1-9916e1006bb3-6.jpg,https://www.grandemotors.co.nz/Motorcentral/VehicleData/GRA-b6bc0d17-d369-410a-a6e1-9916e1006bb3-7.jpg,https://www.grandemotors.co.nz/Motorcentral/VehicleData/GRA-b6bc0d17-d369-410a-a6e1-9916e1006bb3-8.jpg,https://www.grandemotors.co.nz/Motorcentral/VehicleData/GRA-b6bc0d17-d369-410a-a6e1-9916e1006bb3-9.jpg,https://www.grandemotors.co.nz/Motorcentral/VehicleData/GRA-b6bc0d17-d369-410a-a6e1-9916e1006bb3-10.jpg,https://www.grandemotors.co.nz/Motorcentral/VehicleData/GRA-b6bc0d17-d369-410a-a6e1-9916e1006bb3-11.jpg,https://www.grandemotors.co.nz/Motorcentral/VehicleData/GRA-b6bc0d17-d369-410a-a6e1-9916e1006bb3-12.jpg,https://www.grandemotors.co.nz/Motorcentral/VehicleData/GRA-b6bc0d17-d369-410a-a6e1-9916e1006bb3-13.jpg,https://www.grandemotors.co.nz/Motorcentral/VehicleData/GRA-b6bc0d17-d369-410a-a6e1-9916e1006bb3-14.jpg,https://www.grandemotors.co.nz/Motorcentral/VehicleData/GRA-b6bc0d17-d369-410a-a6e1-9916e1006bb3-15.jpg,https://www.grandemotors.co.nz/Motorcentral/VehicleData/GRA-b6bc0d17-d369-410a-a6e1-9916e1006bb3-16.jpg,https://www.grandemotors.co.nz/Motorcentral/VehicleData/GRA-b6bc0d17-d369-410a-a6e1-9916e1006bb3-17.jpg,https://www.grandemotors.co.nz/Motorcentral/VehicleData/GRA-b6bc0d17-d369-410a-a6e1-9916e1006bb3-18.jpg",Nissan,"Vehicles & Parts > Vehicles > Cars, Trucks & Vans",2012,VAN,GASOLINE,Automatic,Grande Motors
13075,2013 Nissan Elgrand 250 Highway star.Rear camera.Button start.,"Immobilizer. Engine button start. Both electric sliding doors. Alloy wheels with Japanese Yokohama tires. 2013 Nissan Elgrand Highway Star 7 sea Available from Grande Motors Ltd, East Tamaki, Auckland.",in stock,used,14900.00 NZD,https://www.grandemotors.co.nz/vehicle/2013-Nissan-Elgrand/13075,https://www.grandemotors.co.nz/Motorcentral/VehicleData/GRA-12fc68e0-bb73-4a0e-8140-7386124f0d3e-1.jpg,"https://www.grandemotors.co.nz/Motorcentral/VehicleData/GRA-12fc68e0-bb73-4a0e-8140-7386124f0d3e-2.jpg,https://www.grandemotors.co.nz/Motorcentral/VehicleData/GRA-12fc68e0-bb73-4a0e-8140-7386124f0d3e-3.jpg,https://www.grandemotors.co.nz/Motorcentral/VehicleData/GRA-12fc68e0-bb73-4a0e-8140-7386124f0d3e-4.jpg,https://www.grandemotors.co.nz/Motorcentral/VehicleData/GRA-12fc68e0-bb73-4a0e-8140-7386124f0d3e-5.jpg,https://www.grandemotors.co.nz/Motorcentral/VehicleData/GRA-12fc68e0-bb73-4a0e-8140-7386124f0d3e-6.jpg,https://www.grandemotors.co.nz/Motorcentral/VehicleData/GRA-12fc68e0-bb73-4a0e-8140-7386124f0d3e-7.jpg,https://www.grandemotors.co.nz/Motorcentral/VehicleData/GRA-12fc68e0-bb73-4a0e-8140-7386124f0d3e-8.jpg,https://www.grandemotors.co.nz/Motorcentral/VehicleData/GRA-12fc68e0-bb73-4a0e-8140-7386124f0d3e-9.jpg,https://www.grandemotors.co.nz/Motorcentral/VehicleData/GRA-12fc68e0-bb73-4a0e-8140-7386124f0d3e-10.jpg,https://www.grandemotors.co.nz/Motorcentral/VehicleData/GRA-12fc68e0-bb73-4a0e-8140-7386124f0d3e-11.jpg,https://www.grandemotors.co.nz/Motorcentral/VehicleData/GRA-12fc68e0-bb73-4a0e-8140-7386124f0d3e-12.jpg,https://www.grandemotors.co.nz/Motorcentral/VehicleData/GRA-12fc68e0-bb73-4a0e-8140-7386124f0d3e-13.jpg,https://www.grandemotors.co.nz/Motorcentral/VehicleData/GRA-12fc68e0-bb73-4a0e-8140-7386124f0d3e-14.jpg,https://www.grandemotors.co.nz/Motorcentral/VehicleData/GRA-12fc68e0-bb73-4a0e-8140-7386124f0d3e-15.jpg,https://www.grandemotors.co.nz/Motorcentral/VehicleData/GRA-12fc68e0-bb73-4a0e-8140-7386124f0d3e-16.jpg,https://www.grandemotors.co.nz/Motorcentral/VehicleData/GRA-12fc68e0-bb73-4a0e-8140-7386124f0d3e-17.jpg,https://www.grandemotors.co.nz/Motorcentral/VehicleData/GRA-12fc68e0-bb73-4a0e-8140-7386124f0d3e-18.jpg,https://www.grandemotors.co.nz/Motorcentral/VehicleData/GRA-12fc68e0-bb73-4a0e-8140-7386124f0d3e-19.jpg",Nissan,"Vehicles & Parts > Vehicles > Cars, Trucks & Vans",2013,VAN,GASOLINE,Automatic,Grande Motors
12620,2014 Nissan Elgrand Highway star.Cruise control.Rear cam.Alarm.8 Airbags.,"Immobilizer. Engine button start. Both electric sliding doors. Alloy wheels with Japanese Yokohama tires. 2014 Nissan Elgrand Highway Star 7 sea Available from Grande Motors Ltd, East Tamaki, Auckland.",in stock,used,15900.00 NZD,https://www.grandemotors.co.nz/vehicle/2014-Nissan-Elgrand/12620,https://www.grandemotors.co.nz/Motorcentral/VehicleData/GRA-88b2f809-c4bc-457f-b31b-9d6908799fd6-1.jpg,"https://www.grandemotors.co.nz/Motorcentral/VehicleData/GRA-88b2f809-c4bc-457f-b31b-9d6908799fd6-2.jpg,https://www.grandemotors.co.nz/Motorcentral/VehicleData/GRA-88b2f809-c4bc-457f-b31b-9d6908799fd6-3.jpg,https://www.grandemotors.co.nz/Motorcentral/VehicleData/GRA-88b2f809-c4bc-457f-b31b-9d6908799fd6-4.jpg,https://www.grandemotors.co.nz/Motorcentral/VehicleData/GRA-88b2f809-c4bc-457f-b31b-9d6908799fd6-5.jpg,https://www.grandemotors.co.nz/Motorcentral/VehicleData/GRA-88b2f809-c4bc-457f-b31b-9d6908799fd6-6.jpg,https://www.grandemotors.co.nz/Motorcentral/VehicleData/GRA-88b2f809-c4bc-457f-b31b-9d6908799fd6-7.jpg,https://www.grandemotors.co.nz/Motorcentral/VehicleData/GRA-88b2f809-c4bc-457f-b31b-9d6908799fd6-8.jpg,https://www.grandemotors.co.nz/Motorcentral/VehicleData/GRA-88b2f809-c4bc-457f-b31b-9d6908799fd6-9.jpg,https://www.grandemotors.co.nz/Motorcentral/VehicleData/GRA-88b2f809-c4bc-457f-b31b-9d6908799fd6-10.jpg,https://www.grandemotors.co.nz/Motorcentral/VehicleData/GRA-88b2f809-c4bc-457f-b31b-9d6908799fd6-11.jpg,https://www.grandemotors.co.nz/Motorcentral/VehicleData/GRA-88b2f809-c4bc-457f-b31b-9d6908799fd6-12.jpg,https://www.grandemotors.co.nz/Motorcentral/VehicleData/GRA-88b2f809-c4bc-457f-b31b-9d6908799fd6-13.jpg,https://www.grandemotors.co.nz/Motorcentral/VehicleData/GRA-88b2f809-c4bc-457f-b31b-9d6908799fd6-14.jpg,https://www.grandemotors.co.nz/Motorcentral/VehicleData/GRA-88b2f809-c4bc-457f-b31b-9d6908799fd6-15.jpg,https://www.grandemotors.co.nz/Motorcentral/VehicleData/GRA-88b2f809-c4bc-457f-b31b-9d6908799fd6-16.jpg,https://www.grandemotors.co.nz/Motorcentral/VehicleData/GRA-88b2f809-c4bc-457f-b31b-9d6908799fd6-17.jpg,https://www.grandemotors.co.nz/Motorcentral/VehicleData/GRA-88b2f809-c4bc-457f-b31b-9d6908799fd6-18.jpg",Nissan,"Vehicles & Parts > Vehicles > Cars, Trucks & Vans",2014,VAN,GASOLINE,Automatic,Grande Motors
12622,2016 Nissan Elgrand Highway star.Cruise control.Rear cam.Alarm.8 Airbags.,"Immobilizer. Engine button start. Both electric sliding doors. Alloy wheels with Japanese Yokohama tires. 2016 Nissan Elgrand Highway Star 7 sea Available from Grande Motors Ltd, East Tamaki, Auckland.",in stock,used,16900.00 NZD,https://www.grandemotors.co.nz/vehicle/2016-Nissan-Elgrand/12622,https://www.grandemotors.co.nz/Motorcentral/VehicleData/GRA-5f661f3f-fb73-48e8-834f-49a6ec970359-1.jpg,"https://www.grandemotors.co.nz/Motorcentral/VehicleData/GRA-5f661f3f-fb73-48e8-834f-49a6ec970359-2.jpg,https://www.grandemotors.co.nz/Motorcentral/VehicleData/GRA-5f661f3f-fb73-48e8-834f-49a6ec970359-3.jpg,https://www.grandemotors.co.nz/Motorcentral/VehicleData/GRA-5f661f3f-fb73-48e8-834f-49a6ec970359-4.jpg,https://www.grandemotors.co.nz/Motorcentral/VehicleData/GRA-5f661f3f-fb73-48e8-834f-49a6ec970359-5.jpg,https://www.grandemotors.co.nz/Motorcentral/VehicleData/GRA-5f661f3f-fb73-48e8-834f-49a6ec970359-6.jpg,https://www.grandemotors.co.nz/Motorcentral/VehicleData/GRA-5f661f3f-fb73-48e8-834f-49a6ec970359-7.jpg,https://www.grandemotors.co.nz/Motorcentral/VehicleData/GRA-5f661f3f-fb73-48e8-834f-49a6ec970359-8.jpg,https://www.grandemotors.co.nz/Motorcentral/VehicleData/GRA-5f661f3f-fb73-48e8-834f-49a6ec970359-9.jpg,https://www.grandemotors.co.nz/Motorcentral/VehicleData/GRA-5f661f3f-fb73-48e8-834f-49a6ec970359-10.jpg,https://www.grandemotors.co.nz/Motorcentral/VehicleData/GRA-5f661f3f-fb73-48e8-834f-49a6ec970359-11.jpg,https://www.grandemotors.co.nz/Motorcentral/VehicleData/GRA-5f661f3f-fb73-48e8-834f-49a6ec970359-12.jpg,https://www.grandemotors.co.nz/Motorcentral/VehicleData/GRA-5f661f3f-fb73-48e8-834f-49a6ec970359-13.jpg,https://www.grandemotors.co.nz/Motorcentral/VehicleData/GRA-5f661f3f-fb73-48e8-834f-49a6ec970359-14.jpg,https://www.grandemotors.co.nz/Motorcentral/VehicleData/GRA-5f661f3f-fb73-48e8-834f-49a6ec970359-15.jpg,https://www.grandemotors.co.nz/Motorcentral/VehicleData/GRA-5f661f3f-fb73-48e8-834f-49a6ec970359-16.jpg,https://www.grandemotors.co.nz/Motorcentral/VehicleData/GRA-5f661f3f-fb73-48e8-834f-49a6ec970359-17.jpg,https://www.grandemotors.co.nz/Motorcentral/VehicleData/GRA-5f661f3f-fb73-48e8-834f-49a6ec970359-18.jpg",Nissan,"Vehicles & Parts > Vehicles > Cars, Trucks & Vans",2016,VAN,GASOLINE,Automatic,Grande Motors
13074,2019 Nissan Elgrand Highway Star.Radar cruise.Safety radar.Rear camera.,"Immobilizer. Safety Radar. Engine button start. Both electric sliding doors. RCC (Radar Cruise Control). 2019 Nissan Elgrand Highway Star 7 sea Available from Grande Motors Ltd, East Tamaki, Auckland.",in stock,used,26500.00 NZD,https://www.grandemotors.co.nz/vehicle/2019-Nissan-Elgrand/13074,https://www.grandemotors.co.nz/Motorcentral/VehicleData/GRA-00fcfc05-d4d4-4039-8ba1-0c9e14f1a5b9-1.jpg,"https://www.grandemotors.co.nz/Motorcentral/VehicleData/GRA-00fcfc05-d4d4-4039-8ba1-0c9e14f1a5b9-2.jpg,https://www.grandemotors.co.nz/Motorcentral/VehicleData/GRA-00fcfc05-d4d4-4039-8ba1-0c9e14f1a5b9-3.jpg,https://www.grandemotors.co.nz/Motorcentral/VehicleData/GRA-00fcfc05-d4d4-4039-8ba1-0c9e14f1a5b9-4.jpg,https://www.grandemotors.co.nz/Motorcentral/VehicleData/GRA-00fcfc05-d4d4-4039-8ba1-0c9e14f1a5b9-5.jpg,https://www.grandemotors.co.nz/Motorcentral/VehicleData/GRA-00fcfc05-d4d4-4039-8ba1-0c9e14f1a5b9-6.jpg,https://www.grandemotors.co.nz/Motorcentral/VehicleData/GRA-00fcfc05-d4d4-4039-8ba1-0c9e14f1a5b9-7.jpg,https://www.grandemotors.co.nz/Motorcentral/VehicleData/GRA-00fcfc05-d4d4-4039-8ba1-0c9e14f1a5b9-8.jpg,https://www.grandemotors.co.nz/Motorcentral/VehicleData/GRA-00fcfc05-d4d4-4039-8ba1-0c9e14f1a5b9-9.jpg,https://www.grandemotors.co.nz/Motorcentral/VehicleData/GRA-00fcfc05-d4d4-4039-8ba1-0c9e14f1a5b9-10.jpg,https://www.grandemotors.co.nz/Motorcentral/VehicleData/GRA-00fcfc05-d4d4-4039-8ba1-0c9e14f1a5b9-11.jpg,https://www.grandemotors.co.nz/Motorcentral/VehicleData/GRA-00fcfc05-d4d4-4039-8ba1-0c9e14f1a5b9-12.jpg,https://www.grandemotors.co.nz/Motorcentral/VehicleData/GRA-00fcfc05-d4d4-4039-8ba1-0c9e14f1a5b9-13.jpg,https://www.grandemotors.co.nz/Motorcentral/VehicleData/GRA-00fcfc05-d4d4-4039-8ba1-0c9e14f1a5b9-14.jpg,https://www.grandemotors.co.nz/Motorcentral/VehicleData/GRA-00fcfc05-d4d4-4039-8ba1-0c9e14f1a5b9-15.jpg,https://www.grandemotors.co.nz/Motorcentral/VehicleData/GRA-00fcfc05-d4d4-4039-8ba1-0c9e14f1a5b9-16.jpg,https://www.grandemotors.co.nz/Motorcentral/VehicleData/GRA-00fcfc05-d4d4-4039-8ba1-0c9e14f1a5b9-17.jpg,https://www.grandemotors.co.nz/Motorcentral/VehicleData/GRA-00fcfc05-d4d4-4039-8ba1-0c9e14f1a5b9-18.jpg,https://www.grandemotors.co.nz/Motorcentral/VehicleData/GRA-00fcfc05-d4d4-4039-8ba1-0c9e14f1a5b9-19.jpg",Nissan,"Vehicles & Parts > Vehicles > Cars, Trucks & Vans",2019,VAN,GASOLINE,Automatic,Grande Motors
12697,2014 Nissan Fuga 370GT.Sunroof.BOSE.Rear camera.Cruise control.Button start.,"Immobilizer. Engine button start. Premium ""BOSE"" sound system. 2014 Nissan Fuga 370GT in Pearl White colour. Japanese import, smooth 3700cc ch Available from Grande Motors Ltd, East Tamaki, Auckland.",in stock,used,12500.00 NZD,https://www.grandemotors.co.nz/vehicle/2014-Nissan-Fuga/12697,https://www.grandemotors.co.nz/Motorcentral/VehicleData/GRA-4d87d89d-2274-4876-b906-02e50332c0a4-1.jpg,"https://www.grandemotors.co.nz/Motorcentral/VehicleData/GRA-4d87d89d-2274-4876-b906-02e50332c0a4-2.jpg,https://www.grandemotors.co.nz/Motorcentral/VehicleData/GRA-4d87d89d-2274-4876-b906-02e50332c0a4-3.jpg,https://www.grandemotors.co.nz/Motorcentral/VehicleData/GRA-4d87d89d-2274-4876-b906-02e50332c0a4-4.jpg,https://www.grandemotors.co.nz/Motorcentral/VehicleData/GRA-4d87d89d-2274-4876-b906-02e50332c0a4-5.jpg,https://www.grandemotors.co.nz/Motorcentral/VehicleData/GRA-4d87d89d-2274-4876-b906-02e50332c0a4-6.jpg,https://www.grandemotors.co.nz/Motorcentral/VehicleData/GRA-4d87d89d-2274-4876-b906-02e50332c0a4-7.jpg,https://www.grandemotors.co.nz/Motorcentral/VehicleData/GRA-4d87d89d-2274-4876-b906-02e50332c0a4-8.jpg,https://www.grandemotors.co.nz/Motorcentral/VehicleData/GRA-4d87d89d-2274-4876-b906-02e50332c0a4-9.jpg,https://www.grandemotors.co.nz/Motorcentral/VehicleData/GRA-4d87d89d-2274-4876-b906-02e50332c0a4-10.jpg,https://www.grandemotors.co.nz/Motorcentral/VehicleData/GRA-4d87d89d-2274-4876-b906-02e50332c0a4-11.jpg,https://www.grandemotors.co.nz/Motorcentral/VehicleData/GRA-4d87d89d-2274-4876-b906-02e50332c0a4-12.jpg,https://www.grandemotors.co.nz/Motorcentral/VehicleData/GRA-4d87d89d-2274-4876-b906-02e50332c0a4-13.jpg,https://www.grandemotors.co.nz/Motorcentral/VehicleData/GRA-4d87d89d-2274-4876-b906-02e50332c0a4-14.jpg,https://www.grandemotors.co.nz/Motorcentral/VehicleData/GRA-4d87d89d-2274-4876-b906-02e50332c0a4-15.jpg,https://www.grandemotors.co.nz/Motorcentral/VehicleData/GRA-4d87d89d-2274-4876-b906-02e50332c0a4-16.jpg,https://www.grandemotors.co.nz/Motorcentral/VehicleData/GRA-4d87d89d-2274-4876-b906-02e50332c0a4-17.jpg,https://www.grandemotors.co.nz/Motorcentral/VehicleData/GRA-4d87d89d-2274-4876-b906-02e50332c0a4-18.jpg,https://www.grandemotors.co.nz/Motorcentral/VehicleData/GRA-4d87d89d-2274-4876-b906-02e50332c0a4-19.jpg",Nissan,"Vehicles & Parts > Vehicles > Cars, Trucks & Vans",2014,SEDAN,GASOLINE,Automatic,Grande Motors
12789,2013 Nissan Lafesta HIGHWAY STAR G,"Immobilizer Electric sliding door Alloy wheels 2013 Nissan Lafesta Highway Star 2.0 7 seater station wagon in black colour with black interior. Available from Grande Motors Ltd, East Tamaki, Auckland.",in stock,used,8280.00 NZD,https://www.grandemotors.co.nz/vehicle/2013-Nissan-Lafesta/12789,https://www.grandemotors.co.nz/Motorcentral/VehicleData/GRA-5cc15ecb-1518-4fbc-b251-f8899217b193-1.jpg,"https://www.grandemotors.co.nz/Motorcentral/VehicleData/GRA-5cc15ecb-1518-4fbc-b251-f8899217b193-2.jpg,https://www.grandemotors.co.nz/Motorcentral/VehicleData/GRA-5cc15ecb-1518-4fbc-b251-f8899217b193-3.jpg,https://www.grandemotors.co.nz/Motorcentral/VehicleData/GRA-5cc15ecb-1518-4fbc-b251-f8899217b193-4.jpg,https://www.grandemotors.co.nz/Motorcentral/VehicleData/GRA-5cc15ecb-1518-4fbc-b251-f8899217b193-5.jpg,https://www.grandemotors.co.nz/Motorcentral/VehicleData/GRA-5cc15ecb-1518-4fbc-b251-f8899217b193-6.jpg,https://www.grandemotors.co.nz/Motorcentral/VehicleData/GRA-5cc15ecb-1518-4fbc-b251-f8899217b193-7.jpg,https://www.grandemotors.co.nz/Motorcentral/VehicleData/GRA-5cc15ecb-1518-4fbc-b251-f8899217b193-8.jpg,https://www.grandemotors.co.nz/Motorcentral/VehicleData/GRA-5cc15ecb-1518-4fbc-b251-f8899217b193-9.jpg,https://www.grandemotors.co.nz/Motorcentral/VehicleData/GRA-5cc15ecb-1518-4fbc-b251-f8899217b193-10.jpg,https://www.grandemotors.co.nz/Motorcentral/VehicleData/GRA-5cc15ecb-1518-4fbc-b251-f8899217b193-11.jpg,https://www.grandemotors.co.nz/Motorcentral/VehicleData/GRA-5cc15ecb-1518-4fbc-b251-f8899217b193-12.jpg,https://www.grandemotors.co.nz/Motorcentral/VehicleData/GRA-5cc15ecb-1518-4fbc-b251-f8899217b193-13.jpg,https://www.grandemotors.co.nz/Motorcentral/VehicleData/GRA-5cc15ecb-1518-4fbc-b251-f8899217b193-14.jpg,https://www.grandemotors.co.nz/Motorcentral/VehicleData/GRA-5cc15ecb-1518-4fbc-b251-f8899217b193-15.jpg,https://www.grandemotors.co.nz/Motorcentral/VehicleData/GRA-5cc15ecb-1518-4fbc-b251-f8899217b193-16.jpg,https://www.grandemotors.co.nz/Motorcentral/VehicleData/GRA-5cc15ecb-1518-4fbc-b251-f8899217b193-17.jpg,https://www.grandemotors.co.nz/Motorcentral/VehicleData/GRA-5cc15ecb-1518-4fbc-b251-f8899217b193-18.jpg,https://www.grandemotors.co.nz/Motorcentral/VehicleData/GRA-5cc15ecb-1518-4fbc-b251-f8899217b193-19.jpg,https://www.grandemotors.co.nz/Motorcentral/VehicleData/GRA-5cc15ecb-1518-4fbc-b251-f8899217b193-20.jpg",Nissan,"Vehicles & Parts > Vehicles > Cars, Trucks & Vans",2013,WAGON,GASOLINE,Automatic,Grande Motors
13168,2013 Nissan Lafesta Highway Star.7 seats.Alloy wheels.,"2013 Nissan Lafesta Highway Star 7 seater station wagon in black colour with black interior. Japanese import, smooth 2000cc chain driven engine pro Available from Grande Motors Ltd, East Tamaki, Auckland.",in stock,used,7900.00 NZD,https://www.grandemotors.co.nz/vehicle/2013-Nissan-Lafesta/13168,https://www.grandemotors.co.nz/Motorcentral/VehicleData/GRA-bad0de3a-de9a-4e51-b841-12be8e9e094c-1.jpg,"https://www.grandemotors.co.nz/Motorcentral/VehicleData/GRA-bad0de3a-de9a-4e51-b841-12be8e9e094c-2.jpg,https://www.grandemotors.co.nz/Motorcentral/VehicleData/GRA-bad0de3a-de9a-4e51-b841-12be8e9e094c-3.jpg,https://www.grandemotors.co.nz/Motorcentral/VehicleData/GRA-bad0de3a-de9a-4e51-b841-12be8e9e094c-4.jpg,https://www.grandemotors.co.nz/Motorcentral/VehicleData/GRA-bad0de3a-de9a-4e51-b841-12be8e9e094c-5.jpg,https://www.grandemotors.co.nz/Motorcentral/VehicleData/GRA-bad0de3a-de9a-4e51-b841-12be8e9e094c-6.jpg,https://www.grandemotors.co.nz/Motorcentral/VehicleData/GRA-bad0de3a-de9a-4e51-b841-12be8e9e094c-7.jpg,https://www.grandemotors.co.nz/Motorcentral/VehicleData/GRA-bad0de3a-de9a-4e51-b841-12be8e9e094c-8.jpg,https://www.grandemotors.co.nz/Motorcentral/VehicleData/GRA-bad0de3a-de9a-4e51-b841-12be8e9e094c-9.jpg,https://www.grandemotors.co.nz/Motorcentral/VehicleData/GRA-bad0de3a-de9a-4e51-b841-12be8e9e094c-10.jpg,https://www.grandemotors.co.nz/Motorcentral/VehicleData/GRA-bad0de3a-de9a-4e51-b841-12be8e9e094c-11.jpg,https://www.grandemotors.co.nz/Motorcentral/VehicleData/GRA-bad0de3a-de9a-4e51-b841-12be8e9e094c-12.jpg,https://www.grandemotors.co.nz/Motorcentral/VehicleData/GRA-bad0de3a-de9a-4e51-b841-12be8e9e094c-13.jpg,https://www.grandemotors.co.nz/Motorcentral/VehicleData/GRA-bad0de3a-de9a-4e51-b841-12be8e9e094c-14.jpg,https://www.grandemotors.co.nz/Motorcentral/VehicleData/GRA-bad0de3a-de9a-4e51-b841-12be8e9e094c-15.jpg,https://www.grandemotors.co.nz/Motorcentral/VehicleData/GRA-bad0de3a-de9a-4e51-b841-12be8e9e094c-16.jpg,https://www.grandemotors.co.nz/Motorcentral/VehicleData/GRA-bad0de3a-de9a-4e51-b841-12be8e9e094c-17.jpg,https://www.grandemotors.co.nz/Motorcentral/VehicleData/GRA-bad0de3a-de9a-4e51-b841-12be8e9e094c-18.jpg,https://www.grandemotors.co.nz/Motorcentral/VehicleData/GRA-bad0de3a-de9a-4e51-b841-12be8e9e094c-19.jpg",Nissan,"Vehicles & Parts > Vehicles > Cars, Trucks & Vans",2013,WAGON,GASOLINE,Automatic,Grande Motors
9419,1999 Nissan Laurel Medalist.,"1999 Nissan Laurel Medalist in silver colour with grey interior. Japanese import, smooth 2000cc engine provides perfect compromise between power an Available from Grande Motors Ltd, East Tamaki, Auckland.",in stock,used,10900.00 NZD,https://www.grandemotors.co.nz/vehicle/1999-Nissan-Laurel/9419,https://www.grandemotors.co.nz/Motorcentral/VehicleData/GRA-20a03870-d220-4ffb-892e-054d1fa281dd-1.jpg,"https://www.grandemotors.co.nz/Motorcentral/VehicleData/GRA-20a03870-d220-4ffb-892e-054d1fa281dd-2.jpg,https://www.grandemotors.co.nz/Motorcentral/VehicleData/GRA-20a03870-d220-4ffb-892e-054d1fa281dd-3.jpg,https://www.grandemotors.co.nz/Motorcentral/VehicleData/GRA-20a03870-d220-4ffb-892e-054d1fa281dd-4.jpg,https://www.grandemotors.co.nz/Motorcentral/VehicleData/GRA-20a03870-d220-4ffb-892e-054d1fa281dd-5.jpg,https://www.grandemotors.co.nz/Motorcentral/VehicleData/GRA-20a03870-d220-4ffb-892e-054d1fa281dd-6.jpg,https://www.grandemotors.co.nz/Motorcentral/VehicleData/GRA-20a03870-d220-4ffb-892e-054d1fa281dd-7.jpg,https://www.grandemotors.co.nz/Motorcentral/VehicleData/GRA-20a03870-d220-4ffb-892e-054d1fa281dd-8.jpg,https://www.grandemotors.co.nz/Motorcentral/VehicleData/GRA-20a03870-d220-4ffb-892e-054d1fa281dd-9.jpg,https://www.grandemotors.co.nz/Motorcentral/VehicleData/GRA-20a03870-d220-4ffb-892e-054d1fa281dd-10.jpg,https://www.grandemotors.co.nz/Motorcentral/VehicleData/GRA-20a03870-d220-4ffb-892e-054d1fa281dd-11.jpg,https://www.grandemotors.co.nz/Motorcentral/VehicleData/GRA-20a03870-d220-4ffb-892e-054d1fa281dd-12.jpg,https://www.grandemotors.co.nz/Motorcentral/VehicleData/GRA-20a03870-d220-4ffb-892e-054d1fa281dd-13.jpg,https://www.grandemotors.co.nz/Motorcentral/VehicleData/GRA-20a03870-d220-4ffb-892e-054d1fa281dd-14.jpg,https://www.grandemotors.co.nz/Motorcentral/VehicleData/GRA-20a03870-d220-4ffb-892e-054d1fa281dd-15.jpg,https://www.grandemotors.co.nz/Motorcentral/VehicleData/GRA-20a03870-d220-4ffb-892e-054d1fa281dd-16.jpg,https://www.grandemotors.co.nz/Motorcentral/VehicleData/GRA-20a03870-d220-4ffb-892e-054d1fa281dd-17.jpg",Nissan,"Vehicles & Parts > Vehicles > Cars, Trucks & Vans",1999,SEDAN,GASOLINE,Automatic,Grande Motors
12972,"2016 Nissan Leaf 30KW.SOH77%.Grade 4,5.Cuise control.Rear camera.","30KW. Battery SOH 77%. 2016 Nissan Leaf Red colour with black interior. An enjoyable roomy interior Economical and reliable, running very smo Available from Grande Motors Ltd, East Tamaki, Auckland.",in stock,used,10500.00 NZD,https://www.grandemotors.co.nz/vehicle/2016-Nissan-Leaf/12972,https://www.grandemotors.co.nz/Motorcentral/VehicleData/GRA-8d1ff940-670b-479d-9ee2-8e84aa170947-1.jpg,"https://www.grandemotors.co.nz/Motorcentral/VehicleData/GRA-8d1ff940-670b-479d-9ee2-8e84aa170947-2.jpg,https://www.grandemotors.co.nz/Motorcentral/VehicleData/GRA-8d1ff940-670b-479d-9ee2-8e84aa170947-3.jpg,https://www.grandemotors.co.nz/Motorcentral/VehicleData/GRA-8d1ff940-670b-479d-9ee2-8e84aa170947-4.jpg,https://www.grandemotors.co.nz/Motorcentral/VehicleData/GRA-8d1ff940-670b-479d-9ee2-8e84aa170947-5.jpg,https://www.grandemotors.co.nz/Motorcentral/VehicleData/GRA-8d1ff940-670b-479d-9ee2-8e84aa170947-6.jpg,https://www.grandemotors.co.nz/Motorcentral/VehicleData/GRA-8d1ff940-670b-479d-9ee2-8e84aa170947-7.jpg,https://www.grandemotors.co.nz/Motorcentral/VehicleData/GRA-8d1ff940-670b-479d-9ee2-8e84aa170947-8.jpg,https://www.grandemotors.co.nz/Motorcentral/VehicleData/GRA-8d1ff940-670b-479d-9ee2-8e84aa170947-9.jpg,https://www.grandemotors.co.nz/Motorcentral/VehicleData/GRA-8d1ff940-670b-479d-9ee2-8e84aa170947-10.jpg,https://www.grandemotors.co.nz/Motorcentral/VehicleData/GRA-8d1ff940-670b-479d-9ee2-8e84aa170947-11.jpg,https://www.grandemotors.co.nz/Motorcentral/VehicleData/GRA-8d1ff940-670b-479d-9ee2-8e84aa170947-12.jpg,https://www.grandemotors.co.nz/Motorcentral/VehicleData/GRA-8d1ff940-670b-479d-9ee2-8e84aa170947-13.jpg,https://www.grandemotors.co.nz/Motorcentral/VehicleData/GRA-8d1ff940-670b-479d-9ee2-8e84aa170947-14.jpg,https://www.grandemotors.co.nz/Motorcentral/VehicleData/GRA-8d1ff940-670b-479d-9ee2-8e84aa170947-15.jpg,https://www.grandemotors.co.nz/Motorcentral/VehicleData/GRA-8d1ff940-670b-479d-9ee2-8e84aa170947-16.jpg,https://www.grandemotors.co.nz/Motorcentral/VehicleData/GRA-8d1ff940-670b-479d-9ee2-8e84aa170947-17.jpg,https://www.grandemotors.co.nz/Motorcentral/VehicleData/GRA-8d1ff940-670b-479d-9ee2-8e84aa170947-18.jpg,https://www.grandemotors.co.nz/Motorcentral/VehicleData/GRA-8d1ff940-670b-479d-9ee2-8e84aa170947-19.jpg,https://www.grandemotors.co.nz/Motorcentral/VehicleData/GRA-8d1ff940-670b-479d-9ee2-8e84aa170947-20.jpg",Nissan,"Vehicles & Parts > Vehicles > Cars, Trucks & Vans",2016,HATCHBACK,ELECTRIC,Automatic,Grande Motors
12971,2017 Nissan Leaf 30KW.SOH 75%.BOSE.360°camera.Cruise control.,"2017 Nissan Leaf Hatchback in Grey Japanese import, 0 engine, done 28300kms,Automatic. Arriving April Grey cloth trim, 360°camera, Cruise contro Available from Grande Motors Ltd, East Tamaki, Auckland.",in stock,used,9900.00 NZD,https://www.grandemotors.co.nz/vehicle/2017-Nissan-Leaf/12971,https://www.grandemotors.co.nz/Motorcentral/VehicleData/GRA-bd65acd3-6634-4004-bd55-77c7acd98a37-1.jpg,"https://www.grandemotors.co.nz/Motorcentral/VehicleData/GRA-bd65acd3-6634-4004-bd55-77c7acd98a37-2.jpg,https://www.grandemotors.co.nz/Motorcentral/VehicleData/GRA-bd65acd3-6634-4004-bd55-77c7acd98a37-3.jpg,https://www.grandemotors.co.nz/Motorcentral/VehicleData/GRA-bd65acd3-6634-4004-bd55-77c7acd98a37-4.jpg,https://www.grandemotors.co.nz/Motorcentral/VehicleData/GRA-bd65acd3-6634-4004-bd55-77c7acd98a37-5.jpg,https://www.grandemotors.co.nz/Motorcentral/VehicleData/GRA-bd65acd3-6634-4004-bd55-77c7acd98a37-6.jpg,https://www.grandemotors.co.nz/Motorcentral/VehicleData/GRA-bd65acd3-6634-4004-bd55-77c7acd98a37-7.jpg,https://www.grandemotors.co.nz/Motorcentral/VehicleData/GRA-bd65acd3-6634-4004-bd55-77c7acd98a37-8.jpg,https://www.grandemotors.co.nz/Motorcentral/VehicleData/GRA-bd65acd3-6634-4004-bd55-77c7acd98a37-9.jpg,https://www.grandemotors.co.nz/Motorcentral/VehicleData/GRA-bd65acd3-6634-4004-bd55-77c7acd98a37-10.jpg,https://www.grandemotors.co.nz/Motorcentral/VehicleData/GRA-bd65acd3-6634-4004-bd55-77c7acd98a37-11.jpg,https://www.grandemotors.co.nz/Motorcentral/VehicleData/GRA-bd65acd3-6634-4004-bd55-77c7acd98a37-12.jpg,https://www.grandemotors.co.nz/Motorcentral/VehicleData/GRA-bd65acd3-6634-4004-bd55-77c7acd98a37-13.jpg,https://www.grandemotors.co.nz/Motorcentral/VehicleData/GRA-bd65acd3-6634-4004-bd55-77c7acd98a37-14.jpg,https://www.grandemotors.co.nz/Motorcentral/VehicleData/GRA-bd65acd3-6634-4004-bd55-77c7acd98a37-15.jpg,https://www.grandemotors.co.nz/Motorcentral/VehicleData/GRA-bd65acd3-6634-4004-bd55-77c7acd98a37-16.jpg,https://www.grandemotors.co.nz/Motorcentral/VehicleData/GRA-bd65acd3-6634-4004-bd55-77c7acd98a37-17.jpg,https://www.grandemotors.co.nz/Motorcentral/VehicleData/GRA-bd65acd3-6634-4004-bd55-77c7acd98a37-18.jpg,https://www.grandemotors.co.nz/Motorcentral/VehicleData/GRA-bd65acd3-6634-4004-bd55-77c7acd98a37-19.jpg,https://www.grandemotors.co.nz/Motorcentral/VehicleData/GRA-bd65acd3-6634-4004-bd55-77c7acd98a37-20.jpg",Nissan,"Vehicles & Parts > Vehicles > Cars, Trucks & Vans",2017,HATCHBACK,ELECTRIC,Automatic,Grande Motors
13364,2017 Nissan Leaf 40kw 80.24% Soh 7000 RUC including 207 km full charge battery,"40KW replaced 30 kw to 40 kw Battery SOH 80.24%. 12Bar full charge battery range 207 km 7000km RUC includes in the price. English display. Available from Grande Motors Ltd, East Tamaki, Auckland.",in stock,used,10990.00 NZD,https://www.grandemotors.co.nz/vehicle/2017-Nissan-Leaf/13364,https://www.grandemotors.co.nz/Motorcentral/VehicleData/GRA-450e1d62-6b7d-4f62-b760-01ff3ac864dd-1.jpg,"https://www.grandemotors.co.nz/Motorcentral/VehicleData/GRA-450e1d62-6b7d-4f62-b760-01ff3ac864dd-2.jpg,https://www.grandemotors.co.nz/Motorcentral/VehicleData/GRA-450e1d62-6b7d-4f62-b760-01ff3ac864dd-3.jpg,https://www.grandemotors.co.nz/Motorcentral/VehicleData/GRA-450e1d62-6b7d-4f62-b760-01ff3ac864dd-4.jpg,https://www.grandemotors.co.nz/Motorcentral/VehicleData/GRA-450e1d62-6b7d-4f62-b760-01ff3ac864dd-5.jpg,https://www.grandemotors.co.nz/Motorcentral/VehicleData/GRA-450e1d62-6b7d-4f62-b760-01ff3ac864dd-6.jpg,https://www.grandemotors.co.nz/Motorcentral/VehicleData/GRA-450e1d62-6b7d-4f62-b760-01ff3ac864dd-7.jpg,https://www.grandemotors.co.nz/Motorcentral/VehicleData/GRA-450e1d62-6b7d-4f62-b760-01ff3ac864dd-8.jpg,https://www.grandemotors.co.nz/Motorcentral/VehicleData/GRA-450e1d62-6b7d-4f62-b760-01ff3ac864dd-9.jpg,https://www.grandemotors.co.nz/Motorcentral/VehicleData/GRA-450e1d62-6b7d-4f62-b760-01ff3ac864dd-10.jpg,https://www.grandemotors.co.nz/Motorcentral/VehicleData/GRA-450e1d62-6b7d-4f62-b760-01ff3ac864dd-11.jpg,https://www.grandemotors.co.nz/Motorcentral/VehicleData/GRA-450e1d62-6b7d-4f62-b760-01ff3ac864dd-12.jpg,https://www.grandemotors.co.nz/Motorcentral/VehicleData/GRA-450e1d62-6b7d-4f62-b760-01ff3ac864dd-13.jpg,https://www.grandemotors.co.nz/Motorcentral/VehicleData/GRA-450e1d62-6b7d-4f62-b760-01ff3ac864dd-14.jpg,https://www.grandemotors.co.nz/Motorcentral/VehicleData/GRA-450e1d62-6b7d-4f62-b760-01ff3ac864dd-15.jpg,https://www.grandemotors.co.nz/Motorcentral/VehicleData/GRA-450e1d62-6b7d-4f62-b760-01ff3ac864dd-16.jpg,https://www.grandemotors.co.nz/Motorcentral/VehicleData/GRA-450e1d62-6b7d-4f62-b760-01ff3ac864dd-17.jpg,https://www.grandemotors.co.nz/Motorcentral/VehicleData/GRA-450e1d62-6b7d-4f62-b760-01ff3ac864dd-18.jpg",Nissan,"Vehicles & Parts > Vehicles > Cars, Trucks & Vans",2017,HATCHBACK,ELECTRIC,Automatic,Grande Motors
13537,2017 Nissan Leaf 40KW.SOH86%.360°cam.Android/AppleCarPlay.Pro-pilot.Alarm.,"40KW. Battery SOH 86%. Full battery range 262km. Android/Apple CarPlay audio. ProPilot system combines adaptive radar cruise control with lane-k Available from Grande Motors Ltd, East Tamaki, Auckland.",in stock,used,14500.00 NZD,https://www.grandemotors.co.nz/vehicle/2017-Nissan-Leaf/13537,https://www.grandemotors.co.nz/Motorcentral/VehicleData/GRA-24ea536f-3af9-4323-9859-129375e00335-1.jpg,"https://www.grandemotors.co.nz/Motorcentral/VehicleData/GRA-24ea536f-3af9-4323-9859-129375e00335-2.jpg,https://www.grandemotors.co.nz/Motorcentral/VehicleData/GRA-24ea536f-3af9-4323-9859-129375e00335-3.jpg,https://www.grandemotors.co.nz/Motorcentral/VehicleData/GRA-24ea536f-3af9-4323-9859-129375e00335-4.jpg,https://www.grandemotors.co.nz/Motorcentral/VehicleData/GRA-24ea536f-3af9-4323-9859-129375e00335-5.jpg,https://www.grandemotors.co.nz/Motorcentral/VehicleData/GRA-24ea536f-3af9-4323-9859-129375e00335-6.jpg,https://www.grandemotors.co.nz/Motorcentral/VehicleData/GRA-24ea536f-3af9-4323-9859-129375e00335-7.jpg,https://www.grandemotors.co.nz/Motorcentral/VehicleData/GRA-24ea536f-3af9-4323-9859-129375e00335-8.jpg,https://www.grandemotors.co.nz/Motorcentral/VehicleData/GRA-24ea536f-3af9-4323-9859-129375e00335-9.jpg,https://www.grandemotors.co.nz/Motorcentral/VehicleData/GRA-24ea536f-3af9-4323-9859-129375e00335-10.jpg,https://www.grandemotors.co.nz/Motorcentral/VehicleData/GRA-24ea536f-3af9-4323-9859-129375e00335-11.jpg,https://www.grandemotors.co.nz/Motorcentral/VehicleData/GRA-24ea536f-3af9-4323-9859-129375e00335-12.jpg,https://www.grandemotors.co.nz/Motorcentral/VehicleData/GRA-24ea536f-3af9-4323-9859-129375e00335-13.jpg,https://www.grandemotors.co.nz/Motorcentral/VehicleData/GRA-24ea536f-3af9-4323-9859-129375e00335-14.jpg,https://www.grandemotors.co.nz/Motorcentral/VehicleData/GRA-24ea536f-3af9-4323-9859-129375e00335-15.jpg,https://www.grandemotors.co.nz/Motorcentral/VehicleData/GRA-24ea536f-3af9-4323-9859-129375e00335-16.jpg,https://www.grandemotors.co.nz/Motorcentral/VehicleData/GRA-24ea536f-3af9-4323-9859-129375e00335-17.jpg,https://www.grandemotors.co.nz/Motorcentral/VehicleData/GRA-24ea536f-3af9-4323-9859-129375e00335-18.jpg,https://www.grandemotors.co.nz/Motorcentral/VehicleData/GRA-24ea536f-3af9-4323-9859-129375e00335-19.jpg,https://www.grandemotors.co.nz/Motorcentral/VehicleData/GRA-24ea536f-3af9-4323-9859-129375e00335-20.jpg",Nissan,"Vehicles & Parts > Vehicles > Cars, Trucks & Vans",2017,HATCHBACK,ELECTRIC,Automatic,Grande Motors
13563,"2017 Nissan Leaf 40KW.85,5% SOH.360 Camera.Apple CarPlay.Safety radar.Park sensors.","40KW. Battery SOH 85%. Full battery range 240km. Android/Apple CarPlay audio. ProPilot system combines adaptive radar cruise control with lane-k Available from Grande Motors Ltd, East Tamaki, Auckland.",in stock,used,13500.00 NZD,https://www.grandemotors.co.nz/vehicle/2017-Nissan-Leaf/13563,https://www.grandemotors.co.nz/Motorcentral/VehicleData/GRA-fb1dcc57-09e0-4235-8abe-2d1922bcea09-1.jpg,"https://www.grandemotors.co.nz/Motorcentral/VehicleData/GRA-fb1dcc57-09e0-4235-8abe-2d1922bcea09-2.jpg,https://www.grandemotors.co.nz/Motorcentral/VehicleData/GRA-fb1dcc57-09e0-4235-8abe-2d1922bcea09-3.jpg,https://www.grandemotors.co.nz/Motorcentral/VehicleData/GRA-fb1dcc57-09e0-4235-8abe-2d1922bcea09-4.jpg,https://www.grandemotors.co.nz/Motorcentral/VehicleData/GRA-fb1dcc57-09e0-4235-8abe-2d1922bcea09-5.jpg,https://www.grandemotors.co.nz/Motorcentral/VehicleData/GRA-fb1dcc57-09e0-4235-8abe-2d1922bcea09-6.jpg,https://www.grandemotors.co.nz/Motorcentral/VehicleData/GRA-fb1dcc57-09e0-4235-8abe-2d1922bcea09-7.jpg,https://www.grandemotors.co.nz/Motorcentral/VehicleData/GRA-fb1dcc57-09e0-4235-8abe-2d1922bcea09-8.jpg,https://www.grandemotors.co.nz/Motorcentral/VehicleData/GRA-fb1dcc57-09e0-4235-8abe-2d1922bcea09-9.jpg,https://www.grandemotors.co.nz/Motorcentral/VehicleData/GRA-fb1dcc57-09e0-4235-8abe-2d1922bcea09-10.jpg,https://www.grandemotors.co.nz/Motorcentral/VehicleData/GRA-fb1dcc57-09e0-4235-8abe-2d1922bcea09-11.jpg,https://www.grandemotors.co.nz/Motorcentral/VehicleData/GRA-fb1dcc57-09e0-4235-8abe-2d1922bcea09-12.jpg,https://www.grandemotors.co.nz/Motorcentral/VehicleData/GRA-fb1dcc57-09e0-4235-8abe-2d1922bcea09-13.jpg,https://www.grandemotors.co.nz/Motorcentral/VehicleData/GRA-fb1dcc57-09e0-4235-8abe-2d1922bcea09-14.jpg,https://www.grandemotors.co.nz/Motorcentral/VehicleData/GRA-fb1dcc57-09e0-4235-8abe-2d1922bcea09-15.jpg,https://www.grandemotors.co.nz/Motorcentral/VehicleData/GRA-fb1dcc57-09e0-4235-8abe-2d1922bcea09-16.jpg,https://www.grandemotors.co.nz/Motorcentral/VehicleData/GRA-fb1dcc57-09e0-4235-8abe-2d1922bcea09-17.jpg,https://www.grandemotors.co.nz/Motorcentral/VehicleData/GRA-fb1dcc57-09e0-4235-8abe-2d1922bcea09-18.jpg,https://www.grandemotors.co.nz/Motorcentral/VehicleData/GRA-fb1dcc57-09e0-4235-8abe-2d1922bcea09-19.jpg,https://www.grandemotors.co.nz/Motorcentral/VehicleData/GRA-fb1dcc57-09e0-4235-8abe-2d1922bcea09-20.jpg",Nissan,"Vehicles & Parts > Vehicles > Cars, Trucks & Vans",2017,HATCHBACK,ELECTRIC,Automatic,Grande Motors
12960,"2018 Nissan Leaf G Model Pro pilot 4,5 Grade","PLEASE NOTE: THE CAR IS IN TRANSIT. 2018 Nissan Leaf Hatchback in White Japanese import, 0 engine, done 81000kms,Automatic. Transit 84% Soh Nic Available from Grande Motors Ltd, East Tamaki, Auckland.",in stock,used,15500.00 NZD,https://www.grandemotors.co.nz/vehicle/2018-Nissan-Leaf/12960,https://www.grandemotors.co.nz/Motorcentral/VehicleData/GRA-89d21dc9-2fc7-4299-9ee2-a0bbdda3101b-1.jpg,"https://www.grandemotors.co.nz/Motorcentral/VehicleData/GRA-89d21dc9-2fc7-4299-9ee2-a0bbdda3101b-2.jpg,https://www.grandemotors.co.nz/Motorcentral/VehicleData/GRA-89d21dc9-2fc7-4299-9ee2-a0bbdda3101b-3.jpg,https://www.grandemotors.co.nz/Motorcentral/VehicleData/GRA-89d21dc9-2fc7-4299-9ee2-a0bbdda3101b-4.jpg,https://www.grandemotors.co.nz/Motorcentral/VehicleData/GRA-89d21dc9-2fc7-4299-9ee2-a0bbdda3101b-5.jpg,https://www.grandemotors.co.nz/Motorcentral/VehicleData/GRA-89d21dc9-2fc7-4299-9ee2-a0bbdda3101b-6.jpg,https://www.grandemotors.co.nz/Motorcentral/VehicleData/GRA-89d21dc9-2fc7-4299-9ee2-a0bbdda3101b-7.jpg,https://www.grandemotors.co.nz/Motorcentral/VehicleData/GRA-89d21dc9-2fc7-4299-9ee2-a0bbdda3101b-8.jpg,https://www.grandemotors.co.nz/Motorcentral/VehicleData/GRA-89d21dc9-2fc7-4299-9ee2-a0bbdda3101b-9.jpg,https://www.grandemotors.co.nz/Motorcentral/VehicleData/GRA-89d21dc9-2fc7-4299-9ee2-a0bbdda3101b-10.jpg,https://www.grandemotors.co.nz/Motorcentral/VehicleData/GRA-89d21dc9-2fc7-4299-9ee2-a0bbdda3101b-11.jpg,https://www.grandemotors.co.nz/Motorcentral/VehicleData/GRA-89d21dc9-2fc7-4299-9ee2-a0bbdda3101b-12.jpg,https://www.grandemotors.co.nz/Motorcentral/VehicleData/GRA-89d21dc9-2fc7-4299-9ee2-a0bbdda3101b-13.jpg",Nissan,"Vehicles & Parts > Vehicles > Cars, Trucks & Vans",2018,HATCHBACK,ELECTRIC,Automatic,Grande Motors
13049,2018 Nissan Leaf NISMO.360°camera.Pro-pilot.Safety radar.10 Airbags.Alarm.,"CERTIFIED LOW KM ODOMETER. Battery SOH 86.47%. English display. Android/Apple CarPlay audio. 2018 Nissan Leaf Nismo Pro-pilot in Gray colo Available from Grande Motors Ltd, East Tamaki, Auckland.",in stock,used,19900.00 NZD,https://www.grandemotors.co.nz/vehicle/2018-Nissan-Leaf/13049,https://www.grandemotors.co.nz/Motorcentral/VehicleData/GRA-17129c41-ea65-4daa-9138-ab952a472c93-1.jpg,"https://www.grandemotors.co.nz/Motorcentral/VehicleData/GRA-17129c41-ea65-4daa-9138-ab952a472c93-2.jpg,https://www.grandemotors.co.nz/Motorcentral/VehicleData/GRA-17129c41-ea65-4daa-9138-ab952a472c93-3.jpg,https://www.grandemotors.co.nz/Motorcentral/VehicleData/GRA-17129c41-ea65-4daa-9138-ab952a472c93-4.jpg,https://www.grandemotors.co.nz/Motorcentral/VehicleData/GRA-17129c41-ea65-4daa-9138-ab952a472c93-5.jpg,https://www.grandemotors.co.nz/Motorcentral/VehicleData/GRA-17129c41-ea65-4daa-9138-ab952a472c93-6.jpg,https://www.grandemotors.co.nz/Motorcentral/VehicleData/GRA-17129c41-ea65-4daa-9138-ab952a472c93-7.jpg,https://www.grandemotors.co.nz/Motorcentral/VehicleData/GRA-17129c41-ea65-4daa-9138-ab952a472c93-8.jpg,https://www.grandemotors.co.nz/Motorcentral/VehicleData/GRA-17129c41-ea65-4daa-9138-ab952a472c93-9.jpg,https://www.grandemotors.co.nz/Motorcentral/VehicleData/GRA-17129c41-ea65-4daa-9138-ab952a472c93-10.jpg,https://www.grandemotors.co.nz/Motorcentral/VehicleData/GRA-17129c41-ea65-4daa-9138-ab952a472c93-11.jpg,https://www.grandemotors.co.nz/Motorcentral/VehicleData/GRA-17129c41-ea65-4daa-9138-ab952a472c93-12.jpg,https://www.grandemotors.co.nz/Motorcentral/VehicleData/GRA-17129c41-ea65-4daa-9138-ab952a472c93-13.jpg,https://www.grandemotors.co.nz/Motorcentral/VehicleData/GRA-17129c41-ea65-4daa-9138-ab952a472c93-14.jpg,https://www.grandemotors.co.nz/Motorcentral/VehicleData/GRA-17129c41-ea65-4daa-9138-ab952a472c93-15.jpg,https://www.grandemotors.co.nz/Motorcentral/VehicleData/GRA-17129c41-ea65-4daa-9138-ab952a472c93-16.jpg,https://www.grandemotors.co.nz/Motorcentral/VehicleData/GRA-17129c41-ea65-4daa-9138-ab952a472c93-17.jpg,https://www.grandemotors.co.nz/Motorcentral/VehicleData/GRA-17129c41-ea65-4daa-9138-ab952a472c93-18.jpg,https://www.grandemotors.co.nz/Motorcentral/VehicleData/GRA-17129c41-ea65-4daa-9138-ab952a472c93-19.jpg,https://www.grandemotors.co.nz/Motorcentral/VehicleData/GRA-17129c41-ea65-4daa-9138-ab952a472c93-20.jpg",Nissan,"Vehicles & Parts > Vehicles > Cars, Trucks & Vans",2018,HATCHBACK,ELECTRIC,Automatic,Grande Motors
13345,"2018 Nissan Leaf 40KW.SOH 86,7%.Android/ApplePlay.360°camera.Safety radar.Park sensors.","AUCTION GRADE 4,5. 40KW. Battery SOH 86.70%. Full battery range 263km. Android/Apple CarPlay audio. ProPilot system combines adaptive radar c Available from Grande Motors Ltd, East Tamaki, Auckland.",in stock,used,16500.00 NZD,https://www.grandemotors.co.nz/vehicle/2018-Nissan-Leaf/13345,https://www.grandemotors.co.nz/Motorcentral/VehicleData/GRA-4a8ea870-f841-49df-a70f-c3f7ee7c8b29-1.jpg,"https://www.grandemotors.co.nz/Motorcentral/VehicleData/GRA-4a8ea870-f841-49df-a70f-c3f7ee7c8b29-2.jpg,https://www.grandemotors.co.nz/Motorcentral/VehicleData/GRA-4a8ea870-f841-49df-a70f-c3f7ee7c8b29-3.jpg,https://www.grandemotors.co.nz/Motorcentral/VehicleData/GRA-4a8ea870-f841-49df-a70f-c3f7ee7c8b29-4.jpg,https://www.grandemotors.co.nz/Motorcentral/VehicleData/GRA-4a8ea870-f841-49df-a70f-c3f7ee7c8b29-5.jpg,https://www.grandemotors.co.nz/Motorcentral/VehicleData/GRA-4a8ea870-f841-49df-a70f-c3f7ee7c8b29-6.jpg,https://www.grandemotors.co.nz/Motorcentral/VehicleData/GRA-4a8ea870-f841-49df-a70f-c3f7ee7c8b29-7.jpg,https://www.grandemotors.co.nz/Motorcentral/VehicleData/GRA-4a8ea870-f841-49df-a70f-c3f7ee7c8b29-8.jpg,https://www.grandemotors.co.nz/Motorcentral/VehicleData/GRA-4a8ea870-f841-49df-a70f-c3f7ee7c8b29-9.jpg,https://www.grandemotors.co.nz/Motorcentral/VehicleData/GRA-4a8ea870-f841-49df-a70f-c3f7ee7c8b29-10.jpg,https://www.grandemotors.co.nz/Motorcentral/VehicleData/GRA-4a8ea870-f841-49df-a70f-c3f7ee7c8b29-11.jpg,https://www.grandemotors.co.nz/Motorcentral/VehicleData/GRA-4a8ea870-f841-49df-a70f-c3f7ee7c8b29-12.jpg,https://www.grandemotors.co.nz/Motorcentral/VehicleData/GRA-4a8ea870-f841-49df-a70f-c3f7ee7c8b29-13.jpg,https://www.grandemotors.co.nz/Motorcentral/VehicleData/GRA-4a8ea870-f841-49df-a70f-c3f7ee7c8b29-14.jpg,https://www.grandemotors.co.nz/Motorcentral/VehicleData/GRA-4a8ea870-f841-49df-a70f-c3f7ee7c8b29-15.jpg,https://www.grandemotors.co.nz/Motorcentral/VehicleData/GRA-4a8ea870-f841-49df-a70f-c3f7ee7c8b29-16.jpg,https://www.grandemotors.co.nz/Motorcentral/VehicleData/GRA-4a8ea870-f841-49df-a70f-c3f7ee7c8b29-17.jpg,https://www.grandemotors.co.nz/Motorcentral/VehicleData/GRA-4a8ea870-f841-49df-a70f-c3f7ee7c8b29-18.jpg,https://www.grandemotors.co.nz/Motorcentral/VehicleData/GRA-4a8ea870-f841-49df-a70f-c3f7ee7c8b29-19.jpg,https://www.grandemotors.co.nz/Motorcentral/VehicleData/GRA-4a8ea870-f841-49df-a70f-c3f7ee7c8b29-20.jpg",Nissan,"Vehicles & Parts > Vehicles > Cars, Trucks & Vans",2018,HATCHBACK,ELECTRIC,Automatic,Grande Motors
13564,2018 Nissan Leaf 40KW.SOH 82%.Android/ApplePlay.Cruise control.10 Airbagsl.Rear camera.,"40KW. Battery SOH 82%. Full battery range 262km. Android/Apple CarPlay audio. 2018 Nissan Leaf 40kW in red colour with black interior. An enj Available from Grande Motors Ltd, East Tamaki, Auckland.",in stock,used,12900.00 NZD,https://www.grandemotors.co.nz/vehicle/2018-Nissan-Leaf/13564,https://www.grandemotors.co.nz/Motorcentral/VehicleData/GRA-9283c79e-d619-4978-80fc-e20344b1e6e1-1.jpg,"https://www.grandemotors.co.nz/Motorcentral/VehicleData/GRA-9283c79e-d619-4978-80fc-e20344b1e6e1-2.jpg,https://www.grandemotors.co.nz/Motorcentral/VehicleData/GRA-9283c79e-d619-4978-80fc-e20344b1e6e1-3.jpg,https://www.grandemotors.co.nz/Motorcentral/VehicleData/GRA-9283c79e-d619-4978-80fc-e20344b1e6e1-4.jpg,https://www.grandemotors.co.nz/Motorcentral/VehicleData/GRA-9283c79e-d619-4978-80fc-e20344b1e6e1-5.jpg,https://www.grandemotors.co.nz/Motorcentral/VehicleData/GRA-9283c79e-d619-4978-80fc-e20344b1e6e1-6.jpg,https://www.grandemotors.co.nz/Motorcentral/VehicleData/GRA-9283c79e-d619-4978-80fc-e20344b1e6e1-7.jpg,https://www.grandemotors.co.nz/Motorcentral/VehicleData/GRA-9283c79e-d619-4978-80fc-e20344b1e6e1-8.jpg,https://www.grandemotors.co.nz/Motorcentral/VehicleData/GRA-9283c79e-d619-4978-80fc-e20344b1e6e1-9.jpg,https://www.grandemotors.co.nz/Motorcentral/VehicleData/GRA-9283c79e-d619-4978-80fc-e20344b1e6e1-10.jpg,https://www.grandemotors.co.nz/Motorcentral/VehicleData/GRA-9283c79e-d619-4978-80fc-e20344b1e6e1-11.jpg,https://www.grandemotors.co.nz/Motorcentral/VehicleData/GRA-9283c79e-d619-4978-80fc-e20344b1e6e1-12.jpg,https://www.grandemotors.co.nz/Motorcentral/VehicleData/GRA-9283c79e-d619-4978-80fc-e20344b1e6e1-13.jpg,https://www.grandemotors.co.nz/Motorcentral/VehicleData/GRA-9283c79e-d619-4978-80fc-e20344b1e6e1-14.jpg,https://www.grandemotors.co.nz/Motorcentral/VehicleData/GRA-9283c79e-d619-4978-80fc-e20344b1e6e1-15.jpg,https://www.grandemotors.co.nz/Motorcentral/VehicleData/GRA-9283c79e-d619-4978-80fc-e20344b1e6e1-16.jpg,https://www.grandemotors.co.nz/Motorcentral/VehicleData/GRA-9283c79e-d619-4978-80fc-e20344b1e6e1-17.jpg,https://www.grandemotors.co.nz/Motorcentral/VehicleData/GRA-9283c79e-d619-4978-80fc-e20344b1e6e1-18.jpg",Nissan,"Vehicles & Parts > Vehicles > Cars, Trucks & Vans",2018,HATCHBACK,ELECTRIC,Automatic,Grande Motors
12986,2019 Nissan Leaf 62kW.SOH89%.Android/Apple CarPlay.Pro-pilot.360°camera.,"Battery SOH 89%. Full battery range 362km. Android/Apple CarPlay audio. ProPilot system combines adaptive radar cruise control with lane-keeping Available from Grande Motors Ltd, East Tamaki, Auckland.",in stock,used,22500.00 NZD,https://www.grandemotors.co.nz/vehicle/2019-Nissan-Leaf/12986,https://www.grandemotors.co.nz/Motorcentral/VehicleData/GRA-f1c2bc61-28e5-4696-93b9-4a2854e75aa9-1.jpg,"https://www.grandemotors.co.nz/Motorcentral/VehicleData/GRA-f1c2bc61-28e5-4696-93b9-4a2854e75aa9-2.jpg,https://www.grandemotors.co.nz/Motorcentral/VehicleData/GRA-f1c2bc61-28e5-4696-93b9-4a2854e75aa9-3.jpg,https://www.grandemotors.co.nz/Motorcentral/VehicleData/GRA-f1c2bc61-28e5-4696-93b9-4a2854e75aa9-4.jpg,https://www.grandemotors.co.nz/Motorcentral/VehicleData/GRA-f1c2bc61-28e5-4696-93b9-4a2854e75aa9-5.jpg,https://www.grandemotors.co.nz/Motorcentral/VehicleData/GRA-f1c2bc61-28e5-4696-93b9-4a2854e75aa9-6.jpg,https://www.grandemotors.co.nz/Motorcentral/VehicleData/GRA-f1c2bc61-28e5-4696-93b9-4a2854e75aa9-7.jpg,https://www.grandemotors.co.nz/Motorcentral/VehicleData/GRA-f1c2bc61-28e5-4696-93b9-4a2854e75aa9-8.jpg,https://www.grandemotors.co.nz/Motorcentral/VehicleData/GRA-f1c2bc61-28e5-4696-93b9-4a2854e75aa9-9.jpg,https://www.grandemotors.co.nz/Motorcentral/VehicleData/GRA-f1c2bc61-28e5-4696-93b9-4a2854e75aa9-10.jpg,https://www.grandemotors.co.nz/Motorcentral/VehicleData/GRA-f1c2bc61-28e5-4696-93b9-4a2854e75aa9-11.jpg,https://www.grandemotors.co.nz/Motorcentral/VehicleData/GRA-f1c2bc61-28e5-4696-93b9-4a2854e75aa9-12.jpg,https://www.grandemotors.co.nz/Motorcentral/VehicleData/GRA-f1c2bc61-28e5-4696-93b9-4a2854e75aa9-13.jpg,https://www.grandemotors.co.nz/Motorcentral/VehicleData/GRA-f1c2bc61-28e5-4696-93b9-4a2854e75aa9-14.jpg,https://www.grandemotors.co.nz/Motorcentral/VehicleData/GRA-f1c2bc61-28e5-4696-93b9-4a2854e75aa9-15.jpg,https://www.grandemotors.co.nz/Motorcentral/VehicleData/GRA-f1c2bc61-28e5-4696-93b9-4a2854e75aa9-16.jpg,https://www.grandemotors.co.nz/Motorcentral/VehicleData/GRA-f1c2bc61-28e5-4696-93b9-4a2854e75aa9-17.jpg,https://www.grandemotors.co.nz/Motorcentral/VehicleData/GRA-f1c2bc61-28e5-4696-93b9-4a2854e75aa9-18.jpg,https://www.grandemotors.co.nz/Motorcentral/VehicleData/GRA-f1c2bc61-28e5-4696-93b9-4a2854e75aa9-19.jpg,https://www.grandemotors.co.nz/Motorcentral/VehicleData/GRA-f1c2bc61-28e5-4696-93b9-4a2854e75aa9-20.jpg",Nissan,"Vehicles & Parts > Vehicles > Cars, Trucks & Vans",2019,HATCHBACK,ELECTRIC,Automatic,Grande Motors
13002,2019 Nissan Leaf 62 KW 90.34% SOH Boss Sound Pro pilot 10SRS,"English display. Android/Apple CarPlay stereo. 2019 Nissan Leaf Hatchback in White English Dashboard English display 62KWH 90.29% Soh 76100k Available from Grande Motors Ltd, East Tamaki, Auckland.",in stock,used,22900.00 NZD,https://www.grandemotors.co.nz/vehicle/2019-Nissan-Leaf/13002,https://www.grandemotors.co.nz/Motorcentral/VehicleData/GRA-abf36d89-5e78-4ee7-b85c-6c1fccf00e05-1.jpg,"https://www.grandemotors.co.nz/Motorcentral/VehicleData/GRA-abf36d89-5e78-4ee7-b85c-6c1fccf00e05-2.jpg,https://www.grandemotors.co.nz/Motorcentral/VehicleData/GRA-abf36d89-5e78-4ee7-b85c-6c1fccf00e05-3.jpg,https://www.grandemotors.co.nz/Motorcentral/VehicleData/GRA-abf36d89-5e78-4ee7-b85c-6c1fccf00e05-4.jpg,https://www.grandemotors.co.nz/Motorcentral/VehicleData/GRA-abf36d89-5e78-4ee7-b85c-6c1fccf00e05-5.jpg,https://www.grandemotors.co.nz/Motorcentral/VehicleData/GRA-abf36d89-5e78-4ee7-b85c-6c1fccf00e05-6.jpg,https://www.grandemotors.co.nz/Motorcentral/VehicleData/GRA-abf36d89-5e78-4ee7-b85c-6c1fccf00e05-7.jpg,https://www.grandemotors.co.nz/Motorcentral/VehicleData/GRA-abf36d89-5e78-4ee7-b85c-6c1fccf00e05-8.jpg,https://www.grandemotors.co.nz/Motorcentral/VehicleData/GRA-abf36d89-5e78-4ee7-b85c-6c1fccf00e05-9.jpg,https://www.grandemotors.co.nz/Motorcentral/VehicleData/GRA-abf36d89-5e78-4ee7-b85c-6c1fccf00e05-10.jpg,https://www.grandemotors.co.nz/Motorcentral/VehicleData/GRA-abf36d89-5e78-4ee7-b85c-6c1fccf00e05-11.jpg,https://www.grandemotors.co.nz/Motorcentral/VehicleData/GRA-abf36d89-5e78-4ee7-b85c-6c1fccf00e05-12.jpg,https://www.grandemotors.co.nz/Motorcentral/VehicleData/GRA-abf36d89-5e78-4ee7-b85c-6c1fccf00e05-13.jpg,https://www.grandemotors.co.nz/Motorcentral/VehicleData/GRA-abf36d89-5e78-4ee7-b85c-6c1fccf00e05-14.jpg,https://www.grandemotors.co.nz/Motorcentral/VehicleData/GRA-abf36d89-5e78-4ee7-b85c-6c1fccf00e05-15.jpg,https://www.grandemotors.co.nz/Motorcentral/VehicleData/GRA-abf36d89-5e78-4ee7-b85c-6c1fccf00e05-16.jpg,https://www.grandemotors.co.nz/Motorcentral/VehicleData/GRA-abf36d89-5e78-4ee7-b85c-6c1fccf00e05-17.jpg,https://www.grandemotors.co.nz/Motorcentral/VehicleData/GRA-abf36d89-5e78-4ee7-b85c-6c1fccf00e05-18.jpg,https://www.grandemotors.co.nz/Motorcentral/VehicleData/GRA-abf36d89-5e78-4ee7-b85c-6c1fccf00e05-19.jpg",Nissan,"Vehicles & Parts > Vehicles > Cars, Trucks & Vans",2019,HATCHBACK,ELECTRIC,Automatic,Grande Motors
13027,2019 Nissan Leaf 62KW.SOH86%.360°cam.Android/AppleCarPlay.Pro-pilot.Alarm.,"62KW. Battery SOH 86%. Full battery range 360km. Android/Apple CarPlay audio. ProPilot system combines adaptive radar cruise control with lane-k Available from Grande Motors Ltd, East Tamaki, Auckland.",in stock,used,18900.00 NZD,https://www.grandemotors.co.nz/vehicle/2019-Nissan-Leaf/13027,https://www.grandemotors.co.nz/Motorcentral/VehicleData/GRA-7a4bfc4d-2c27-4249-8983-6b712656913d-1.jpg,"https://www.grandemotors.co.nz/Motorcentral/VehicleData/GRA-7a4bfc4d-2c27-4249-8983-6b712656913d-2.jpg,https://www.grandemotors.co.nz/Motorcentral/VehicleData/GRA-7a4bfc4d-2c27-4249-8983-6b712656913d-3.jpg,https://www.grandemotors.co.nz/Motorcentral/VehicleData/GRA-7a4bfc4d-2c27-4249-8983-6b712656913d-4.jpg,https://www.grandemotors.co.nz/Motorcentral/VehicleData/GRA-7a4bfc4d-2c27-4249-8983-6b712656913d-5.jpg,https://www.grandemotors.co.nz/Motorcentral/VehicleData/GRA-7a4bfc4d-2c27-4249-8983-6b712656913d-6.jpg,https://www.grandemotors.co.nz/Motorcentral/VehicleData/GRA-7a4bfc4d-2c27-4249-8983-6b712656913d-7.jpg,https://www.grandemotors.co.nz/Motorcentral/VehicleData/GRA-7a4bfc4d-2c27-4249-8983-6b712656913d-8.jpg,https://www.grandemotors.co.nz/Motorcentral/VehicleData/GRA-7a4bfc4d-2c27-4249-8983-6b712656913d-9.jpg,https://www.grandemotors.co.nz/Motorcentral/VehicleData/GRA-7a4bfc4d-2c27-4249-8983-6b712656913d-10.jpg,https://www.grandemotors.co.nz/Motorcentral/VehicleData/GRA-7a4bfc4d-2c27-4249-8983-6b712656913d-11.jpg,https://www.grandemotors.co.nz/Motorcentral/VehicleData/GRA-7a4bfc4d-2c27-4249-8983-6b712656913d-12.jpg,https://www.grandemotors.co.nz/Motorcentral/VehicleData/GRA-7a4bfc4d-2c27-4249-8983-6b712656913d-13.jpg,https://www.grandemotors.co.nz/Motorcentral/VehicleData/GRA-7a4bfc4d-2c27-4249-8983-6b712656913d-14.jpg,https://www.grandemotors.co.nz/Motorcentral/VehicleData/GRA-7a4bfc4d-2c27-4249-8983-6b712656913d-15.jpg,https://www.grandemotors.co.nz/Motorcentral/VehicleData/GRA-7a4bfc4d-2c27-4249-8983-6b712656913d-16.jpg,https://www.grandemotors.co.nz/Motorcentral/VehicleData/GRA-7a4bfc4d-2c27-4249-8983-6b712656913d-17.jpg,https://www.grandemotors.co.nz/Motorcentral/VehicleData/GRA-7a4bfc4d-2c27-4249-8983-6b712656913d-18.jpg,https://www.grandemotors.co.nz/Motorcentral/VehicleData/GRA-7a4bfc4d-2c27-4249-8983-6b712656913d-19.jpg,https://www.grandemotors.co.nz/Motorcentral/VehicleData/GRA-7a4bfc4d-2c27-4249-8983-6b712656913d-20.jpg",Nissan,"Vehicles & Parts > Vehicles > Cars, Trucks & Vans",2019,HATCHBACK,ELECTRIC,Automatic,Grande Motors
13050,2019 Nissan Leaf 62kW.SOH81%.Android/AppleCarPlay.Pro-pilot.360°cam.Alarm.,"62KW. Battery SOH 81%. Full battery range 330km. Android/Apple CarPlay audio. ProPilot system combines adaptive radar cruise control with lane-k Available from Grande Motors Ltd, East Tamaki, Auckland.",in stock,used,19800.00 NZD,https://www.grandemotors.co.nz/vehicle/2019-Nissan-Leaf/13050,https://www.grandemotors.co.nz/Motorcentral/VehicleData/GRA-ad3a1014-0dc9-49ed-b8be-7e936b2bc7b5-1.jpg,"https://www.grandemotors.co.nz/Motorcentral/VehicleData/GRA-ad3a1014-0dc9-49ed-b8be-7e936b2bc7b5-2.jpg,https://www.grandemotors.co.nz/Motorcentral/VehicleData/GRA-ad3a1014-0dc9-49ed-b8be-7e936b2bc7b5-3.jpg,https://www.grandemotors.co.nz/Motorcentral/VehicleData/GRA-ad3a1014-0dc9-49ed-b8be-7e936b2bc7b5-4.jpg,https://www.grandemotors.co.nz/Motorcentral/VehicleData/GRA-ad3a1014-0dc9-49ed-b8be-7e936b2bc7b5-5.jpg,https://www.grandemotors.co.nz/Motorcentral/VehicleData/GRA-ad3a1014-0dc9-49ed-b8be-7e936b2bc7b5-6.jpg,https://www.grandemotors.co.nz/Motorcentral/VehicleData/GRA-ad3a1014-0dc9-49ed-b8be-7e936b2bc7b5-7.jpg,https://www.grandemotors.co.nz/Motorcentral/VehicleData/GRA-ad3a1014-0dc9-49ed-b8be-7e936b2bc7b5-8.jpg,https://www.grandemotors.co.nz/Motorcentral/VehicleData/GRA-ad3a1014-0dc9-49ed-b8be-7e936b2bc7b5-9.jpg,https://www.grandemotors.co.nz/Motorcentral/VehicleData/GRA-ad3a1014-0dc9-49ed-b8be-7e936b2bc7b5-10.jpg,https://www.grandemotors.co.nz/Motorcentral/VehicleData/GRA-ad3a1014-0dc9-49ed-b8be-7e936b2bc7b5-11.jpg,https://www.grandemotors.co.nz/Motorcentral/VehicleData/GRA-ad3a1014-0dc9-49ed-b8be-7e936b2bc7b5-12.jpg,https://www.grandemotors.co.nz/Motorcentral/VehicleData/GRA-ad3a1014-0dc9-49ed-b8be-7e936b2bc7b5-13.jpg,https://www.grandemotors.co.nz/Motorcentral/VehicleData/GRA-ad3a1014-0dc9-49ed-b8be-7e936b2bc7b5-14.jpg,https://www.grandemotors.co.nz/Motorcentral/VehicleData/GRA-ad3a1014-0dc9-49ed-b8be-7e936b2bc7b5-15.jpg,https://www.grandemotors.co.nz/Motorcentral/VehicleData/GRA-ad3a1014-0dc9-49ed-b8be-7e936b2bc7b5-16.jpg,https://www.grandemotors.co.nz/Motorcentral/VehicleData/GRA-ad3a1014-0dc9-49ed-b8be-7e936b2bc7b5-17.jpg,https://www.grandemotors.co.nz/Motorcentral/VehicleData/GRA-ad3a1014-0dc9-49ed-b8be-7e936b2bc7b5-18.jpg,https://www.grandemotors.co.nz/Motorcentral/VehicleData/GRA-ad3a1014-0dc9-49ed-b8be-7e936b2bc7b5-19.jpg",Nissan,"Vehicles & Parts > Vehicles > Cars, Trucks & Vans",2019,HATCHBACK,ELECTRIC,Automatic,Grande Motors
13072,"2019 Nissan Leaf Nissmo 85,87% Soh Grade 4,5","Nissan Leaf 360 Camera Alloy Wheels Nismo Auction Grade4,5 Pro-pilot,360 camera, 85.87% SOH English Dash board!!! Beautiful Nismo Nisan Leaf Available from Grande Motors Ltd, East Tamaki, Auckland.",in stock,used,20900.00 NZD,https://www.grandemotors.co.nz/vehicle/2019-Nissan-Leaf/13072,https://www.grandemotors.co.nz/Motorcentral/VehicleData/GRA-cf94cfd2-883f-47bf-b36e-04f8d0e89749-1.jpg,"https://www.grandemotors.co.nz/Motorcentral/VehicleData/GRA-cf94cfd2-883f-47bf-b36e-04f8d0e89749-2.jpg,https://www.grandemotors.co.nz/Motorcentral/VehicleData/GRA-cf94cfd2-883f-47bf-b36e-04f8d0e89749-3.jpg,https://www.grandemotors.co.nz/Motorcentral/VehicleData/GRA-cf94cfd2-883f-47bf-b36e-04f8d0e89749-4.jpg,https://www.grandemotors.co.nz/Motorcentral/VehicleData/GRA-cf94cfd2-883f-47bf-b36e-04f8d0e89749-5.jpg,https://www.grandemotors.co.nz/Motorcentral/VehicleData/GRA-cf94cfd2-883f-47bf-b36e-04f8d0e89749-6.jpg,https://www.grandemotors.co.nz/Motorcentral/VehicleData/GRA-cf94cfd2-883f-47bf-b36e-04f8d0e89749-7.jpg,https://www.grandemotors.co.nz/Motorcentral/VehicleData/GRA-cf94cfd2-883f-47bf-b36e-04f8d0e89749-8.jpg,https://www.grandemotors.co.nz/Motorcentral/VehicleData/GRA-cf94cfd2-883f-47bf-b36e-04f8d0e89749-9.jpg,https://www.grandemotors.co.nz/Motorcentral/VehicleData/GRA-cf94cfd2-883f-47bf-b36e-04f8d0e89749-10.jpg,https://www.grandemotors.co.nz/Motorcentral/VehicleData/GRA-cf94cfd2-883f-47bf-b36e-04f8d0e89749-11.jpg,https://www.grandemotors.co.nz/Motorcentral/VehicleData/GRA-cf94cfd2-883f-47bf-b36e-04f8d0e89749-12.jpg,https://www.grandemotors.co.nz/Motorcentral/VehicleData/GRA-cf94cfd2-883f-47bf-b36e-04f8d0e89749-13.jpg,https://www.grandemotors.co.nz/Motorcentral/VehicleData/GRA-cf94cfd2-883f-47bf-b36e-04f8d0e89749-14.jpg,https://www.grandemotors.co.nz/Motorcentral/VehicleData/GRA-cf94cfd2-883f-47bf-b36e-04f8d0e89749-15.jpg,https://www.grandemotors.co.nz/Motorcentral/VehicleData/GRA-cf94cfd2-883f-47bf-b36e-04f8d0e89749-16.jpg,https://www.grandemotors.co.nz/Motorcentral/VehicleData/GRA-cf94cfd2-883f-47bf-b36e-04f8d0e89749-17.jpg,https://www.grandemotors.co.nz/Motorcentral/VehicleData/GRA-cf94cfd2-883f-47bf-b36e-04f8d0e89749-18.jpg,https://www.grandemotors.co.nz/Motorcentral/VehicleData/GRA-cf94cfd2-883f-47bf-b36e-04f8d0e89749-19.jpg,https://www.grandemotors.co.nz/Motorcentral/VehicleData/GRA-cf94cfd2-883f-47bf-b36e-04f8d0e89749-20.jpg",Nissan,"Vehicles & Parts > Vehicles > Cars, Trucks & Vans",2019,HATCHBACK,ELECTRIC,Automatic,Grande Motors
13297,2019 Nissan Leaf 40KW.SOH 95%.Pro-pilot.360°camera.10 Airbags.Alarm.,"AUCTION GRADE 4,5. 40KW. Battery SOH 95,7%. Full battery range is 260km. 10 SRS Airbags (front, side, rear). 2019 Nissan Leaf 40kW Pro-Pilot Available from Grande Motors Ltd, East Tamaki, Auckland.",in stock,used,17900.00 NZD,https://www.grandemotors.co.nz/vehicle/2019-Nissan-Leaf/13297,https://www.grandemotors.co.nz/Motorcentral/VehicleData/GRA-a5a2576e-e92d-4f96-9a3c-1ba966110f1f-1.jpg,"https://www.grandemotors.co.nz/Motorcentral/VehicleData/GRA-a5a2576e-e92d-4f96-9a3c-1ba966110f1f-2.jpg,https://www.grandemotors.co.nz/Motorcentral/VehicleData/GRA-a5a2576e-e92d-4f96-9a3c-1ba966110f1f-3.jpg,https://www.grandemotors.co.nz/Motorcentral/VehicleData/GRA-a5a2576e-e92d-4f96-9a3c-1ba966110f1f-4.jpg,https://www.grandemotors.co.nz/Motorcentral/VehicleData/GRA-a5a2576e-e92d-4f96-9a3c-1ba966110f1f-5.jpg,https://www.grandemotors.co.nz/Motorcentral/VehicleData/GRA-a5a2576e-e92d-4f96-9a3c-1ba966110f1f-6.jpg,https://www.grandemotors.co.nz/Motorcentral/VehicleData/GRA-a5a2576e-e92d-4f96-9a3c-1ba966110f1f-7.jpg,https://www.grandemotors.co.nz/Motorcentral/VehicleData/GRA-a5a2576e-e92d-4f96-9a3c-1ba966110f1f-8.jpg,https://www.grandemotors.co.nz/Motorcentral/VehicleData/GRA-a5a2576e-e92d-4f96-9a3c-1ba966110f1f-9.jpg,https://www.grandemotors.co.nz/Motorcentral/VehicleData/GRA-a5a2576e-e92d-4f96-9a3c-1ba966110f1f-10.jpg,https://www.grandemotors.co.nz/Motorcentral/VehicleData/GRA-a5a2576e-e92d-4f96-9a3c-1ba966110f1f-11.jpg,https://www.grandemotors.co.nz/Motorcentral/VehicleData/GRA-a5a2576e-e92d-4f96-9a3c-1ba966110f1f-12.jpg,https://www.grandemotors.co.nz/Motorcentral/VehicleData/GRA-a5a2576e-e92d-4f96-9a3c-1ba966110f1f-13.jpg,https://www.grandemotors.co.nz/Motorcentral/VehicleData/GRA-a5a2576e-e92d-4f96-9a3c-1ba966110f1f-14.jpg,https://www.grandemotors.co.nz/Motorcentral/VehicleData/GRA-a5a2576e-e92d-4f96-9a3c-1ba966110f1f-15.jpg,https://www.grandemotors.co.nz/Motorcentral/VehicleData/GRA-a5a2576e-e92d-4f96-9a3c-1ba966110f1f-16.jpg,https://www.grandemotors.co.nz/Motorcentral/VehicleData/GRA-a5a2576e-e92d-4f96-9a3c-1ba966110f1f-17.jpg,https://www.grandemotors.co.nz/Motorcentral/VehicleData/GRA-a5a2576e-e92d-4f96-9a3c-1ba966110f1f-18.jpg,https://www.grandemotors.co.nz/Motorcentral/VehicleData/GRA-a5a2576e-e92d-4f96-9a3c-1ba966110f1f-19.jpg,https://www.grandemotors.co.nz/Motorcentral/VehicleData/GRA-a5a2576e-e92d-4f96-9a3c-1ba966110f1f-20.jpg",Nissan,"Vehicles & Parts > Vehicles > Cars, Trucks & Vans",2019,HATCHBACK,ELECTRIC,Automatic,Grande Motors
13389,"2019 Nissan Leaf 62kW.SOH 86,9%.Android/ApplePlay.Pro-pilot.360°cam.Park sensors.","62KW. Battery SOH 86,9%. Full battery range 364km. Android/Apple CarPlay audio. ProPilot system combines adaptive radar cruise control with lane Available from Grande Motors Ltd, East Tamaki, Auckland.",in stock,used,17900.00 NZD,https://www.grandemotors.co.nz/vehicle/2019-Nissan-Leaf/13389,https://www.grandemotors.co.nz/Motorcentral/VehicleData/GRA-8c742386-bd26-416d-8b03-68da04cf0c44-1.jpg,"https://www.grandemotors.co.nz/Motorcentral/VehicleData/GRA-8c742386-bd26-416d-8b03-68da04cf0c44-2.jpg,https://www.grandemotors.co.nz/Motorcentral/VehicleData/GRA-8c742386-bd26-416d-8b03-68da04cf0c44-3.jpg,https://www.grandemotors.co.nz/Motorcentral/VehicleData/GRA-8c742386-bd26-416d-8b03-68da04cf0c44-4.jpg,https://www.grandemotors.co.nz/Motorcentral/VehicleData/GRA-8c742386-bd26-416d-8b03-68da04cf0c44-5.jpg,https://www.grandemotors.co.nz/Motorcentral/VehicleData/GRA-8c742386-bd26-416d-8b03-68da04cf0c44-6.jpg,https://www.grandemotors.co.nz/Motorcentral/VehicleData/GRA-8c742386-bd26-416d-8b03-68da04cf0c44-7.jpg,https://www.grandemotors.co.nz/Motorcentral/VehicleData/GRA-8c742386-bd26-416d-8b03-68da04cf0c44-8.jpg,https://www.grandemotors.co.nz/Motorcentral/VehicleData/GRA-8c742386-bd26-416d-8b03-68da04cf0c44-9.jpg,https://www.grandemotors.co.nz/Motorcentral/VehicleData/GRA-8c742386-bd26-416d-8b03-68da04cf0c44-10.jpg,https://www.grandemotors.co.nz/Motorcentral/VehicleData/GRA-8c742386-bd26-416d-8b03-68da04cf0c44-11.jpg,https://www.grandemotors.co.nz/Motorcentral/VehicleData/GRA-8c742386-bd26-416d-8b03-68da04cf0c44-12.jpg,https://www.grandemotors.co.nz/Motorcentral/VehicleData/GRA-8c742386-bd26-416d-8b03-68da04cf0c44-13.jpg,https://www.grandemotors.co.nz/Motorcentral/VehicleData/GRA-8c742386-bd26-416d-8b03-68da04cf0c44-14.jpg,https://www.grandemotors.co.nz/Motorcentral/VehicleData/GRA-8c742386-bd26-416d-8b03-68da04cf0c44-15.jpg,https://www.grandemotors.co.nz/Motorcentral/VehicleData/GRA-8c742386-bd26-416d-8b03-68da04cf0c44-16.jpg,https://www.grandemotors.co.nz/Motorcentral/VehicleData/GRA-8c742386-bd26-416d-8b03-68da04cf0c44-17.jpg,https://www.grandemotors.co.nz/Motorcentral/VehicleData/GRA-8c742386-bd26-416d-8b03-68da04cf0c44-18.jpg,https://www.grandemotors.co.nz/Motorcentral/VehicleData/GRA-8c742386-bd26-416d-8b03-68da04cf0c44-19.jpg,https://www.grandemotors.co.nz/Motorcentral/VehicleData/GRA-8c742386-bd26-416d-8b03-68da04cf0c44-20.jpg",Nissan,"Vehicles & Parts > Vehicles > Cars, Trucks & Vans",2019,HATCHBACK,ELECTRIC,Automatic,Grande Motors
13025,2020 Nissan Leaf NISMO.360°camera.Pro-pilot.Safety radar.10 Airbags.Alarm.,"Low KM Pro Pilot Rear Camera Carplay/Android Auto English Display. Android/Apple CarPlay stereo. 2020 Nissan Leaf Hatchback in White Japa Available from Grande Motors Ltd, East Tamaki, Auckland.",in stock,used,22300.00 NZD,https://www.grandemotors.co.nz/vehicle/2020-Nissan-Leaf/13025,https://www.grandemotors.co.nz/Motorcentral/VehicleData/GRA-db8d003c-cf5c-4cab-82e2-897aa85d4372-1.jpg,"https://www.grandemotors.co.nz/Motorcentral/VehicleData/GRA-db8d003c-cf5c-4cab-82e2-897aa85d4372-2.jpg,https://www.grandemotors.co.nz/Motorcentral/VehicleData/GRA-db8d003c-cf5c-4cab-82e2-897aa85d4372-3.jpg,https://www.grandemotors.co.nz/Motorcentral/VehicleData/GRA-db8d003c-cf5c-4cab-82e2-897aa85d4372-4.jpg,https://www.grandemotors.co.nz/Motorcentral/VehicleData/GRA-db8d003c-cf5c-4cab-82e2-897aa85d4372-5.jpg,https://www.grandemotors.co.nz/Motorcentral/VehicleData/GRA-db8d003c-cf5c-4cab-82e2-897aa85d4372-6.jpg,https://www.grandemotors.co.nz/Motorcentral/VehicleData/GRA-db8d003c-cf5c-4cab-82e2-897aa85d4372-7.jpg,https://www.grandemotors.co.nz/Motorcentral/VehicleData/GRA-db8d003c-cf5c-4cab-82e2-897aa85d4372-8.jpg,https://www.grandemotors.co.nz/Motorcentral/VehicleData/GRA-db8d003c-cf5c-4cab-82e2-897aa85d4372-9.jpg,https://www.grandemotors.co.nz/Motorcentral/VehicleData/GRA-db8d003c-cf5c-4cab-82e2-897aa85d4372-10.jpg,https://www.grandemotors.co.nz/Motorcentral/VehicleData/GRA-db8d003c-cf5c-4cab-82e2-897aa85d4372-11.jpg,https://www.grandemotors.co.nz/Motorcentral/VehicleData/GRA-db8d003c-cf5c-4cab-82e2-897aa85d4372-12.jpg,https://www.grandemotors.co.nz/Motorcentral/VehicleData/GRA-db8d003c-cf5c-4cab-82e2-897aa85d4372-13.jpg,https://www.grandemotors.co.nz/Motorcentral/VehicleData/GRA-db8d003c-cf5c-4cab-82e2-897aa85d4372-14.jpg,https://www.grandemotors.co.nz/Motorcentral/VehicleData/GRA-db8d003c-cf5c-4cab-82e2-897aa85d4372-15.jpg,https://www.grandemotors.co.nz/Motorcentral/VehicleData/GRA-db8d003c-cf5c-4cab-82e2-897aa85d4372-16.jpg,https://www.grandemotors.co.nz/Motorcentral/VehicleData/GRA-db8d003c-cf5c-4cab-82e2-897aa85d4372-17.jpg,https://www.grandemotors.co.nz/Motorcentral/VehicleData/GRA-db8d003c-cf5c-4cab-82e2-897aa85d4372-18.jpg,https://www.grandemotors.co.nz/Motorcentral/VehicleData/GRA-db8d003c-cf5c-4cab-82e2-897aa85d4372-19.jpg,https://www.grandemotors.co.nz/Motorcentral/VehicleData/GRA-db8d003c-cf5c-4cab-82e2-897aa85d4372-20.jpg",Nissan,"Vehicles & Parts > Vehicles > Cars, Trucks & Vans",2020,HATCHBACK,ELECTRIC,Automatic,Grande Motors
13306,2020 Nissan Leaf NISMO.40KW.SOH360°cam.Android/ApplePlay.Pro-pilot.Safety radar.10 Airbags.,"40KW. Battery SOH 88,95%. Full battery range 270km. Android/Apple CarPlay audio. ProPilot system combines adaptive radar cruise control with lan Available from Grande Motors Ltd, East Tamaki, Auckland.",in stock,used,20900.00 NZD,https://www.grandemotors.co.nz/vehicle/2020-Nissan-Leaf/13306,https://www.grandemotors.co.nz/Motorcentral/VehicleData/GRA-722035f8-fc39-4eb3-8258-da9015845ef8-1.jpg,"https://www.grandemotors.co.nz/Motorcentral/VehicleData/GRA-722035f8-fc39-4eb3-8258-da9015845ef8-2.jpg,https://www.grandemotors.co.nz/Motorcentral/VehicleData/GRA-722035f8-fc39-4eb3-8258-da9015845ef8-3.jpg,https://www.grandemotors.co.nz/Motorcentral/VehicleData/GRA-722035f8-fc39-4eb3-8258-da9015845ef8-4.jpg,https://www.grandemotors.co.nz/Motorcentral/VehicleData/GRA-722035f8-fc39-4eb3-8258-da9015845ef8-5.jpg,https://www.grandemotors.co.nz/Motorcentral/VehicleData/GRA-722035f8-fc39-4eb3-8258-da9015845ef8-6.jpg,https://www.grandemotors.co.nz/Motorcentral/VehicleData/GRA-722035f8-fc39-4eb3-8258-da9015845ef8-7.jpg,https://www.grandemotors.co.nz/Motorcentral/VehicleData/GRA-722035f8-fc39-4eb3-8258-da9015845ef8-8.jpg,https://www.grandemotors.co.nz/Motorcentral/VehicleData/GRA-722035f8-fc39-4eb3-8258-da9015845ef8-9.jpg,https://www.grandemotors.co.nz/Motorcentral/VehicleData/GRA-722035f8-fc39-4eb3-8258-da9015845ef8-10.jpg,https://www.grandemotors.co.nz/Motorcentral/VehicleData/GRA-722035f8-fc39-4eb3-8258-da9015845ef8-11.jpg,https://www.grandemotors.co.nz/Motorcentral/VehicleData/GRA-722035f8-fc39-4eb3-8258-da9015845ef8-12.jpg,https://www.grandemotors.co.nz/Motorcentral/VehicleData/GRA-722035f8-fc39-4eb3-8258-da9015845ef8-13.jpg,https://www.grandemotors.co.nz/Motorcentral/VehicleData/GRA-722035f8-fc39-4eb3-8258-da9015845ef8-14.jpg,https://www.grandemotors.co.nz/Motorcentral/VehicleData/GRA-722035f8-fc39-4eb3-8258-da9015845ef8-15.jpg,https://www.grandemotors.co.nz/Motorcentral/VehicleData/GRA-722035f8-fc39-4eb3-8258-da9015845ef8-16.jpg,https://www.grandemotors.co.nz/Motorcentral/VehicleData/GRA-722035f8-fc39-4eb3-8258-da9015845ef8-17.jpg,https://www.grandemotors.co.nz/Motorcentral/VehicleData/GRA-722035f8-fc39-4eb3-8258-da9015845ef8-18.jpg,https://www.grandemotors.co.nz/Motorcentral/VehicleData/GRA-722035f8-fc39-4eb3-8258-da9015845ef8-19.jpg",Nissan,"Vehicles & Parts > Vehicles > Cars, Trucks & Vans",2020,HATCHBACK,ELECTRIC,Automatic,Grande Motors
13320,"2020 Nissan Leaf Transit 62Kw 89,58% Soh E+X","2020 Nissan Leaf Hatchback in White Japanese import, 0 engine, done 87000kms,Automatic. Transit Arraving July 62Kw 89.58% Soh Beige cloth tr Available from Grande Motors Ltd, East Tamaki, Auckland.",in stock,used,22500.00 NZD,https://www.grandemotors.co.nz/vehicle/2020-Nissan-Leaf/13320,https://www.grandemotors.co.nz/Motorcentral/VehicleData/GRA-9eb3bb73-5125-4828-b598-e2dd3455963b-1.jpg,"https://www.grandemotors.co.nz/Motorcentral/VehicleData/GRA-9eb3bb73-5125-4828-b598-e2dd3455963b-2.jpg,https://www.grandemotors.co.nz/Motorcentral/VehicleData/GRA-9eb3bb73-5125-4828-b598-e2dd3455963b-3.jpg,https://www.grandemotors.co.nz/Motorcentral/VehicleData/GRA-9eb3bb73-5125-4828-b598-e2dd3455963b-4.jpg,https://www.grandemotors.co.nz/Motorcentral/VehicleData/GRA-9eb3bb73-5125-4828-b598-e2dd3455963b-5.jpg,https://www.grandemotors.co.nz/Motorcentral/VehicleData/GRA-9eb3bb73-5125-4828-b598-e2dd3455963b-6.jpg,https://www.grandemotors.co.nz/Motorcentral/VehicleData/GRA-9eb3bb73-5125-4828-b598-e2dd3455963b-7.jpg",Nissan,"Vehicles & Parts > Vehicles > Cars, Trucks & Vans",2020,HATCHBACK,ELECTRIC,Automatic,Grande Motors
13024,2021 Nissan Leaf 40KW.91% SOH.360 Camera.Pro-Pilot.Lane assist.Safety radar.Park sens.,"CERTIFIED LOW KM ODOMETER. Battery SOH 90.85%. English display. Android/Apple CarPlay audio. 2021 Nissan Leaf Pro-pilot in Gold colour wit Available from Grande Motors Ltd, East Tamaki, Auckland.",in stock,used,21900.00 NZD,https://www.grandemotors.co.nz/vehicle/2021-Nissan-Leaf/13024,https://www.grandemotors.co.nz/Motorcentral/VehicleData/GRA-d92749e2-a750-4d7f-86e3-ef78ee9887b8-1.jpg,"https://www.grandemotors.co.nz/Motorcentral/VehicleData/GRA-d92749e2-a750-4d7f-86e3-ef78ee9887b8-2.jpg,https://www.grandemotors.co.nz/Motorcentral/VehicleData/GRA-d92749e2-a750-4d7f-86e3-ef78ee9887b8-3.jpg,https://www.grandemotors.co.nz/Motorcentral/VehicleData/GRA-d92749e2-a750-4d7f-86e3-ef78ee9887b8-4.jpg,https://www.grandemotors.co.nz/Motorcentral/VehicleData/GRA-d92749e2-a750-4d7f-86e3-ef78ee9887b8-5.jpg,https://www.grandemotors.co.nz/Motorcentral/VehicleData/GRA-d92749e2-a750-4d7f-86e3-ef78ee9887b8-6.jpg,https://www.grandemotors.co.nz/Motorcentral/VehicleData/GRA-d92749e2-a750-4d7f-86e3-ef78ee9887b8-7.jpg,https://www.grandemotors.co.nz/Motorcentral/VehicleData/GRA-d92749e2-a750-4d7f-86e3-ef78ee9887b8-8.jpg,https://www.grandemotors.co.nz/Motorcentral/VehicleData/GRA-d92749e2-a750-4d7f-86e3-ef78ee9887b8-9.jpg,https://www.grandemotors.co.nz/Motorcentral/VehicleData/GRA-d92749e2-a750-4d7f-86e3-ef78ee9887b8-10.jpg,https://www.grandemotors.co.nz/Motorcentral/VehicleData/GRA-d92749e2-a750-4d7f-86e3-ef78ee9887b8-11.jpg,https://www.grandemotors.co.nz/Motorcentral/VehicleData/GRA-d92749e2-a750-4d7f-86e3-ef78ee9887b8-12.jpg,https://www.grandemotors.co.nz/Motorcentral/VehicleData/GRA-d92749e2-a750-4d7f-86e3-ef78ee9887b8-13.jpg,https://www.grandemotors.co.nz/Motorcentral/VehicleData/GRA-d92749e2-a750-4d7f-86e3-ef78ee9887b8-14.jpg,https://www.grandemotors.co.nz/Motorcentral/VehicleData/GRA-d92749e2-a750-4d7f-86e3-ef78ee9887b8-15.jpg,https://www.grandemotors.co.nz/Motorcentral/VehicleData/GRA-d92749e2-a750-4d7f-86e3-ef78ee9887b8-16.jpg,https://www.grandemotors.co.nz/Motorcentral/VehicleData/GRA-d92749e2-a750-4d7f-86e3-ef78ee9887b8-17.jpg,https://www.grandemotors.co.nz/Motorcentral/VehicleData/GRA-d92749e2-a750-4d7f-86e3-ef78ee9887b8-18.jpg,https://www.grandemotors.co.nz/Motorcentral/VehicleData/GRA-d92749e2-a750-4d7f-86e3-ef78ee9887b8-19.jpg,https://www.grandemotors.co.nz/Motorcentral/VehicleData/GRA-d92749e2-a750-4d7f-86e3-ef78ee9887b8-20.jpg",Nissan,"Vehicles & Parts > Vehicles > Cars, Trucks & Vans",2021,HATCHBACK,ELECTRIC,Automatic,Grande Motors
13048,2021 Nissan Leaf Soh 90.18% LED Pro Pilot,"English Display. 2021 Nissan Leaf Hatchback in White Japanese import, 0 engine, done 82300kms,Automatic. Soh 90.18% Black cloth trim, Cruise c Available from Grande Motors Ltd, East Tamaki, Auckland.",in stock,used,18500.00 NZD,https://www.grandemotors.co.nz/vehicle/2021-Nissan-Leaf/13048,https://www.grandemotors.co.nz/Motorcentral/VehicleData/GRA-25baa319-732a-4993-88c5-6dc1c930071f-1.jpg,"https://www.grandemotors.co.nz/Motorcentral/VehicleData/GRA-25baa319-732a-4993-88c5-6dc1c930071f-2.jpg,https://www.grandemotors.co.nz/Motorcentral/VehicleData/GRA-25baa319-732a-4993-88c5-6dc1c930071f-3.jpg,https://www.grandemotors.co.nz/Motorcentral/VehicleData/GRA-25baa319-732a-4993-88c5-6dc1c930071f-4.jpg,https://www.grandemotors.co.nz/Motorcentral/VehicleData/GRA-25baa319-732a-4993-88c5-6dc1c930071f-5.jpg,https://www.grandemotors.co.nz/Motorcentral/VehicleData/GRA-25baa319-732a-4993-88c5-6dc1c930071f-6.jpg,https://www.grandemotors.co.nz/Motorcentral/VehicleData/GRA-25baa319-732a-4993-88c5-6dc1c930071f-7.jpg,https://www.grandemotors.co.nz/Motorcentral/VehicleData/GRA-25baa319-732a-4993-88c5-6dc1c930071f-8.jpg,https://www.grandemotors.co.nz/Motorcentral/VehicleData/GRA-25baa319-732a-4993-88c5-6dc1c930071f-9.jpg,https://www.grandemotors.co.nz/Motorcentral/VehicleData/GRA-25baa319-732a-4993-88c5-6dc1c930071f-10.jpg,https://www.grandemotors.co.nz/Motorcentral/VehicleData/GRA-25baa319-732a-4993-88c5-6dc1c930071f-11.jpg,https://www.grandemotors.co.nz/Motorcentral/VehicleData/GRA-25baa319-732a-4993-88c5-6dc1c930071f-12.jpg,https://www.grandemotors.co.nz/Motorcentral/VehicleData/GRA-25baa319-732a-4993-88c5-6dc1c930071f-13.jpg,https://www.grandemotors.co.nz/Motorcentral/VehicleData/GRA-25baa319-732a-4993-88c5-6dc1c930071f-14.jpg,https://www.grandemotors.co.nz/Motorcentral/VehicleData/GRA-25baa319-732a-4993-88c5-6dc1c930071f-15.jpg",Nissan,"Vehicles & Parts > Vehicles > Cars, Trucks & Vans",2021,HATCHBACK,ELECTRIC,Automatic,Grande Motors
13064,"2021 Nissan Leaf 87.22% Soh English Grade 4,5 Cruise control","2021 Nissan Leaf English dashboard Auction Grade 4,5 Cruise Control 87.22% SOH Heated Seats Heated steering wheel 98% charge running 274 km Available from Grande Motors Ltd, East Tamaki, Auckland.",in stock,used,18900.00 NZD,https://www.grandemotors.co.nz/vehicle/2021-Nissan-Leaf/13064,https://www.grandemotors.co.nz/Motorcentral/VehicleData/GRA-bce000f5-a1a7-41ce-90e0-31c1951dcd56-1.jpg,"https://www.grandemotors.co.nz/Motorcentral/VehicleData/GRA-bce000f5-a1a7-41ce-90e0-31c1951dcd56-2.jpg,https://www.grandemotors.co.nz/Motorcentral/VehicleData/GRA-bce000f5-a1a7-41ce-90e0-31c1951dcd56-3.jpg,https://www.grandemotors.co.nz/Motorcentral/VehicleData/GRA-bce000f5-a1a7-41ce-90e0-31c1951dcd56-4.jpg,https://www.grandemotors.co.nz/Motorcentral/VehicleData/GRA-bce000f5-a1a7-41ce-90e0-31c1951dcd56-5.jpg,https://www.grandemotors.co.nz/Motorcentral/VehicleData/GRA-bce000f5-a1a7-41ce-90e0-31c1951dcd56-6.jpg,https://www.grandemotors.co.nz/Motorcentral/VehicleData/GRA-bce000f5-a1a7-41ce-90e0-31c1951dcd56-7.jpg,https://www.grandemotors.co.nz/Motorcentral/VehicleData/GRA-bce000f5-a1a7-41ce-90e0-31c1951dcd56-8.jpg,https://www.grandemotors.co.nz/Motorcentral/VehicleData/GRA-bce000f5-a1a7-41ce-90e0-31c1951dcd56-9.jpg,https://www.grandemotors.co.nz/Motorcentral/VehicleData/GRA-bce000f5-a1a7-41ce-90e0-31c1951dcd56-10.jpg,https://www.grandemotors.co.nz/Motorcentral/VehicleData/GRA-bce000f5-a1a7-41ce-90e0-31c1951dcd56-11.jpg,https://www.grandemotors.co.nz/Motorcentral/VehicleData/GRA-bce000f5-a1a7-41ce-90e0-31c1951dcd56-12.jpg,https://www.grandemotors.co.nz/Motorcentral/VehicleData/GRA-bce000f5-a1a7-41ce-90e0-31c1951dcd56-13.jpg,https://www.grandemotors.co.nz/Motorcentral/VehicleData/GRA-bce000f5-a1a7-41ce-90e0-31c1951dcd56-14.jpg,https://www.grandemotors.co.nz/Motorcentral/VehicleData/GRA-bce000f5-a1a7-41ce-90e0-31c1951dcd56-15.jpg,https://www.grandemotors.co.nz/Motorcentral/VehicleData/GRA-bce000f5-a1a7-41ce-90e0-31c1951dcd56-16.jpg,https://www.grandemotors.co.nz/Motorcentral/VehicleData/GRA-bce000f5-a1a7-41ce-90e0-31c1951dcd56-17.jpg,https://www.grandemotors.co.nz/Motorcentral/VehicleData/GRA-bce000f5-a1a7-41ce-90e0-31c1951dcd56-18.jpg",Nissan,"Vehicles & Parts > Vehicles > Cars, Trucks & Vans",2021,HATCHBACK,ELECTRIC,Automatic,Grande Motors
13073,"2021 Nissan Leaf 40Km.SOH 88,64%.G. 10 Airbags.4,5 Auction Grade.","English Display. Android/Apple CarPlay stereo. Nissan Leaf White Pro-pilot,360 camera. 88.64% Auction Grade 4,5 One owner in Japan 360 camera Available from Grande Motors Ltd, East Tamaki, Auckland.",in stock,used,21200.00 NZD,https://www.grandemotors.co.nz/vehicle/2021-Nissan-Leaf/13073,https://www.grandemotors.co.nz/Motorcentral/VehicleData/GRA-d4276364-df28-4597-bbd2-b08a59e0776c-1.jpg,"https://www.grandemotors.co.nz/Motorcentral/VehicleData/GRA-d4276364-df28-4597-bbd2-b08a59e0776c-2.jpg,https://www.grandemotors.co.nz/Motorcentral/VehicleData/GRA-d4276364-df28-4597-bbd2-b08a59e0776c-3.jpg,https://www.grandemotors.co.nz/Motorcentral/VehicleData/GRA-d4276364-df28-4597-bbd2-b08a59e0776c-4.jpg,https://www.grandemotors.co.nz/Motorcentral/VehicleData/GRA-d4276364-df28-4597-bbd2-b08a59e0776c-5.jpg,https://www.grandemotors.co.nz/Motorcentral/VehicleData/GRA-d4276364-df28-4597-bbd2-b08a59e0776c-6.jpg,https://www.grandemotors.co.nz/Motorcentral/VehicleData/GRA-d4276364-df28-4597-bbd2-b08a59e0776c-7.jpg,https://www.grandemotors.co.nz/Motorcentral/VehicleData/GRA-d4276364-df28-4597-bbd2-b08a59e0776c-8.jpg,https://www.grandemotors.co.nz/Motorcentral/VehicleData/GRA-d4276364-df28-4597-bbd2-b08a59e0776c-9.jpg,https://www.grandemotors.co.nz/Motorcentral/VehicleData/GRA-d4276364-df28-4597-bbd2-b08a59e0776c-10.jpg,https://www.grandemotors.co.nz/Motorcentral/VehicleData/GRA-d4276364-df28-4597-bbd2-b08a59e0776c-11.jpg,https://www.grandemotors.co.nz/Motorcentral/VehicleData/GRA-d4276364-df28-4597-bbd2-b08a59e0776c-12.jpg,https://www.grandemotors.co.nz/Motorcentral/VehicleData/GRA-d4276364-df28-4597-bbd2-b08a59e0776c-13.jpg,https://www.grandemotors.co.nz/Motorcentral/VehicleData/GRA-d4276364-df28-4597-bbd2-b08a59e0776c-14.jpg,https://www.grandemotors.co.nz/Motorcentral/VehicleData/GRA-d4276364-df28-4597-bbd2-b08a59e0776c-15.jpg,https://www.grandemotors.co.nz/Motorcentral/VehicleData/GRA-d4276364-df28-4597-bbd2-b08a59e0776c-16.jpg,https://www.grandemotors.co.nz/Motorcentral/VehicleData/GRA-d4276364-df28-4597-bbd2-b08a59e0776c-17.jpg,https://www.grandemotors.co.nz/Motorcentral/VehicleData/GRA-d4276364-df28-4597-bbd2-b08a59e0776c-18.jpg,https://www.grandemotors.co.nz/Motorcentral/VehicleData/GRA-d4276364-df28-4597-bbd2-b08a59e0776c-19.jpg,https://www.grandemotors.co.nz/Motorcentral/VehicleData/GRA-d4276364-df28-4597-bbd2-b08a59e0776c-20.jpg",Nissan,"Vehicles & Parts > Vehicles > Cars, Trucks & Vans",2021,HATCHBACK,ELECTRIC,Automatic,Grande Motors
13289,2021 Nissan Leaf 62KW.SOH 90%.Autech.Pro-pilot.Android/ApplePlay.360°camera.Park sens.,"62KW. Battery SOH 90%. Full battery range 386km. Android/Apple CarPlay audio. ProPilot system combines adaptive radar cruise control with lane-k Available from Grande Motors Ltd, East Tamaki, Auckland.",in stock,used,24900.00 NZD,https://www.grandemotors.co.nz/vehicle/2021-Nissan-Leaf/13289,https://www.grandemotors.co.nz/Motorcentral/VehicleData/GRA-2fcfa13e-e498-4a44-8f99-d9a8f0d39aa8-1.jpg,"https://www.grandemotors.co.nz/Motorcentral/VehicleData/GRA-2fcfa13e-e498-4a44-8f99-d9a8f0d39aa8-2.jpg,https://www.grandemotors.co.nz/Motorcentral/VehicleData/GRA-2fcfa13e-e498-4a44-8f99-d9a8f0d39aa8-3.jpg,https://www.grandemotors.co.nz/Motorcentral/VehicleData/GRA-2fcfa13e-e498-4a44-8f99-d9a8f0d39aa8-4.jpg,https://www.grandemotors.co.nz/Motorcentral/VehicleData/GRA-2fcfa13e-e498-4a44-8f99-d9a8f0d39aa8-5.jpg,https://www.grandemotors.co.nz/Motorcentral/VehicleData/GRA-2fcfa13e-e498-4a44-8f99-d9a8f0d39aa8-6.jpg,https://www.grandemotors.co.nz/Motorcentral/VehicleData/GRA-2fcfa13e-e498-4a44-8f99-d9a8f0d39aa8-7.jpg,https://www.grandemotors.co.nz/Motorcentral/VehicleData/GRA-2fcfa13e-e498-4a44-8f99-d9a8f0d39aa8-8.jpg,https://www.grandemotors.co.nz/Motorcentral/VehicleData/GRA-2fcfa13e-e498-4a44-8f99-d9a8f0d39aa8-9.jpg,https://www.grandemotors.co.nz/Motorcentral/VehicleData/GRA-2fcfa13e-e498-4a44-8f99-d9a8f0d39aa8-10.jpg,https://www.grandemotors.co.nz/Motorcentral/VehicleData/GRA-2fcfa13e-e498-4a44-8f99-d9a8f0d39aa8-11.jpg,https://www.grandemotors.co.nz/Motorcentral/VehicleData/GRA-2fcfa13e-e498-4a44-8f99-d9a8f0d39aa8-12.jpg,https://www.grandemotors.co.nz/Motorcentral/VehicleData/GRA-2fcfa13e-e498-4a44-8f99-d9a8f0d39aa8-13.jpg,https://www.grandemotors.co.nz/Motorcentral/VehicleData/GRA-2fcfa13e-e498-4a44-8f99-d9a8f0d39aa8-14.jpg,https://www.grandemotors.co.nz/Motorcentral/VehicleData/GRA-2fcfa13e-e498-4a44-8f99-d9a8f0d39aa8-15.jpg,https://www.grandemotors.co.nz/Motorcentral/VehicleData/GRA-2fcfa13e-e498-4a44-8f99-d9a8f0d39aa8-16.jpg,https://www.grandemotors.co.nz/Motorcentral/VehicleData/GRA-2fcfa13e-e498-4a44-8f99-d9a8f0d39aa8-17.jpg,https://www.grandemotors.co.nz/Motorcentral/VehicleData/GRA-2fcfa13e-e498-4a44-8f99-d9a8f0d39aa8-18.jpg,https://www.grandemotors.co.nz/Motorcentral/VehicleData/GRA-2fcfa13e-e498-4a44-8f99-d9a8f0d39aa8-19.jpg,https://www.grandemotors.co.nz/Motorcentral/VehicleData/GRA-2fcfa13e-e498-4a44-8f99-d9a8f0d39aa8-20.jpg",Nissan,"Vehicles & Parts > Vehicles > Cars, Trucks & Vans",2021,HATCHBACK,ELECTRIC,Automatic,Grande Motors
13311,2021 Nissan Leaf 40KW.SOH89%.Android/ApplePlay.10 Airbags.Cruise control.Park sens.Rear cam.,"CERTIFIED LOW KM. 40KW. Battery SOH 89%. Full battery range is 259km. Android/Apple CarPlay audio. 10 SRS Airbags (front, side, rear). 2021 N Available from Grande Motors Ltd, East Tamaki, Auckland.",in stock,used,21900.00 NZD,https://www.grandemotors.co.nz/vehicle/2021-Nissan-Leaf/13311,https://www.grandemotors.co.nz/Motorcentral/VehicleData/GRA-370557f9-8f70-4f81-9abd-1f776fe22f3b-1.jpg,"https://www.grandemotors.co.nz/Motorcentral/VehicleData/GRA-370557f9-8f70-4f81-9abd-1f776fe22f3b-2.jpg,https://www.grandemotors.co.nz/Motorcentral/VehicleData/GRA-370557f9-8f70-4f81-9abd-1f776fe22f3b-3.jpg,https://www.grandemotors.co.nz/Motorcentral/VehicleData/GRA-370557f9-8f70-4f81-9abd-1f776fe22f3b-4.jpg,https://www.grandemotors.co.nz/Motorcentral/VehicleData/GRA-370557f9-8f70-4f81-9abd-1f776fe22f3b-5.jpg,https://www.grandemotors.co.nz/Motorcentral/VehicleData/GRA-370557f9-8f70-4f81-9abd-1f776fe22f3b-6.jpg,https://www.grandemotors.co.nz/Motorcentral/VehicleData/GRA-370557f9-8f70-4f81-9abd-1f776fe22f3b-7.jpg,https://www.grandemotors.co.nz/Motorcentral/VehicleData/GRA-370557f9-8f70-4f81-9abd-1f776fe22f3b-8.jpg,https://www.grandemotors.co.nz/Motorcentral/VehicleData/GRA-370557f9-8f70-4f81-9abd-1f776fe22f3b-9.jpg,https://www.grandemotors.co.nz/Motorcentral/VehicleData/GRA-370557f9-8f70-4f81-9abd-1f776fe22f3b-10.jpg,https://www.grandemotors.co.nz/Motorcentral/VehicleData/GRA-370557f9-8f70-4f81-9abd-1f776fe22f3b-11.jpg,https://www.grandemotors.co.nz/Motorcentral/VehicleData/GRA-370557f9-8f70-4f81-9abd-1f776fe22f3b-12.jpg,https://www.grandemotors.co.nz/Motorcentral/VehicleData/GRA-370557f9-8f70-4f81-9abd-1f776fe22f3b-13.jpg,https://www.grandemotors.co.nz/Motorcentral/VehicleData/GRA-370557f9-8f70-4f81-9abd-1f776fe22f3b-14.jpg,https://www.grandemotors.co.nz/Motorcentral/VehicleData/GRA-370557f9-8f70-4f81-9abd-1f776fe22f3b-15.jpg,https://www.grandemotors.co.nz/Motorcentral/VehicleData/GRA-370557f9-8f70-4f81-9abd-1f776fe22f3b-16.jpg,https://www.grandemotors.co.nz/Motorcentral/VehicleData/GRA-370557f9-8f70-4f81-9abd-1f776fe22f3b-17.jpg,https://www.grandemotors.co.nz/Motorcentral/VehicleData/GRA-370557f9-8f70-4f81-9abd-1f776fe22f3b-18.jpg,https://www.grandemotors.co.nz/Motorcentral/VehicleData/GRA-370557f9-8f70-4f81-9abd-1f776fe22f3b-19.jpg,https://www.grandemotors.co.nz/Motorcentral/VehicleData/GRA-370557f9-8f70-4f81-9abd-1f776fe22f3b-20.jpg",Nissan,"Vehicles & Parts > Vehicles > Cars, Trucks & Vans",2021,HATCHBACK,ELECTRIC,Automatic,Grande Motors
13313,2021 Nissan Leaf 40KW.SOH88%.Pro-pilot.Android/ApplePlay.360°cam.Park sensors.,"AUCTION GRADE 5. CERTIFIED LOW KM. 40KW. Battery SOH 88%. Full battery range is 236km. Android/Apple CarPlay audio. 10 SRS Airbags (front, side Available from Grande Motors Ltd, East Tamaki, Auckland.",in stock,used,20500.00 NZD,https://www.grandemotors.co.nz/vehicle/2021-Nissan-Leaf/13313,https://www.grandemotors.co.nz/Motorcentral/VehicleData/GRA-f7ae7905-0d18-4fd0-beb5-3089dbf8829f-1.jpg,"https://www.grandemotors.co.nz/Motorcentral/VehicleData/GRA-f7ae7905-0d18-4fd0-beb5-3089dbf8829f-2.jpg,https://www.grandemotors.co.nz/Motorcentral/VehicleData/GRA-f7ae7905-0d18-4fd0-beb5-3089dbf8829f-3.jpg,https://www.grandemotors.co.nz/Motorcentral/VehicleData/GRA-f7ae7905-0d18-4fd0-beb5-3089dbf8829f-4.jpg,https://www.grandemotors.co.nz/Motorcentral/VehicleData/GRA-f7ae7905-0d18-4fd0-beb5-3089dbf8829f-5.jpg,https://www.grandemotors.co.nz/Motorcentral/VehicleData/GRA-f7ae7905-0d18-4fd0-beb5-3089dbf8829f-6.jpg,https://www.grandemotors.co.nz/Motorcentral/VehicleData/GRA-f7ae7905-0d18-4fd0-beb5-3089dbf8829f-7.jpg,https://www.grandemotors.co.nz/Motorcentral/VehicleData/GRA-f7ae7905-0d18-4fd0-beb5-3089dbf8829f-8.jpg,https://www.grandemotors.co.nz/Motorcentral/VehicleData/GRA-f7ae7905-0d18-4fd0-beb5-3089dbf8829f-9.jpg,https://www.grandemotors.co.nz/Motorcentral/VehicleData/GRA-f7ae7905-0d18-4fd0-beb5-3089dbf8829f-10.jpg,https://www.grandemotors.co.nz/Motorcentral/VehicleData/GRA-f7ae7905-0d18-4fd0-beb5-3089dbf8829f-11.jpg,https://www.grandemotors.co.nz/Motorcentral/VehicleData/GRA-f7ae7905-0d18-4fd0-beb5-3089dbf8829f-12.jpg,https://www.grandemotors.co.nz/Motorcentral/VehicleData/GRA-f7ae7905-0d18-4fd0-beb5-3089dbf8829f-13.jpg,https://www.grandemotors.co.nz/Motorcentral/VehicleData/GRA-f7ae7905-0d18-4fd0-beb5-3089dbf8829f-14.jpg,https://www.grandemotors.co.nz/Motorcentral/VehicleData/GRA-f7ae7905-0d18-4fd0-beb5-3089dbf8829f-15.jpg,https://www.grandemotors.co.nz/Motorcentral/VehicleData/GRA-f7ae7905-0d18-4fd0-beb5-3089dbf8829f-16.jpg,https://www.grandemotors.co.nz/Motorcentral/VehicleData/GRA-f7ae7905-0d18-4fd0-beb5-3089dbf8829f-17.jpg,https://www.grandemotors.co.nz/Motorcentral/VehicleData/GRA-f7ae7905-0d18-4fd0-beb5-3089dbf8829f-18.jpg,https://www.grandemotors.co.nz/Motorcentral/VehicleData/GRA-f7ae7905-0d18-4fd0-beb5-3089dbf8829f-19.jpg,https://www.grandemotors.co.nz/Motorcentral/VehicleData/GRA-f7ae7905-0d18-4fd0-beb5-3089dbf8829f-20.jpg",Nissan,"Vehicles & Parts > Vehicles > Cars, Trucks & Vans",2021,HATCHBACK,ELECTRIC,Automatic,Grande Motors
13031,2022 Nissan Leaf 90.10% Soh low km,"English Display. Android/Apple CarPlay stereo. 2022 Nissan Leaf Hatchback in Grey Japanese import, engine, done 33800kms, Auction Grade 5 90. Available from Grande Motors Ltd, East Tamaki, Auckland.",in stock,used,20900.00 NZD,https://www.grandemotors.co.nz/vehicle/2022-Nissan-Leaf/13031,https://www.grandemotors.co.nz/Motorcentral/VehicleData/GRA-8a2d2759-e159-4172-bcd8-384bd30656e7-1.jpg,"https://www.grandemotors.co.nz/Motorcentral/VehicleData/GRA-8a2d2759-e159-4172-bcd8-384bd30656e7-2.jpg,https://www.grandemotors.co.nz/Motorcentral/VehicleData/GRA-8a2d2759-e159-4172-bcd8-384bd30656e7-3.jpg,https://www.grandemotors.co.nz/Motorcentral/VehicleData/GRA-8a2d2759-e159-4172-bcd8-384bd30656e7-4.jpg,https://www.grandemotors.co.nz/Motorcentral/VehicleData/GRA-8a2d2759-e159-4172-bcd8-384bd30656e7-5.jpg,https://www.grandemotors.co.nz/Motorcentral/VehicleData/GRA-8a2d2759-e159-4172-bcd8-384bd30656e7-6.jpg,https://www.grandemotors.co.nz/Motorcentral/VehicleData/GRA-8a2d2759-e159-4172-bcd8-384bd30656e7-7.jpg,https://www.grandemotors.co.nz/Motorcentral/VehicleData/GRA-8a2d2759-e159-4172-bcd8-384bd30656e7-8.jpg,https://www.grandemotors.co.nz/Motorcentral/VehicleData/GRA-8a2d2759-e159-4172-bcd8-384bd30656e7-9.jpg,https://www.grandemotors.co.nz/Motorcentral/VehicleData/GRA-8a2d2759-e159-4172-bcd8-384bd30656e7-10.jpg,https://www.grandemotors.co.nz/Motorcentral/VehicleData/GRA-8a2d2759-e159-4172-bcd8-384bd30656e7-11.jpg,https://www.grandemotors.co.nz/Motorcentral/VehicleData/GRA-8a2d2759-e159-4172-bcd8-384bd30656e7-12.jpg,https://www.grandemotors.co.nz/Motorcentral/VehicleData/GRA-8a2d2759-e159-4172-bcd8-384bd30656e7-13.jpg,https://www.grandemotors.co.nz/Motorcentral/VehicleData/GRA-8a2d2759-e159-4172-bcd8-384bd30656e7-14.jpg,https://www.grandemotors.co.nz/Motorcentral/VehicleData/GRA-8a2d2759-e159-4172-bcd8-384bd30656e7-15.jpg,https://www.grandemotors.co.nz/Motorcentral/VehicleData/GRA-8a2d2759-e159-4172-bcd8-384bd30656e7-16.jpg,https://www.grandemotors.co.nz/Motorcentral/VehicleData/GRA-8a2d2759-e159-4172-bcd8-384bd30656e7-17.jpg,https://www.grandemotors.co.nz/Motorcentral/VehicleData/GRA-8a2d2759-e159-4172-bcd8-384bd30656e7-18.jpg,https://www.grandemotors.co.nz/Motorcentral/VehicleData/GRA-8a2d2759-e159-4172-bcd8-384bd30656e7-19.jpg,https://www.grandemotors.co.nz/Motorcentral/VehicleData/GRA-8a2d2759-e159-4172-bcd8-384bd30656e7-20.jpg",Nissan,"Vehicles & Parts > Vehicles > Cars, Trucks & Vans",2022,HATCHBACK,ELECTRIC,Automatic,Grande Motors
13033,"2022 Nissan Leaf SOH 90,07 G model Pro Pilot","2022 Nissan Leaf Hatchback in Grey Japanese import, 0 engine, done 35000kms,Automatic. Arriving Now on Yard please paid deposit 1000$ Black clo Available from Grande Motors Ltd, East Tamaki, Auckland.",in stock,used,21500.00 NZD,https://www.grandemotors.co.nz/vehicle/2022-Nissan-Leaf/13033,https://www.grandemotors.co.nz/Motorcentral/VehicleData/GRA-0b7fc583-4839-4dbe-87e1-7c43b19c8d22-1.jpg,"https://www.grandemotors.co.nz/Motorcentral/VehicleData/GRA-0b7fc583-4839-4dbe-87e1-7c43b19c8d22-2.jpg,https://www.grandemotors.co.nz/Motorcentral/VehicleData/GRA-0b7fc583-4839-4dbe-87e1-7c43b19c8d22-3.jpg,https://www.grandemotors.co.nz/Motorcentral/VehicleData/GRA-0b7fc583-4839-4dbe-87e1-7c43b19c8d22-4.jpg,https://www.grandemotors.co.nz/Motorcentral/VehicleData/GRA-0b7fc583-4839-4dbe-87e1-7c43b19c8d22-5.jpg,https://www.grandemotors.co.nz/Motorcentral/VehicleData/GRA-0b7fc583-4839-4dbe-87e1-7c43b19c8d22-6.jpg,https://www.grandemotors.co.nz/Motorcentral/VehicleData/GRA-0b7fc583-4839-4dbe-87e1-7c43b19c8d22-7.jpg,https://www.grandemotors.co.nz/Motorcentral/VehicleData/GRA-0b7fc583-4839-4dbe-87e1-7c43b19c8d22-8.jpg,https://www.grandemotors.co.nz/Motorcentral/VehicleData/GRA-0b7fc583-4839-4dbe-87e1-7c43b19c8d22-9.jpg,https://www.grandemotors.co.nz/Motorcentral/VehicleData/GRA-0b7fc583-4839-4dbe-87e1-7c43b19c8d22-10.jpg,https://www.grandemotors.co.nz/Motorcentral/VehicleData/GRA-0b7fc583-4839-4dbe-87e1-7c43b19c8d22-11.jpg,https://www.grandemotors.co.nz/Motorcentral/VehicleData/GRA-0b7fc583-4839-4dbe-87e1-7c43b19c8d22-12.jpg,https://www.grandemotors.co.nz/Motorcentral/VehicleData/GRA-0b7fc583-4839-4dbe-87e1-7c43b19c8d22-13.jpg,https://www.grandemotors.co.nz/Motorcentral/VehicleData/GRA-0b7fc583-4839-4dbe-87e1-7c43b19c8d22-14.jpg,https://www.grandemotors.co.nz/Motorcentral/VehicleData/GRA-0b7fc583-4839-4dbe-87e1-7c43b19c8d22-15.jpg",Nissan,"Vehicles & Parts > Vehicles > Cars, Trucks & Vans",2022,HATCHBACK,ELECTRIC,Automatic,Grande Motors
13065,"2022 Nissan Leaf 89,49% Grade 4,5","English display. 2022 Nissan leaf in white colour done only 33000km XV selection model 89,49% Soh Black trim, Propilot, Heated seat Andro Available from Grande Motors Ltd, East Tamaki, Auckland.",in stock,used,22200.00 NZD,https://www.grandemotors.co.nz/vehicle/2022-Nissan-Leaf/13065,https://www.grandemotors.co.nz/Motorcentral/VehicleData/GRA-571c83dd-5379-4107-9e71-5a8feeeea349-1.jpg,"https://www.grandemotors.co.nz/Motorcentral/VehicleData/GRA-571c83dd-5379-4107-9e71-5a8feeeea349-2.jpg,https://www.grandemotors.co.nz/Motorcentral/VehicleData/GRA-571c83dd-5379-4107-9e71-5a8feeeea349-3.jpg,https://www.grandemotors.co.nz/Motorcentral/VehicleData/GRA-571c83dd-5379-4107-9e71-5a8feeeea349-4.jpg,https://www.grandemotors.co.nz/Motorcentral/VehicleData/GRA-571c83dd-5379-4107-9e71-5a8feeeea349-5.jpg,https://www.grandemotors.co.nz/Motorcentral/VehicleData/GRA-571c83dd-5379-4107-9e71-5a8feeeea349-6.jpg,https://www.grandemotors.co.nz/Motorcentral/VehicleData/GRA-571c83dd-5379-4107-9e71-5a8feeeea349-7.jpg,https://www.grandemotors.co.nz/Motorcentral/VehicleData/GRA-571c83dd-5379-4107-9e71-5a8feeeea349-8.jpg,https://www.grandemotors.co.nz/Motorcentral/VehicleData/GRA-571c83dd-5379-4107-9e71-5a8feeeea349-9.jpg,https://www.grandemotors.co.nz/Motorcentral/VehicleData/GRA-571c83dd-5379-4107-9e71-5a8feeeea349-10.jpg,https://www.grandemotors.co.nz/Motorcentral/VehicleData/GRA-571c83dd-5379-4107-9e71-5a8feeeea349-11.jpg,https://www.grandemotors.co.nz/Motorcentral/VehicleData/GRA-571c83dd-5379-4107-9e71-5a8feeeea349-12.jpg,https://www.grandemotors.co.nz/Motorcentral/VehicleData/GRA-571c83dd-5379-4107-9e71-5a8feeeea349-13.jpg,https://www.grandemotors.co.nz/Motorcentral/VehicleData/GRA-571c83dd-5379-4107-9e71-5a8feeeea349-14.jpg,https://www.grandemotors.co.nz/Motorcentral/VehicleData/GRA-571c83dd-5379-4107-9e71-5a8feeeea349-15.jpg,https://www.grandemotors.co.nz/Motorcentral/VehicleData/GRA-571c83dd-5379-4107-9e71-5a8feeeea349-16.jpg,https://www.grandemotors.co.nz/Motorcentral/VehicleData/GRA-571c83dd-5379-4107-9e71-5a8feeeea349-17.jpg,https://www.grandemotors.co.nz/Motorcentral/VehicleData/GRA-571c83dd-5379-4107-9e71-5a8feeeea349-18.jpg",Nissan,"Vehicles & Parts > Vehicles > Cars, Trucks & Vans",2022,HATCHBACK,ELECTRIC,Automatic,Grande Motors
13070,"2022 Nissan Leaf Soh 89,79% Grade 4,5 G model","English display. Android/Apple CarPlay stereo. 2022 Nissan Leaf Hatchback in Black Japanese import, 0 engine, done 38202kms,Automatic. Arrivin Available from Grande Motors Ltd, East Tamaki, Auckland.",in stock,used,20900.00 NZD,https://www.grandemotors.co.nz/vehicle/2022-Nissan-Leaf/13070,https://www.grandemotors.co.nz/Motorcentral/VehicleData/GRA-e0356494-3597-4c12-b317-ed35964b6a23-1.jpg,"https://www.grandemotors.co.nz/Motorcentral/VehicleData/GRA-e0356494-3597-4c12-b317-ed35964b6a23-2.jpg,https://www.grandemotors.co.nz/Motorcentral/VehicleData/GRA-e0356494-3597-4c12-b317-ed35964b6a23-3.jpg,https://www.grandemotors.co.nz/Motorcentral/VehicleData/GRA-e0356494-3597-4c12-b317-ed35964b6a23-4.jpg,https://www.grandemotors.co.nz/Motorcentral/VehicleData/GRA-e0356494-3597-4c12-b317-ed35964b6a23-5.jpg,https://www.grandemotors.co.nz/Motorcentral/VehicleData/GRA-e0356494-3597-4c12-b317-ed35964b6a23-6.jpg,https://www.grandemotors.co.nz/Motorcentral/VehicleData/GRA-e0356494-3597-4c12-b317-ed35964b6a23-7.jpg,https://www.grandemotors.co.nz/Motorcentral/VehicleData/GRA-e0356494-3597-4c12-b317-ed35964b6a23-8.jpg,https://www.grandemotors.co.nz/Motorcentral/VehicleData/GRA-e0356494-3597-4c12-b317-ed35964b6a23-9.jpg,https://www.grandemotors.co.nz/Motorcentral/VehicleData/GRA-e0356494-3597-4c12-b317-ed35964b6a23-10.jpg,https://www.grandemotors.co.nz/Motorcentral/VehicleData/GRA-e0356494-3597-4c12-b317-ed35964b6a23-11.jpg,https://www.grandemotors.co.nz/Motorcentral/VehicleData/GRA-e0356494-3597-4c12-b317-ed35964b6a23-12.jpg,https://www.grandemotors.co.nz/Motorcentral/VehicleData/GRA-e0356494-3597-4c12-b317-ed35964b6a23-13.jpg,https://www.grandemotors.co.nz/Motorcentral/VehicleData/GRA-e0356494-3597-4c12-b317-ed35964b6a23-14.jpg,https://www.grandemotors.co.nz/Motorcentral/VehicleData/GRA-e0356494-3597-4c12-b317-ed35964b6a23-15.jpg,https://www.grandemotors.co.nz/Motorcentral/VehicleData/GRA-e0356494-3597-4c12-b317-ed35964b6a23-16.jpg,https://www.grandemotors.co.nz/Motorcentral/VehicleData/GRA-e0356494-3597-4c12-b317-ed35964b6a23-17.jpg,https://www.grandemotors.co.nz/Motorcentral/VehicleData/GRA-e0356494-3597-4c12-b317-ed35964b6a23-18.jpg,https://www.grandemotors.co.nz/Motorcentral/VehicleData/GRA-e0356494-3597-4c12-b317-ed35964b6a23-19.jpg,https://www.grandemotors.co.nz/Motorcentral/VehicleData/GRA-e0356494-3597-4c12-b317-ed35964b6a23-20.jpg",Nissan,"Vehicles & Parts > Vehicles > Cars, Trucks & Vans",2022,HATCHBACK,ELECTRIC,Automatic,Grande Motors
13298,"2022 Nissan Leaf Soh 89,44% Cruise Control Apple car player","2022 Nissan Leaf Hatchback in Silver Japanese import, 0 engine, done 110000kms,Automatic. Transit arriving July 89,44% Soh 40kwh, Black trim, Hu Available from Grande Motors Ltd, East Tamaki, Auckland.",in stock,used,14900.00 NZD,https://www.grandemotors.co.nz/vehicle/2022-Nissan-Leaf/13298,https://www.grandemotors.co.nz/Motorcentral/VehicleData/GRA-b1310920-1eca-4805-9f12-ba44c0546294-1.jpg,"https://www.grandemotors.co.nz/Motorcentral/VehicleData/GRA-b1310920-1eca-4805-9f12-ba44c0546294-2.jpg,https://www.grandemotors.co.nz/Motorcentral/VehicleData/GRA-b1310920-1eca-4805-9f12-ba44c0546294-3.jpg,https://www.grandemotors.co.nz/Motorcentral/VehicleData/GRA-b1310920-1eca-4805-9f12-ba44c0546294-4.jpg,https://www.grandemotors.co.nz/Motorcentral/VehicleData/GRA-b1310920-1eca-4805-9f12-ba44c0546294-5.jpg,https://www.grandemotors.co.nz/Motorcentral/VehicleData/GRA-b1310920-1eca-4805-9f12-ba44c0546294-6.jpg,https://www.grandemotors.co.nz/Motorcentral/VehicleData/GRA-b1310920-1eca-4805-9f12-ba44c0546294-7.jpg,https://www.grandemotors.co.nz/Motorcentral/VehicleData/GRA-b1310920-1eca-4805-9f12-ba44c0546294-8.jpg",Nissan,"Vehicles & Parts > Vehicles > Cars, Trucks & Vans",2022,HATCHBACK,ELECTRIC,Automatic,Grande Motors
13302,2022 Nissan Leaf 40KW.SOH 89%.Android/ApplePlay.360°cam.Safety radar.Park sensors.,"40KW. Battery SOH 89%. Full battery range 271km. Android/Apple CarPlay audio. 2022 Nissan Leaf 40kW in silver colour with dark interior. An e Available from Grande Motors Ltd, East Tamaki, Auckland.",in stock,used,19900.00 NZD,https://www.grandemotors.co.nz/vehicle/2022-Nissan-Leaf/13302,https://www.grandemotors.co.nz/Motorcentral/VehicleData/GRA-7884ceea-c078-4ba3-9251-3ec635d4f6f6-1.jpg,"https://www.grandemotors.co.nz/Motorcentral/VehicleData/GRA-7884ceea-c078-4ba3-9251-3ec635d4f6f6-2.jpg,https://www.grandemotors.co.nz/Motorcentral/VehicleData/GRA-7884ceea-c078-4ba3-9251-3ec635d4f6f6-3.jpg,https://www.grandemotors.co.nz/Motorcentral/VehicleData/GRA-7884ceea-c078-4ba3-9251-3ec635d4f6f6-4.jpg,https://www.grandemotors.co.nz/Motorcentral/VehicleData/GRA-7884ceea-c078-4ba3-9251-3ec635d4f6f6-5.jpg,https://www.grandemotors.co.nz/Motorcentral/VehicleData/GRA-7884ceea-c078-4ba3-9251-3ec635d4f6f6-6.jpg,https://www.grandemotors.co.nz/Motorcentral/VehicleData/GRA-7884ceea-c078-4ba3-9251-3ec635d4f6f6-7.jpg,https://www.grandemotors.co.nz/Motorcentral/VehicleData/GRA-7884ceea-c078-4ba3-9251-3ec635d4f6f6-8.jpg,https://www.grandemotors.co.nz/Motorcentral/VehicleData/GRA-7884ceea-c078-4ba3-9251-3ec635d4f6f6-9.jpg,https://www.grandemotors.co.nz/Motorcentral/VehicleData/GRA-7884ceea-c078-4ba3-9251-3ec635d4f6f6-10.jpg,https://www.grandemotors.co.nz/Motorcentral/VehicleData/GRA-7884ceea-c078-4ba3-9251-3ec635d4f6f6-11.jpg,https://www.grandemotors.co.nz/Motorcentral/VehicleData/GRA-7884ceea-c078-4ba3-9251-3ec635d4f6f6-12.jpg,https://www.grandemotors.co.nz/Motorcentral/VehicleData/GRA-7884ceea-c078-4ba3-9251-3ec635d4f6f6-13.jpg,https://www.grandemotors.co.nz/Motorcentral/VehicleData/GRA-7884ceea-c078-4ba3-9251-3ec635d4f6f6-14.jpg,https://www.grandemotors.co.nz/Motorcentral/VehicleData/GRA-7884ceea-c078-4ba3-9251-3ec635d4f6f6-15.jpg,https://www.grandemotors.co.nz/Motorcentral/VehicleData/GRA-7884ceea-c078-4ba3-9251-3ec635d4f6f6-16.jpg,https://www.grandemotors.co.nz/Motorcentral/VehicleData/GRA-7884ceea-c078-4ba3-9251-3ec635d4f6f6-17.jpg,https://www.grandemotors.co.nz/Motorcentral/VehicleData/GRA-7884ceea-c078-4ba3-9251-3ec635d4f6f6-18.jpg,https://www.grandemotors.co.nz/Motorcentral/VehicleData/GRA-7884ceea-c078-4ba3-9251-3ec635d4f6f6-19.jpg",Nissan,"Vehicles & Parts > Vehicles > Cars, Trucks & Vans",2022,HATCHBACK,ELECTRIC,Automatic,Grande Motors
13317,2022 Nissan Leaf 40KW.SOH88%.Pro-pilot.Android/ApplePlay.360°cam.Park sensors.,"40KW. Battery SOH 88.14%. Only 7 QCs Full battery range 261km. Android/Apple CarPlay audio. ProPilot system combines adaptive radar cruise contr Available from Grande Motors Ltd, East Tamaki, Auckland.",in stock,used,18800.00 NZD,https://www.grandemotors.co.nz/vehicle/2022-Nissan-Leaf/13317,https://www.grandemotors.co.nz/Motorcentral/VehicleData/GRA-89242bb3-d645-4859-bd27-beb7719e6428-1.jpg,"https://www.grandemotors.co.nz/Motorcentral/VehicleData/GRA-89242bb3-d645-4859-bd27-beb7719e6428-2.jpg,https://www.grandemotors.co.nz/Motorcentral/VehicleData/GRA-89242bb3-d645-4859-bd27-beb7719e6428-3.jpg,https://www.grandemotors.co.nz/Motorcentral/VehicleData/GRA-89242bb3-d645-4859-bd27-beb7719e6428-4.jpg,https://www.grandemotors.co.nz/Motorcentral/VehicleData/GRA-89242bb3-d645-4859-bd27-beb7719e6428-5.jpg,https://www.grandemotors.co.nz/Motorcentral/VehicleData/GRA-89242bb3-d645-4859-bd27-beb7719e6428-6.jpg,https://www.grandemotors.co.nz/Motorcentral/VehicleData/GRA-89242bb3-d645-4859-bd27-beb7719e6428-7.jpg,https://www.grandemotors.co.nz/Motorcentral/VehicleData/GRA-89242bb3-d645-4859-bd27-beb7719e6428-8.jpg,https://www.grandemotors.co.nz/Motorcentral/VehicleData/GRA-89242bb3-d645-4859-bd27-beb7719e6428-9.jpg,https://www.grandemotors.co.nz/Motorcentral/VehicleData/GRA-89242bb3-d645-4859-bd27-beb7719e6428-10.jpg,https://www.grandemotors.co.nz/Motorcentral/VehicleData/GRA-89242bb3-d645-4859-bd27-beb7719e6428-11.jpg,https://www.grandemotors.co.nz/Motorcentral/VehicleData/GRA-89242bb3-d645-4859-bd27-beb7719e6428-12.jpg,https://www.grandemotors.co.nz/Motorcentral/VehicleData/GRA-89242bb3-d645-4859-bd27-beb7719e6428-13.jpg,https://www.grandemotors.co.nz/Motorcentral/VehicleData/GRA-89242bb3-d645-4859-bd27-beb7719e6428-14.jpg,https://www.grandemotors.co.nz/Motorcentral/VehicleData/GRA-89242bb3-d645-4859-bd27-beb7719e6428-15.jpg,https://www.grandemotors.co.nz/Motorcentral/VehicleData/GRA-89242bb3-d645-4859-bd27-beb7719e6428-16.jpg,https://www.grandemotors.co.nz/Motorcentral/VehicleData/GRA-89242bb3-d645-4859-bd27-beb7719e6428-17.jpg,https://www.grandemotors.co.nz/Motorcentral/VehicleData/GRA-89242bb3-d645-4859-bd27-beb7719e6428-18.jpg,https://www.grandemotors.co.nz/Motorcentral/VehicleData/GRA-89242bb3-d645-4859-bd27-beb7719e6428-19.jpg,https://www.grandemotors.co.nz/Motorcentral/VehicleData/GRA-89242bb3-d645-4859-bd27-beb7719e6428-20.jpg",Nissan,"Vehicles & Parts > Vehicles > Cars, Trucks & Vans",2022,HATCHBACK,ELECTRIC,Automatic,Grande Motors
13348,2022 Nissan Leaf Nismo.40KW.88% SOH.Android/ApplePlay.360°cam.Pro-Pilot.Lane assist.Safety radar.Park sens.,"40KW°. Battery SOH 88%. Full battery range 232km. Android/Apple CarPlay audio. 360° rooftop camera/Reversing camera. 2022 Nissan Leaf NISMO 40k Available from Grande Motors Ltd, East Tamaki, Auckland.",in stock,used,23500.00 NZD,https://www.grandemotors.co.nz/vehicle/2022-Nissan-Leaf/13348,https://www.grandemotors.co.nz/Motorcentral/VehicleData/GRA-beefba57-bd97-4bb8-b745-e16c52e35b51-1.jpg,"https://www.grandemotors.co.nz/Motorcentral/VehicleData/GRA-beefba57-bd97-4bb8-b745-e16c52e35b51-2.jpg,https://www.grandemotors.co.nz/Motorcentral/VehicleData/GRA-beefba57-bd97-4bb8-b745-e16c52e35b51-3.jpg,https://www.grandemotors.co.nz/Motorcentral/VehicleData/GRA-beefba57-bd97-4bb8-b745-e16c52e35b51-4.jpg,https://www.grandemotors.co.nz/Motorcentral/VehicleData/GRA-beefba57-bd97-4bb8-b745-e16c52e35b51-5.jpg,https://www.grandemotors.co.nz/Motorcentral/VehicleData/GRA-beefba57-bd97-4bb8-b745-e16c52e35b51-6.jpg,https://www.grandemotors.co.nz/Motorcentral/VehicleData/GRA-beefba57-bd97-4bb8-b745-e16c52e35b51-7.jpg,https://www.grandemotors.co.nz/Motorcentral/VehicleData/GRA-beefba57-bd97-4bb8-b745-e16c52e35b51-8.jpg,https://www.grandemotors.co.nz/Motorcentral/VehicleData/GRA-beefba57-bd97-4bb8-b745-e16c52e35b51-9.jpg,https://www.grandemotors.co.nz/Motorcentral/VehicleData/GRA-beefba57-bd97-4bb8-b745-e16c52e35b51-10.jpg,https://www.grandemotors.co.nz/Motorcentral/VehicleData/GRA-beefba57-bd97-4bb8-b745-e16c52e35b51-11.jpg,https://www.grandemotors.co.nz/Motorcentral/VehicleData/GRA-beefba57-bd97-4bb8-b745-e16c52e35b51-12.jpg,https://www.grandemotors.co.nz/Motorcentral/VehicleData/GRA-beefba57-bd97-4bb8-b745-e16c52e35b51-13.jpg,https://www.grandemotors.co.nz/Motorcentral/VehicleData/GRA-beefba57-bd97-4bb8-b745-e16c52e35b51-14.jpg,https://www.grandemotors.co.nz/Motorcentral/VehicleData/GRA-beefba57-bd97-4bb8-b745-e16c52e35b51-15.jpg,https://www.grandemotors.co.nz/Motorcentral/VehicleData/GRA-beefba57-bd97-4bb8-b745-e16c52e35b51-16.jpg,https://www.grandemotors.co.nz/Motorcentral/VehicleData/GRA-beefba57-bd97-4bb8-b745-e16c52e35b51-17.jpg,https://www.grandemotors.co.nz/Motorcentral/VehicleData/GRA-beefba57-bd97-4bb8-b745-e16c52e35b51-18.jpg,https://www.grandemotors.co.nz/Motorcentral/VehicleData/GRA-beefba57-bd97-4bb8-b745-e16c52e35b51-19.jpg,https://www.grandemotors.co.nz/Motorcentral/VehicleData/GRA-beefba57-bd97-4bb8-b745-e16c52e35b51-20.jpg",Nissan,"Vehicles & Parts > Vehicles > Cars, Trucks & Vans",2022,HATCHBACK,ELECTRIC,Automatic,Grande Motors
13138,2016 Nissan Note MEDALIST X,"Immobilizer. Engine button start. 2016 Nissan Note in Green colour with dark interior. Smooth 1200cc chain driven hybrid engine provides a perf Available from Grande Motors Ltd, East Tamaki, Auckland.",in stock,used,7900.00 NZD,https://www.grandemotors.co.nz/vehicle/2016-Nissan-Note/13138,https://www.grandemotors.co.nz/Motorcentral/VehicleData/GRA-b87522a7-37e9-4503-834d-8c56b013f0f9-1.jpg,"https://www.grandemotors.co.nz/Motorcentral/VehicleData/GRA-b87522a7-37e9-4503-834d-8c56b013f0f9-2.jpg,https://www.grandemotors.co.nz/Motorcentral/VehicleData/GRA-b87522a7-37e9-4503-834d-8c56b013f0f9-3.jpg,https://www.grandemotors.co.nz/Motorcentral/VehicleData/GRA-b87522a7-37e9-4503-834d-8c56b013f0f9-4.jpg,https://www.grandemotors.co.nz/Motorcentral/VehicleData/GRA-b87522a7-37e9-4503-834d-8c56b013f0f9-5.jpg,https://www.grandemotors.co.nz/Motorcentral/VehicleData/GRA-b87522a7-37e9-4503-834d-8c56b013f0f9-6.jpg,https://www.grandemotors.co.nz/Motorcentral/VehicleData/GRA-b87522a7-37e9-4503-834d-8c56b013f0f9-7.jpg,https://www.grandemotors.co.nz/Motorcentral/VehicleData/GRA-b87522a7-37e9-4503-834d-8c56b013f0f9-8.jpg,https://www.grandemotors.co.nz/Motorcentral/VehicleData/GRA-b87522a7-37e9-4503-834d-8c56b013f0f9-9.jpg,https://www.grandemotors.co.nz/Motorcentral/VehicleData/GRA-b87522a7-37e9-4503-834d-8c56b013f0f9-10.jpg,https://www.grandemotors.co.nz/Motorcentral/VehicleData/GRA-b87522a7-37e9-4503-834d-8c56b013f0f9-11.jpg,https://www.grandemotors.co.nz/Motorcentral/VehicleData/GRA-b87522a7-37e9-4503-834d-8c56b013f0f9-12.jpg,https://www.grandemotors.co.nz/Motorcentral/VehicleData/GRA-b87522a7-37e9-4503-834d-8c56b013f0f9-13.jpg,https://www.grandemotors.co.nz/Motorcentral/VehicleData/GRA-b87522a7-37e9-4503-834d-8c56b013f0f9-14.jpg,https://www.grandemotors.co.nz/Motorcentral/VehicleData/GRA-b87522a7-37e9-4503-834d-8c56b013f0f9-15.jpg,https://www.grandemotors.co.nz/Motorcentral/VehicleData/GRA-b87522a7-37e9-4503-834d-8c56b013f0f9-16.jpg,https://www.grandemotors.co.nz/Motorcentral/VehicleData/GRA-b87522a7-37e9-4503-834d-8c56b013f0f9-17.jpg,https://www.grandemotors.co.nz/Motorcentral/VehicleData/GRA-b87522a7-37e9-4503-834d-8c56b013f0f9-18.jpg,https://www.grandemotors.co.nz/Motorcentral/VehicleData/GRA-b87522a7-37e9-4503-834d-8c56b013f0f9-19.jpg",Nissan,"Vehicles & Parts > Vehicles > Cars, Trucks & Vans",2016,HATCHBACK,GASOLINE,Automatic,Grande Motors
13229,2016 Nissan Note Safety radar.Lane assist.Button start.Alarm.LOW KM.,"Immobilizer. Engine button start. PCS (Pre-Collision Sensor). LKA (Lane Keeping Assistance). 2016 Nissan Note in red colour with black interior. Available from Grande Motors Ltd, East Tamaki, Auckland.",in stock,used,10300.00 NZD,https://www.grandemotors.co.nz/vehicle/2016-Nissan-Note/13229,https://www.grandemotors.co.nz/Motorcentral/VehicleData/GRA-dac53a02-a9c3-4779-bc9f-0e95407c012b-1.jpg,"https://www.grandemotors.co.nz/Motorcentral/VehicleData/GRA-dac53a02-a9c3-4779-bc9f-0e95407c012b-2.jpg,https://www.grandemotors.co.nz/Motorcentral/VehicleData/GRA-dac53a02-a9c3-4779-bc9f-0e95407c012b-3.jpg,https://www.grandemotors.co.nz/Motorcentral/VehicleData/GRA-dac53a02-a9c3-4779-bc9f-0e95407c012b-4.jpg,https://www.grandemotors.co.nz/Motorcentral/VehicleData/GRA-dac53a02-a9c3-4779-bc9f-0e95407c012b-5.jpg,https://www.grandemotors.co.nz/Motorcentral/VehicleData/GRA-dac53a02-a9c3-4779-bc9f-0e95407c012b-6.jpg,https://www.grandemotors.co.nz/Motorcentral/VehicleData/GRA-dac53a02-a9c3-4779-bc9f-0e95407c012b-7.jpg,https://www.grandemotors.co.nz/Motorcentral/VehicleData/GRA-dac53a02-a9c3-4779-bc9f-0e95407c012b-8.jpg,https://www.grandemotors.co.nz/Motorcentral/VehicleData/GRA-dac53a02-a9c3-4779-bc9f-0e95407c012b-9.jpg,https://www.grandemotors.co.nz/Motorcentral/VehicleData/GRA-dac53a02-a9c3-4779-bc9f-0e95407c012b-10.jpg,https://www.grandemotors.co.nz/Motorcentral/VehicleData/GRA-dac53a02-a9c3-4779-bc9f-0e95407c012b-11.jpg,https://www.grandemotors.co.nz/Motorcentral/VehicleData/GRA-dac53a02-a9c3-4779-bc9f-0e95407c012b-12.jpg,https://www.grandemotors.co.nz/Motorcentral/VehicleData/GRA-dac53a02-a9c3-4779-bc9f-0e95407c012b-13.jpg,https://www.grandemotors.co.nz/Motorcentral/VehicleData/GRA-dac53a02-a9c3-4779-bc9f-0e95407c012b-14.jpg,https://www.grandemotors.co.nz/Motorcentral/VehicleData/GRA-dac53a02-a9c3-4779-bc9f-0e95407c012b-15.jpg,https://www.grandemotors.co.nz/Motorcentral/VehicleData/GRA-dac53a02-a9c3-4779-bc9f-0e95407c012b-16.jpg,https://www.grandemotors.co.nz/Motorcentral/VehicleData/GRA-dac53a02-a9c3-4779-bc9f-0e95407c012b-17.jpg",Nissan,"Vehicles & Parts > Vehicles > Cars, Trucks & Vans",2016,HATCHBACK,GASOLINE,Automatic,Grande Motors
13374,2016 Nissan Note Lane assist.Safety radar.Button start.,"Immobilizer. Engine button start. PCS (Pre-Collision Sensor). LKA (Lane Keeping Assistance). 2016 Nissan Note in silver colour with black interi Available from Grande Motors Ltd, East Tamaki, Auckland.",in stock,used,10400.00 NZD,https://www.grandemotors.co.nz/vehicle/2016-Nissan-Note/13374,https://www.grandemotors.co.nz/Motorcentral/VehicleData/GRA-2e634109-cb13-4788-a66a-fcf708945fdf-1.jpg,"https://www.grandemotors.co.nz/Motorcentral/VehicleData/GRA-2e634109-cb13-4788-a66a-fcf708945fdf-2.jpg,https://www.grandemotors.co.nz/Motorcentral/VehicleData/GRA-2e634109-cb13-4788-a66a-fcf708945fdf-3.jpg,https://www.grandemotors.co.nz/Motorcentral/VehicleData/GRA-2e634109-cb13-4788-a66a-fcf708945fdf-4.jpg,https://www.grandemotors.co.nz/Motorcentral/VehicleData/GRA-2e634109-cb13-4788-a66a-fcf708945fdf-5.jpg,https://www.grandemotors.co.nz/Motorcentral/VehicleData/GRA-2e634109-cb13-4788-a66a-fcf708945fdf-6.jpg,https://www.grandemotors.co.nz/Motorcentral/VehicleData/GRA-2e634109-cb13-4788-a66a-fcf708945fdf-7.jpg,https://www.grandemotors.co.nz/Motorcentral/VehicleData/GRA-2e634109-cb13-4788-a66a-fcf708945fdf-8.jpg,https://www.grandemotors.co.nz/Motorcentral/VehicleData/GRA-2e634109-cb13-4788-a66a-fcf708945fdf-9.jpg,https://www.grandemotors.co.nz/Motorcentral/VehicleData/GRA-2e634109-cb13-4788-a66a-fcf708945fdf-10.jpg,https://www.grandemotors.co.nz/Motorcentral/VehicleData/GRA-2e634109-cb13-4788-a66a-fcf708945fdf-11.jpg,https://www.grandemotors.co.nz/Motorcentral/VehicleData/GRA-2e634109-cb13-4788-a66a-fcf708945fdf-12.jpg,https://www.grandemotors.co.nz/Motorcentral/VehicleData/GRA-2e634109-cb13-4788-a66a-fcf708945fdf-13.jpg,https://www.grandemotors.co.nz/Motorcentral/VehicleData/GRA-2e634109-cb13-4788-a66a-fcf708945fdf-14.jpg,https://www.grandemotors.co.nz/Motorcentral/VehicleData/GRA-2e634109-cb13-4788-a66a-fcf708945fdf-15.jpg,https://www.grandemotors.co.nz/Motorcentral/VehicleData/GRA-2e634109-cb13-4788-a66a-fcf708945fdf-16.jpg,https://www.grandemotors.co.nz/Motorcentral/VehicleData/GRA-2e634109-cb13-4788-a66a-fcf708945fdf-17.jpg,https://www.grandemotors.co.nz/Motorcentral/VehicleData/GRA-2e634109-cb13-4788-a66a-fcf708945fdf-18.jpg",Nissan,"Vehicles & Parts > Vehicles > Cars, Trucks & Vans",2016,HATCHBACK,GASOLINE,Automatic,Grande Motors
13375,2016 Nissan Note E-power.Rear camera.Lane assist.Safety radar.Button start.,"Immobilizer. Engine button start. PCS (Pre-Collision Sensor). LKA (Lane Keeping Assistance). 2016 Nissan Note E-Power Hybrid in silver colour wi Available from Grande Motors Ltd, East Tamaki, Auckland.",in stock,used,10900.00 NZD,https://www.grandemotors.co.nz/vehicle/2016-Nissan-Note/13375,https://www.grandemotors.co.nz/Motorcentral/VehicleData/GRA-a0d10457-3e85-43b8-aa3c-6aefe3a1d07e-1.jpg,"https://www.grandemotors.co.nz/Motorcentral/VehicleData/GRA-a0d10457-3e85-43b8-aa3c-6aefe3a1d07e-2.jpg,https://www.grandemotors.co.nz/Motorcentral/VehicleData/GRA-a0d10457-3e85-43b8-aa3c-6aefe3a1d07e-3.jpg,https://www.grandemotors.co.nz/Motorcentral/VehicleData/GRA-a0d10457-3e85-43b8-aa3c-6aefe3a1d07e-4.jpg,https://www.grandemotors.co.nz/Motorcentral/VehicleData/GRA-a0d10457-3e85-43b8-aa3c-6aefe3a1d07e-5.jpg,https://www.grandemotors.co.nz/Motorcentral/VehicleData/GRA-a0d10457-3e85-43b8-aa3c-6aefe3a1d07e-6.jpg,https://www.grandemotors.co.nz/Motorcentral/VehicleData/GRA-a0d10457-3e85-43b8-aa3c-6aefe3a1d07e-7.jpg,https://www.grandemotors.co.nz/Motorcentral/VehicleData/GRA-a0d10457-3e85-43b8-aa3c-6aefe3a1d07e-8.jpg,https://www.grandemotors.co.nz/Motorcentral/VehicleData/GRA-a0d10457-3e85-43b8-aa3c-6aefe3a1d07e-9.jpg,https://www.grandemotors.co.nz/Motorcentral/VehicleData/GRA-a0d10457-3e85-43b8-aa3c-6aefe3a1d07e-10.jpg,https://www.grandemotors.co.nz/Motorcentral/VehicleData/GRA-a0d10457-3e85-43b8-aa3c-6aefe3a1d07e-11.jpg,https://www.grandemotors.co.nz/Motorcentral/VehicleData/GRA-a0d10457-3e85-43b8-aa3c-6aefe3a1d07e-12.jpg,https://www.grandemotors.co.nz/Motorcentral/VehicleData/GRA-a0d10457-3e85-43b8-aa3c-6aefe3a1d07e-13.jpg,https://www.grandemotors.co.nz/Motorcentral/VehicleData/GRA-a0d10457-3e85-43b8-aa3c-6aefe3a1d07e-14.jpg,https://www.grandemotors.co.nz/Motorcentral/VehicleData/GRA-a0d10457-3e85-43b8-aa3c-6aefe3a1d07e-15.jpg,https://www.grandemotors.co.nz/Motorcentral/VehicleData/GRA-a0d10457-3e85-43b8-aa3c-6aefe3a1d07e-16.jpg,https://www.grandemotors.co.nz/Motorcentral/VehicleData/GRA-a0d10457-3e85-43b8-aa3c-6aefe3a1d07e-17.jpg,https://www.grandemotors.co.nz/Motorcentral/VehicleData/GRA-a0d10457-3e85-43b8-aa3c-6aefe3a1d07e-18.jpg,https://www.grandemotors.co.nz/Motorcentral/VehicleData/GRA-a0d10457-3e85-43b8-aa3c-6aefe3a1d07e-19.jpg",Nissan,"Vehicles & Parts > Vehicles > Cars, Trucks & Vans",2016,HATCHBACK,HYBRID,Automatic,Grande Motors
13584,2016 Nissan Note E-power.Rear camera.Lane assist.Safety radar.Button start.,"Immobilizer. Engine button start. LKA (Lane Keeping Assistance). 2016 Nissan Note E-Power in orange colour with dark interior. Smooth 1200cc c Available from Grande Motors Ltd, East Tamaki, Auckland.",in stock,used,10900.00 NZD,https://www.grandemotors.co.nz/vehicle/2016-Nissan-Note/13584,https://www.grandemotors.co.nz/Motorcentral/VehicleData/GRA-7d5d5535-136c-4595-a52a-95a1943cb7c3-1.jpg,"https://www.grandemotors.co.nz/Motorcentral/VehicleData/GRA-7d5d5535-136c-4595-a52a-95a1943cb7c3-2.jpg,https://www.grandemotors.co.nz/Motorcentral/VehicleData/GRA-7d5d5535-136c-4595-a52a-95a1943cb7c3-3.jpg,https://www.grandemotors.co.nz/Motorcentral/VehicleData/GRA-7d5d5535-136c-4595-a52a-95a1943cb7c3-4.jpg,https://www.grandemotors.co.nz/Motorcentral/VehicleData/GRA-7d5d5535-136c-4595-a52a-95a1943cb7c3-5.jpg,https://www.grandemotors.co.nz/Motorcentral/VehicleData/GRA-7d5d5535-136c-4595-a52a-95a1943cb7c3-6.jpg,https://www.grandemotors.co.nz/Motorcentral/VehicleData/GRA-7d5d5535-136c-4595-a52a-95a1943cb7c3-7.jpg,https://www.grandemotors.co.nz/Motorcentral/VehicleData/GRA-7d5d5535-136c-4595-a52a-95a1943cb7c3-8.jpg,https://www.grandemotors.co.nz/Motorcentral/VehicleData/GRA-7d5d5535-136c-4595-a52a-95a1943cb7c3-9.jpg,https://www.grandemotors.co.nz/Motorcentral/VehicleData/GRA-7d5d5535-136c-4595-a52a-95a1943cb7c3-10.jpg,https://www.grandemotors.co.nz/Motorcentral/VehicleData/GRA-7d5d5535-136c-4595-a52a-95a1943cb7c3-11.jpg,https://www.grandemotors.co.nz/Motorcentral/VehicleData/GRA-7d5d5535-136c-4595-a52a-95a1943cb7c3-12.jpg,https://www.grandemotors.co.nz/Motorcentral/VehicleData/GRA-7d5d5535-136c-4595-a52a-95a1943cb7c3-13.jpg,https://www.grandemotors.co.nz/Motorcentral/VehicleData/GRA-7d5d5535-136c-4595-a52a-95a1943cb7c3-14.jpg,https://www.grandemotors.co.nz/Motorcentral/VehicleData/GRA-7d5d5535-136c-4595-a52a-95a1943cb7c3-15.jpg,https://www.grandemotors.co.nz/Motorcentral/VehicleData/GRA-7d5d5535-136c-4595-a52a-95a1943cb7c3-16.jpg,https://www.grandemotors.co.nz/Motorcentral/VehicleData/GRA-7d5d5535-136c-4595-a52a-95a1943cb7c3-17.jpg,https://www.grandemotors.co.nz/Motorcentral/VehicleData/GRA-7d5d5535-136c-4595-a52a-95a1943cb7c3-18.jpg,https://www.grandemotors.co.nz/Motorcentral/VehicleData/GRA-7d5d5535-136c-4595-a52a-95a1943cb7c3-19.jpg",Nissan,"Vehicles & Parts > Vehicles > Cars, Trucks & Vans",2016,HATCHBACK,HYBRID,Automatic,Grande Motors
13648,2016 Nissan Note E-power.360 camera.Safety radar.Park sensors.Lane assist.,"Immobilizer. Parking sensors. Engine button start. LKA (Lane Keeping Assistance). Surrounding (roof top) camera/ Rear camera. 2016 Nissan Note Available from Grande Motors Ltd, East Tamaki, Auckland.",in stock,used,11900.00 NZD,https://www.grandemotors.co.nz/vehicle/2016-Nissan-Note/13648,https://www.grandemotors.co.nz/Motorcentral/VehicleData/GRA-79dd7fab-5786-4e46-9877-c8cc7f979866-1.jpg,"https://www.grandemotors.co.nz/Motorcentral/VehicleData/GRA-79dd7fab-5786-4e46-9877-c8cc7f979866-2.jpg,https://www.grandemotors.co.nz/Motorcentral/VehicleData/GRA-79dd7fab-5786-4e46-9877-c8cc7f979866-3.jpg,https://www.grandemotors.co.nz/Motorcentral/VehicleData/GRA-79dd7fab-5786-4e46-9877-c8cc7f979866-4.jpg,https://www.grandemotors.co.nz/Motorcentral/VehicleData/GRA-79dd7fab-5786-4e46-9877-c8cc7f979866-5.jpg,https://www.grandemotors.co.nz/Motorcentral/VehicleData/GRA-79dd7fab-5786-4e46-9877-c8cc7f979866-6.jpg,https://www.grandemotors.co.nz/Motorcentral/VehicleData/GRA-79dd7fab-5786-4e46-9877-c8cc7f979866-7.jpg,https://www.grandemotors.co.nz/Motorcentral/VehicleData/GRA-79dd7fab-5786-4e46-9877-c8cc7f979866-8.jpg,https://www.grandemotors.co.nz/Motorcentral/VehicleData/GRA-79dd7fab-5786-4e46-9877-c8cc7f979866-9.jpg,https://www.grandemotors.co.nz/Motorcentral/VehicleData/GRA-79dd7fab-5786-4e46-9877-c8cc7f979866-10.jpg,https://www.grandemotors.co.nz/Motorcentral/VehicleData/GRA-79dd7fab-5786-4e46-9877-c8cc7f979866-11.jpg,https://www.grandemotors.co.nz/Motorcentral/VehicleData/GRA-79dd7fab-5786-4e46-9877-c8cc7f979866-12.jpg,https://www.grandemotors.co.nz/Motorcentral/VehicleData/GRA-79dd7fab-5786-4e46-9877-c8cc7f979866-13.jpg,https://www.grandemotors.co.nz/Motorcentral/VehicleData/GRA-79dd7fab-5786-4e46-9877-c8cc7f979866-14.jpg,https://www.grandemotors.co.nz/Motorcentral/VehicleData/GRA-79dd7fab-5786-4e46-9877-c8cc7f979866-15.jpg,https://www.grandemotors.co.nz/Motorcentral/VehicleData/GRA-79dd7fab-5786-4e46-9877-c8cc7f979866-16.jpg,https://www.grandemotors.co.nz/Motorcentral/VehicleData/GRA-79dd7fab-5786-4e46-9877-c8cc7f979866-17.jpg,https://www.grandemotors.co.nz/Motorcentral/VehicleData/GRA-79dd7fab-5786-4e46-9877-c8cc7f979866-18.jpg",Nissan,"Vehicles & Parts > Vehicles > Cars, Trucks & Vans",2016,HATCHBACK,HYBRID,Automatic,Grande Motors
13264,2017 Nissan Note E-power.Autech.LKA.Safety radar.Rooftop camera.Alloys.,"Immobilizer. Engine button start. PCS (Pre-Collision Sensor). LKA (Lane Keeping Assistance). 360° surrounding camera/Reversing camera. 2017 Nis Available from Grande Motors Ltd, East Tamaki, Auckland.",in stock,used,11500.00 NZD,https://www.grandemotors.co.nz/vehicle/2017-Nissan-Note/13264,https://www.grandemotors.co.nz/Motorcentral/VehicleData/GRA-05ae40d5-91f2-4ea9-84c1-6f4b95a113aa-1.jpg,"https://www.grandemotors.co.nz/Motorcentral/VehicleData/GRA-05ae40d5-91f2-4ea9-84c1-6f4b95a113aa-2.jpg,https://www.grandemotors.co.nz/Motorcentral/VehicleData/GRA-05ae40d5-91f2-4ea9-84c1-6f4b95a113aa-3.jpg,https://www.grandemotors.co.nz/Motorcentral/VehicleData/GRA-05ae40d5-91f2-4ea9-84c1-6f4b95a113aa-4.jpg,https://www.grandemotors.co.nz/Motorcentral/VehicleData/GRA-05ae40d5-91f2-4ea9-84c1-6f4b95a113aa-5.jpg,https://www.grandemotors.co.nz/Motorcentral/VehicleData/GRA-05ae40d5-91f2-4ea9-84c1-6f4b95a113aa-6.jpg,https://www.grandemotors.co.nz/Motorcentral/VehicleData/GRA-05ae40d5-91f2-4ea9-84c1-6f4b95a113aa-7.jpg,https://www.grandemotors.co.nz/Motorcentral/VehicleData/GRA-05ae40d5-91f2-4ea9-84c1-6f4b95a113aa-8.jpg,https://www.grandemotors.co.nz/Motorcentral/VehicleData/GRA-05ae40d5-91f2-4ea9-84c1-6f4b95a113aa-9.jpg,https://www.grandemotors.co.nz/Motorcentral/VehicleData/GRA-05ae40d5-91f2-4ea9-84c1-6f4b95a113aa-10.jpg,https://www.grandemotors.co.nz/Motorcentral/VehicleData/GRA-05ae40d5-91f2-4ea9-84c1-6f4b95a113aa-11.jpg,https://www.grandemotors.co.nz/Motorcentral/VehicleData/GRA-05ae40d5-91f2-4ea9-84c1-6f4b95a113aa-12.jpg,https://www.grandemotors.co.nz/Motorcentral/VehicleData/GRA-05ae40d5-91f2-4ea9-84c1-6f4b95a113aa-13.jpg,https://www.grandemotors.co.nz/Motorcentral/VehicleData/GRA-05ae40d5-91f2-4ea9-84c1-6f4b95a113aa-14.jpg,https://www.grandemotors.co.nz/Motorcentral/VehicleData/GRA-05ae40d5-91f2-4ea9-84c1-6f4b95a113aa-15.jpg,https://www.grandemotors.co.nz/Motorcentral/VehicleData/GRA-05ae40d5-91f2-4ea9-84c1-6f4b95a113aa-16.jpg,https://www.grandemotors.co.nz/Motorcentral/VehicleData/GRA-05ae40d5-91f2-4ea9-84c1-6f4b95a113aa-17.jpg,https://www.grandemotors.co.nz/Motorcentral/VehicleData/GRA-05ae40d5-91f2-4ea9-84c1-6f4b95a113aa-18.jpg,https://www.grandemotors.co.nz/Motorcentral/VehicleData/GRA-05ae40d5-91f2-4ea9-84c1-6f4b95a113aa-19.jpg,https://www.grandemotors.co.nz/Motorcentral/VehicleData/GRA-05ae40d5-91f2-4ea9-84c1-6f4b95a113aa-20.jpg",Nissan,"Vehicles & Parts > Vehicles > Cars, Trucks & Vans",2017,HATCHBACK,HYBRID,Automatic,Grande Motors
13367,2017 Nissan Note E-power.NISMO.Andriod/Apple Play.360°cam.Lane assist.Safety radar.Park sensors.,"Immobilizer. Engine button start. PCS (Pre-Collision Sensor). LKA (Lane Keeping Assistance). ""Rosso"" sport exhaust. 2018 Nissan Note E-Power Ni Available from Grande Motors Ltd, East Tamaki, Auckland.",in stock,used,12900.00 NZD,https://www.grandemotors.co.nz/vehicle/2017-Nissan-Note/13367,https://www.grandemotors.co.nz/Motorcentral/VehicleData/GRA-2589b9d1-adc3-4418-821b-c40fb62b7761-1.jpg,"https://www.grandemotors.co.nz/Motorcentral/VehicleData/GRA-2589b9d1-adc3-4418-821b-c40fb62b7761-2.jpg,https://www.grandemotors.co.nz/Motorcentral/VehicleData/GRA-2589b9d1-adc3-4418-821b-c40fb62b7761-3.jpg,https://www.grandemotors.co.nz/Motorcentral/VehicleData/GRA-2589b9d1-adc3-4418-821b-c40fb62b7761-4.jpg,https://www.grandemotors.co.nz/Motorcentral/VehicleData/GRA-2589b9d1-adc3-4418-821b-c40fb62b7761-5.jpg,https://www.grandemotors.co.nz/Motorcentral/VehicleData/GRA-2589b9d1-adc3-4418-821b-c40fb62b7761-6.jpg,https://www.grandemotors.co.nz/Motorcentral/VehicleData/GRA-2589b9d1-adc3-4418-821b-c40fb62b7761-7.jpg,https://www.grandemotors.co.nz/Motorcentral/VehicleData/GRA-2589b9d1-adc3-4418-821b-c40fb62b7761-8.jpg,https://www.grandemotors.co.nz/Motorcentral/VehicleData/GRA-2589b9d1-adc3-4418-821b-c40fb62b7761-9.jpg,https://www.grandemotors.co.nz/Motorcentral/VehicleData/GRA-2589b9d1-adc3-4418-821b-c40fb62b7761-10.jpg,https://www.grandemotors.co.nz/Motorcentral/VehicleData/GRA-2589b9d1-adc3-4418-821b-c40fb62b7761-11.jpg,https://www.grandemotors.co.nz/Motorcentral/VehicleData/GRA-2589b9d1-adc3-4418-821b-c40fb62b7761-12.jpg,https://www.grandemotors.co.nz/Motorcentral/VehicleData/GRA-2589b9d1-adc3-4418-821b-c40fb62b7761-13.jpg,https://www.grandemotors.co.nz/Motorcentral/VehicleData/GRA-2589b9d1-adc3-4418-821b-c40fb62b7761-14.jpg,https://www.grandemotors.co.nz/Motorcentral/VehicleData/GRA-2589b9d1-adc3-4418-821b-c40fb62b7761-15.jpg,https://www.grandemotors.co.nz/Motorcentral/VehicleData/GRA-2589b9d1-adc3-4418-821b-c40fb62b7761-16.jpg,https://www.grandemotors.co.nz/Motorcentral/VehicleData/GRA-2589b9d1-adc3-4418-821b-c40fb62b7761-17.jpg,https://www.grandemotors.co.nz/Motorcentral/VehicleData/GRA-2589b9d1-adc3-4418-821b-c40fb62b7761-18.jpg,https://www.grandemotors.co.nz/Motorcentral/VehicleData/GRA-2589b9d1-adc3-4418-821b-c40fb62b7761-19.jpg,https://www.grandemotors.co.nz/Motorcentral/VehicleData/GRA-2589b9d1-adc3-4418-821b-c40fb62b7761-20.jpg",Nissan,"Vehicles & Parts > Vehicles > Cars, Trucks & Vans",2017,HATCHBACK,HYBRID,Automatic,Grande Motors
13376,2017 Nissan Note E-power.Rear camera.Lane assist.Safety radar.Park sensors.Button start.,"Immobilizer. Safety Radar. Engine button start. LKA (Lane Keeping Assistance). 2017 Nissan Note in grey colour with dark interior. Smooth 120 Available from Grande Motors Ltd, East Tamaki, Auckland.",in stock,used,11600.00 NZD,https://www.grandemotors.co.nz/vehicle/2017-Nissan-Note/13376,https://www.grandemotors.co.nz/Motorcentral/VehicleData/GRA-b74a147e-23fd-470d-b3a7-09a06349e5b9-1.jpg,"https://www.grandemotors.co.nz/Motorcentral/VehicleData/GRA-b74a147e-23fd-470d-b3a7-09a06349e5b9-2.jpg,https://www.grandemotors.co.nz/Motorcentral/VehicleData/GRA-b74a147e-23fd-470d-b3a7-09a06349e5b9-3.jpg,https://www.grandemotors.co.nz/Motorcentral/VehicleData/GRA-b74a147e-23fd-470d-b3a7-09a06349e5b9-4.jpg,https://www.grandemotors.co.nz/Motorcentral/VehicleData/GRA-b74a147e-23fd-470d-b3a7-09a06349e5b9-5.jpg,https://www.grandemotors.co.nz/Motorcentral/VehicleData/GRA-b74a147e-23fd-470d-b3a7-09a06349e5b9-6.jpg,https://www.grandemotors.co.nz/Motorcentral/VehicleData/GRA-b74a147e-23fd-470d-b3a7-09a06349e5b9-7.jpg,https://www.grandemotors.co.nz/Motorcentral/VehicleData/GRA-b74a147e-23fd-470d-b3a7-09a06349e5b9-8.jpg,https://www.grandemotors.co.nz/Motorcentral/VehicleData/GRA-b74a147e-23fd-470d-b3a7-09a06349e5b9-9.jpg,https://www.grandemotors.co.nz/Motorcentral/VehicleData/GRA-b74a147e-23fd-470d-b3a7-09a06349e5b9-10.jpg,https://www.grandemotors.co.nz/Motorcentral/VehicleData/GRA-b74a147e-23fd-470d-b3a7-09a06349e5b9-11.jpg,https://www.grandemotors.co.nz/Motorcentral/VehicleData/GRA-b74a147e-23fd-470d-b3a7-09a06349e5b9-12.jpg,https://www.grandemotors.co.nz/Motorcentral/VehicleData/GRA-b74a147e-23fd-470d-b3a7-09a06349e5b9-13.jpg,https://www.grandemotors.co.nz/Motorcentral/VehicleData/GRA-b74a147e-23fd-470d-b3a7-09a06349e5b9-14.jpg,https://www.grandemotors.co.nz/Motorcentral/VehicleData/GRA-b74a147e-23fd-470d-b3a7-09a06349e5b9-15.jpg,https://www.grandemotors.co.nz/Motorcentral/VehicleData/GRA-b74a147e-23fd-470d-b3a7-09a06349e5b9-16.jpg",Nissan,"Vehicles & Parts > Vehicles > Cars, Trucks & Vans",2017,HATCHBACK,HYBRID,Automatic,Grande Motors
13565,2017 Nissan Note Medalist.E-power.360°camera.Lane assist.Safety radar.Park sensors.,"Immobilizer. Parking sensors. Engine button start. PCS (Pre-Collision Sensor). LKA (Lane Keeping Assistance). 2017 Nissan Note E-Power Medalist Available from Grande Motors Ltd, East Tamaki, Auckland.",in stock,used,11300.00 NZD,https://www.grandemotors.co.nz/vehicle/2017-Nissan-Note/13565,https://www.grandemotors.co.nz/Motorcentral/VehicleData/GRA-cd95581f-dc44-4b68-b37c-956a1d4710a5-1.jpg,"https://www.grandemotors.co.nz/Motorcentral/VehicleData/GRA-cd95581f-dc44-4b68-b37c-956a1d4710a5-2.jpg,https://www.grandemotors.co.nz/Motorcentral/VehicleData/GRA-cd95581f-dc44-4b68-b37c-956a1d4710a5-3.jpg,https://www.grandemotors.co.nz/Motorcentral/VehicleData/GRA-cd95581f-dc44-4b68-b37c-956a1d4710a5-4.jpg,https://www.grandemotors.co.nz/Motorcentral/VehicleData/GRA-cd95581f-dc44-4b68-b37c-956a1d4710a5-5.jpg,https://www.grandemotors.co.nz/Motorcentral/VehicleData/GRA-cd95581f-dc44-4b68-b37c-956a1d4710a5-6.jpg,https://www.grandemotors.co.nz/Motorcentral/VehicleData/GRA-cd95581f-dc44-4b68-b37c-956a1d4710a5-7.jpg,https://www.grandemotors.co.nz/Motorcentral/VehicleData/GRA-cd95581f-dc44-4b68-b37c-956a1d4710a5-8.jpg,https://www.grandemotors.co.nz/Motorcentral/VehicleData/GRA-cd95581f-dc44-4b68-b37c-956a1d4710a5-9.jpg,https://www.grandemotors.co.nz/Motorcentral/VehicleData/GRA-cd95581f-dc44-4b68-b37c-956a1d4710a5-10.jpg,https://www.grandemotors.co.nz/Motorcentral/VehicleData/GRA-cd95581f-dc44-4b68-b37c-956a1d4710a5-11.jpg,https://www.grandemotors.co.nz/Motorcentral/VehicleData/GRA-cd95581f-dc44-4b68-b37c-956a1d4710a5-12.jpg,https://www.grandemotors.co.nz/Motorcentral/VehicleData/GRA-cd95581f-dc44-4b68-b37c-956a1d4710a5-13.jpg,https://www.grandemotors.co.nz/Motorcentral/VehicleData/GRA-cd95581f-dc44-4b68-b37c-956a1d4710a5-14.jpg,https://www.grandemotors.co.nz/Motorcentral/VehicleData/GRA-cd95581f-dc44-4b68-b37c-956a1d4710a5-15.jpg,https://www.grandemotors.co.nz/Motorcentral/VehicleData/GRA-cd95581f-dc44-4b68-b37c-956a1d4710a5-16.jpg,https://www.grandemotors.co.nz/Motorcentral/VehicleData/GRA-cd95581f-dc44-4b68-b37c-956a1d4710a5-17.jpg,https://www.grandemotors.co.nz/Motorcentral/VehicleData/GRA-cd95581f-dc44-4b68-b37c-956a1d4710a5-18.jpg,https://www.grandemotors.co.nz/Motorcentral/VehicleData/GRA-cd95581f-dc44-4b68-b37c-956a1d4710a5-19.jpg",Nissan,"Vehicles & Parts > Vehicles > Cars, Trucks & Vans",2017,HATCHBACK,HYBRID,Automatic,Grande Motors
13602,2017 Nissan Note E-power.Lane assist.Safety radar.Button start.,"Immobilizer. Engine button start. LKA (Lane Keeping Assistance). 2017 Nissan Note E-Power in black colour with dark interior. Smooth 1200cc ch Available from Grande Motors Ltd, East Tamaki, Auckland.",in stock,used,11200.00 NZD,https://www.grandemotors.co.nz/vehicle/2017-Nissan-Note/13602,https://www.grandemotors.co.nz/Motorcentral/VehicleData/GRA-e374a15f-bc62-4af4-a748-88dcaad939d1-1.jpg,"https://www.grandemotors.co.nz/Motorcentral/VehicleData/GRA-e374a15f-bc62-4af4-a748-88dcaad939d1-2.jpg,https://www.grandemotors.co.nz/Motorcentral/VehicleData/GRA-e374a15f-bc62-4af4-a748-88dcaad939d1-3.jpg,https://www.grandemotors.co.nz/Motorcentral/VehicleData/GRA-e374a15f-bc62-4af4-a748-88dcaad939d1-4.jpg,https://www.grandemotors.co.nz/Motorcentral/VehicleData/GRA-e374a15f-bc62-4af4-a748-88dcaad939d1-5.jpg,https://www.grandemotors.co.nz/Motorcentral/VehicleData/GRA-e374a15f-bc62-4af4-a748-88dcaad939d1-6.jpg,https://www.grandemotors.co.nz/Motorcentral/VehicleData/GRA-e374a15f-bc62-4af4-a748-88dcaad939d1-7.jpg,https://www.grandemotors.co.nz/Motorcentral/VehicleData/GRA-e374a15f-bc62-4af4-a748-88dcaad939d1-8.jpg,https://www.grandemotors.co.nz/Motorcentral/VehicleData/GRA-e374a15f-bc62-4af4-a748-88dcaad939d1-9.jpg,https://www.grandemotors.co.nz/Motorcentral/VehicleData/GRA-e374a15f-bc62-4af4-a748-88dcaad939d1-10.jpg,https://www.grandemotors.co.nz/Motorcentral/VehicleData/GRA-e374a15f-bc62-4af4-a748-88dcaad939d1-11.jpg,https://www.grandemotors.co.nz/Motorcentral/VehicleData/GRA-e374a15f-bc62-4af4-a748-88dcaad939d1-12.jpg,https://www.grandemotors.co.nz/Motorcentral/VehicleData/GRA-e374a15f-bc62-4af4-a748-88dcaad939d1-13.jpg,https://www.grandemotors.co.nz/Motorcentral/VehicleData/GRA-e374a15f-bc62-4af4-a748-88dcaad939d1-14.jpg,https://www.grandemotors.co.nz/Motorcentral/VehicleData/GRA-e374a15f-bc62-4af4-a748-88dcaad939d1-15.jpg,https://www.grandemotors.co.nz/Motorcentral/VehicleData/GRA-e374a15f-bc62-4af4-a748-88dcaad939d1-16.jpg,https://www.grandemotors.co.nz/Motorcentral/VehicleData/GRA-e374a15f-bc62-4af4-a748-88dcaad939d1-17.jpg",Nissan,"Vehicles & Parts > Vehicles > Cars, Trucks & Vans",2017,HATCHBACK,HYBRID,Automatic,Grande Motors
13603,2017 Nissan Note E-power.Rear camera.Lane assist.Safety radar.Park sensors.Button start.,"Immobilizer. Parking sensors. Engine button start. LKA (Lane Keeping Assistance). 2017 Nissan Note E-Power in blue colour with dark interior. Available from Grande Motors Ltd, East Tamaki, Auckland.",in stock,used,11400.00 NZD,https://www.grandemotors.co.nz/vehicle/2017-Nissan-Note/13603,https://www.grandemotors.co.nz/Motorcentral/VehicleData/GRA-1735481f-4e50-472c-969d-54b9da64240d-1.jpg,"https://www.grandemotors.co.nz/Motorcentral/VehicleData/GRA-1735481f-4e50-472c-969d-54b9da64240d-2.jpg,https://www.grandemotors.co.nz/Motorcentral/VehicleData/GRA-1735481f-4e50-472c-969d-54b9da64240d-3.jpg,https://www.grandemotors.co.nz/Motorcentral/VehicleData/GRA-1735481f-4e50-472c-969d-54b9da64240d-4.jpg,https://www.grandemotors.co.nz/Motorcentral/VehicleData/GRA-1735481f-4e50-472c-969d-54b9da64240d-5.jpg,https://www.grandemotors.co.nz/Motorcentral/VehicleData/GRA-1735481f-4e50-472c-969d-54b9da64240d-6.jpg,https://www.grandemotors.co.nz/Motorcentral/VehicleData/GRA-1735481f-4e50-472c-969d-54b9da64240d-7.jpg,https://www.grandemotors.co.nz/Motorcentral/VehicleData/GRA-1735481f-4e50-472c-969d-54b9da64240d-8.jpg,https://www.grandemotors.co.nz/Motorcentral/VehicleData/GRA-1735481f-4e50-472c-969d-54b9da64240d-9.jpg,https://www.grandemotors.co.nz/Motorcentral/VehicleData/GRA-1735481f-4e50-472c-969d-54b9da64240d-10.jpg,https://www.grandemotors.co.nz/Motorcentral/VehicleData/GRA-1735481f-4e50-472c-969d-54b9da64240d-11.jpg,https://www.grandemotors.co.nz/Motorcentral/VehicleData/GRA-1735481f-4e50-472c-969d-54b9da64240d-12.jpg,https://www.grandemotors.co.nz/Motorcentral/VehicleData/GRA-1735481f-4e50-472c-969d-54b9da64240d-13.jpg,https://www.grandemotors.co.nz/Motorcentral/VehicleData/GRA-1735481f-4e50-472c-969d-54b9da64240d-14.jpg,https://www.grandemotors.co.nz/Motorcentral/VehicleData/GRA-1735481f-4e50-472c-969d-54b9da64240d-15.jpg,https://www.grandemotors.co.nz/Motorcentral/VehicleData/GRA-1735481f-4e50-472c-969d-54b9da64240d-16.jpg,https://www.grandemotors.co.nz/Motorcentral/VehicleData/GRA-1735481f-4e50-472c-969d-54b9da64240d-17.jpg,https://www.grandemotors.co.nz/Motorcentral/VehicleData/GRA-1735481f-4e50-472c-969d-54b9da64240d-18.jpg",Nissan,"Vehicles & Parts > Vehicles > Cars, Trucks & Vans",2017,HATCHBACK,HYBRID,Automatic,Grande Motors
13273,2018 Nissan Note E-power.360 camera.Safety radar.Park sensors.Lane assist.,"Immobilizer. Parking sensors. Engine button start. PCS (Pre-Collision Sensor). LKA (Lane Keeping Assistance). 2018 Nissan Note E-Power Hybrid i Available from Grande Motors Ltd, East Tamaki, Auckland.",in stock,used,13900.00 NZD,https://www.grandemotors.co.nz/vehicle/2018-Nissan-Note/13273,https://www.grandemotors.co.nz/Motorcentral/VehicleData/GRA-994b5078-2803-4c42-8a61-704633d0a98f-1.jpg,"https://www.grandemotors.co.nz/Motorcentral/VehicleData/GRA-994b5078-2803-4c42-8a61-704633d0a98f-2.jpg,https://www.grandemotors.co.nz/Motorcentral/VehicleData/GRA-994b5078-2803-4c42-8a61-704633d0a98f-3.jpg,https://www.grandemotors.co.nz/Motorcentral/VehicleData/GRA-994b5078-2803-4c42-8a61-704633d0a98f-4.jpg,https://www.grandemotors.co.nz/Motorcentral/VehicleData/GRA-994b5078-2803-4c42-8a61-704633d0a98f-5.jpg,https://www.grandemotors.co.nz/Motorcentral/VehicleData/GRA-994b5078-2803-4c42-8a61-704633d0a98f-6.jpg,https://www.grandemotors.co.nz/Motorcentral/VehicleData/GRA-994b5078-2803-4c42-8a61-704633d0a98f-7.jpg,https://www.grandemotors.co.nz/Motorcentral/VehicleData/GRA-994b5078-2803-4c42-8a61-704633d0a98f-8.jpg,https://www.grandemotors.co.nz/Motorcentral/VehicleData/GRA-994b5078-2803-4c42-8a61-704633d0a98f-9.jpg,https://www.grandemotors.co.nz/Motorcentral/VehicleData/GRA-994b5078-2803-4c42-8a61-704633d0a98f-10.jpg,https://www.grandemotors.co.nz/Motorcentral/VehicleData/GRA-994b5078-2803-4c42-8a61-704633d0a98f-11.jpg,https://www.grandemotors.co.nz/Motorcentral/VehicleData/GRA-994b5078-2803-4c42-8a61-704633d0a98f-12.jpg,https://www.grandemotors.co.nz/Motorcentral/VehicleData/GRA-994b5078-2803-4c42-8a61-704633d0a98f-13.jpg,https://www.grandemotors.co.nz/Motorcentral/VehicleData/GRA-994b5078-2803-4c42-8a61-704633d0a98f-14.jpg,https://www.grandemotors.co.nz/Motorcentral/VehicleData/GRA-994b5078-2803-4c42-8a61-704633d0a98f-15.jpg,https://www.grandemotors.co.nz/Motorcentral/VehicleData/GRA-994b5078-2803-4c42-8a61-704633d0a98f-16.jpg,https://www.grandemotors.co.nz/Motorcentral/VehicleData/GRA-994b5078-2803-4c42-8a61-704633d0a98f-17.jpg,https://www.grandemotors.co.nz/Motorcentral/VehicleData/GRA-994b5078-2803-4c42-8a61-704633d0a98f-18.jpg,https://www.grandemotors.co.nz/Motorcentral/VehicleData/GRA-994b5078-2803-4c42-8a61-704633d0a98f-19.jpg",Nissan,"Vehicles & Parts > Vehicles > Cars, Trucks & Vans",2018,HATCHBACK,HYBRID,Automatic,Grande Motors
13327,2018 Nissan Note E-power.NISMO.360°camera.Lane assist.Safety radar.Park sensors.,"Immobilizer. Engine button start. PCS (Pre-Collision Sensor). LKA (Lane Keeping Assistance). 2018 Nissan Note E-Power NISMO in dark red colour w Available from Grande Motors Ltd, East Tamaki, Auckland.",in stock,used,16400.00 NZD,https://www.grandemotors.co.nz/vehicle/2018-Nissan-Note/13327,https://www.grandemotors.co.nz/Motorcentral/VehicleData/GRA-3c02db38-f94c-4afb-a29c-67e371bc5a9f-1.jpg,"https://www.grandemotors.co.nz/Motorcentral/VehicleData/GRA-3c02db38-f94c-4afb-a29c-67e371bc5a9f-2.jpg,https://www.grandemotors.co.nz/Motorcentral/VehicleData/GRA-3c02db38-f94c-4afb-a29c-67e371bc5a9f-3.jpg,https://www.grandemotors.co.nz/Motorcentral/VehicleData/GRA-3c02db38-f94c-4afb-a29c-67e371bc5a9f-4.jpg,https://www.grandemotors.co.nz/Motorcentral/VehicleData/GRA-3c02db38-f94c-4afb-a29c-67e371bc5a9f-5.jpg,https://www.grandemotors.co.nz/Motorcentral/VehicleData/GRA-3c02db38-f94c-4afb-a29c-67e371bc5a9f-6.jpg,https://www.grandemotors.co.nz/Motorcentral/VehicleData/GRA-3c02db38-f94c-4afb-a29c-67e371bc5a9f-7.jpg,https://www.grandemotors.co.nz/Motorcentral/VehicleData/GRA-3c02db38-f94c-4afb-a29c-67e371bc5a9f-8.jpg,https://www.grandemotors.co.nz/Motorcentral/VehicleData/GRA-3c02db38-f94c-4afb-a29c-67e371bc5a9f-9.jpg,https://www.grandemotors.co.nz/Motorcentral/VehicleData/GRA-3c02db38-f94c-4afb-a29c-67e371bc5a9f-10.jpg,https://www.grandemotors.co.nz/Motorcentral/VehicleData/GRA-3c02db38-f94c-4afb-a29c-67e371bc5a9f-11.jpg,https://www.grandemotors.co.nz/Motorcentral/VehicleData/GRA-3c02db38-f94c-4afb-a29c-67e371bc5a9f-12.jpg,https://www.grandemotors.co.nz/Motorcentral/VehicleData/GRA-3c02db38-f94c-4afb-a29c-67e371bc5a9f-13.jpg,https://www.grandemotors.co.nz/Motorcentral/VehicleData/GRA-3c02db38-f94c-4afb-a29c-67e371bc5a9f-14.jpg,https://www.grandemotors.co.nz/Motorcentral/VehicleData/GRA-3c02db38-f94c-4afb-a29c-67e371bc5a9f-15.jpg,https://www.grandemotors.co.nz/Motorcentral/VehicleData/GRA-3c02db38-f94c-4afb-a29c-67e371bc5a9f-16.jpg,https://www.grandemotors.co.nz/Motorcentral/VehicleData/GRA-3c02db38-f94c-4afb-a29c-67e371bc5a9f-17.jpg,https://www.grandemotors.co.nz/Motorcentral/VehicleData/GRA-3c02db38-f94c-4afb-a29c-67e371bc5a9f-18.jpg",Nissan,"Vehicles & Parts > Vehicles > Cars, Trucks & Vans",2018,HATCHBACK,HYBRID,Automatic,Grande Motors
13349,2018 Nissan Note E-power.360 camera.Safety radar.Park sensors.Lane assist.,"Immobilizer. Parking sensors. Engine button start. PCS (Pre-Collision Sensor). LKA (Lane Keeping Assistance). Alloy wheels with brand new tires. Available from Grande Motors Ltd, East Tamaki, Auckland.",in stock,used,12500.00 NZD,https://www.grandemotors.co.nz/vehicle/2018-Nissan-Note/13349,https://www.grandemotors.co.nz/Motorcentral/VehicleData/GRA-5499d1ac-cb32-4d29-b58f-bae31f888017-1.jpg,"https://www.grandemotors.co.nz/Motorcentral/VehicleData/GRA-5499d1ac-cb32-4d29-b58f-bae31f888017-2.jpg,https://www.grandemotors.co.nz/Motorcentral/VehicleData/GRA-5499d1ac-cb32-4d29-b58f-bae31f888017-3.jpg,https://www.grandemotors.co.nz/Motorcentral/VehicleData/GRA-5499d1ac-cb32-4d29-b58f-bae31f888017-4.jpg,https://www.grandemotors.co.nz/Motorcentral/VehicleData/GRA-5499d1ac-cb32-4d29-b58f-bae31f888017-5.jpg,https://www.grandemotors.co.nz/Motorcentral/VehicleData/GRA-5499d1ac-cb32-4d29-b58f-bae31f888017-6.jpg,https://www.grandemotors.co.nz/Motorcentral/VehicleData/GRA-5499d1ac-cb32-4d29-b58f-bae31f888017-7.jpg,https://www.grandemotors.co.nz/Motorcentral/VehicleData/GRA-5499d1ac-cb32-4d29-b58f-bae31f888017-8.jpg,https://www.grandemotors.co.nz/Motorcentral/VehicleData/GRA-5499d1ac-cb32-4d29-b58f-bae31f888017-9.jpg,https://www.grandemotors.co.nz/Motorcentral/VehicleData/GRA-5499d1ac-cb32-4d29-b58f-bae31f888017-10.jpg,https://www.grandemotors.co.nz/Motorcentral/VehicleData/GRA-5499d1ac-cb32-4d29-b58f-bae31f888017-11.jpg,https://www.grandemotors.co.nz/Motorcentral/VehicleData/GRA-5499d1ac-cb32-4d29-b58f-bae31f888017-12.jpg,https://www.grandemotors.co.nz/Motorcentral/VehicleData/GRA-5499d1ac-cb32-4d29-b58f-bae31f888017-13.jpg,https://www.grandemotors.co.nz/Motorcentral/VehicleData/GRA-5499d1ac-cb32-4d29-b58f-bae31f888017-14.jpg,https://www.grandemotors.co.nz/Motorcentral/VehicleData/GRA-5499d1ac-cb32-4d29-b58f-bae31f888017-15.jpg,https://www.grandemotors.co.nz/Motorcentral/VehicleData/GRA-5499d1ac-cb32-4d29-b58f-bae31f888017-16.jpg,https://www.grandemotors.co.nz/Motorcentral/VehicleData/GRA-5499d1ac-cb32-4d29-b58f-bae31f888017-17.jpg,https://www.grandemotors.co.nz/Motorcentral/VehicleData/GRA-5499d1ac-cb32-4d29-b58f-bae31f888017-18.jpg,https://www.grandemotors.co.nz/Motorcentral/VehicleData/GRA-5499d1ac-cb32-4d29-b58f-bae31f888017-19.jpg",Nissan,"Vehicles & Parts > Vehicles > Cars, Trucks & Vans",2018,HATCHBACK,HYBRID,Automatic,Grande Motors
13362,2018 Nissan Note E-power.Medalist.360°camera.Safety radar.Radar cruise.Alarm.,"CERTIFIED LOW KM. Immobilizer. Radar cruise. Parking sensors. Engine button start. PCS (Pre-Collision Sensor). LKA (Lane Keeping Assistance). Available from Grande Motors Ltd, East Tamaki, Auckland.",in stock,used,14900.00 NZD,https://www.grandemotors.co.nz/vehicle/2018-Nissan-Note/13362,https://www.grandemotors.co.nz/Motorcentral/VehicleData/GRA-d9ce203b-6d78-4144-9d25-c71daa0ca11c-1.jpg,"https://www.grandemotors.co.nz/Motorcentral/VehicleData/GRA-d9ce203b-6d78-4144-9d25-c71daa0ca11c-2.jpg,https://www.grandemotors.co.nz/Motorcentral/VehicleData/GRA-d9ce203b-6d78-4144-9d25-c71daa0ca11c-3.jpg,https://www.grandemotors.co.nz/Motorcentral/VehicleData/GRA-d9ce203b-6d78-4144-9d25-c71daa0ca11c-4.jpg,https://www.grandemotors.co.nz/Motorcentral/VehicleData/GRA-d9ce203b-6d78-4144-9d25-c71daa0ca11c-5.jpg,https://www.grandemotors.co.nz/Motorcentral/VehicleData/GRA-d9ce203b-6d78-4144-9d25-c71daa0ca11c-6.jpg,https://www.grandemotors.co.nz/Motorcentral/VehicleData/GRA-d9ce203b-6d78-4144-9d25-c71daa0ca11c-7.jpg,https://www.grandemotors.co.nz/Motorcentral/VehicleData/GRA-d9ce203b-6d78-4144-9d25-c71daa0ca11c-8.jpg,https://www.grandemotors.co.nz/Motorcentral/VehicleData/GRA-d9ce203b-6d78-4144-9d25-c71daa0ca11c-9.jpg,https://www.grandemotors.co.nz/Motorcentral/VehicleData/GRA-d9ce203b-6d78-4144-9d25-c71daa0ca11c-10.jpg,https://www.grandemotors.co.nz/Motorcentral/VehicleData/GRA-d9ce203b-6d78-4144-9d25-c71daa0ca11c-11.jpg,https://www.grandemotors.co.nz/Motorcentral/VehicleData/GRA-d9ce203b-6d78-4144-9d25-c71daa0ca11c-12.jpg,https://www.grandemotors.co.nz/Motorcentral/VehicleData/GRA-d9ce203b-6d78-4144-9d25-c71daa0ca11c-13.jpg,https://www.grandemotors.co.nz/Motorcentral/VehicleData/GRA-d9ce203b-6d78-4144-9d25-c71daa0ca11c-14.jpg,https://www.grandemotors.co.nz/Motorcentral/VehicleData/GRA-d9ce203b-6d78-4144-9d25-c71daa0ca11c-15.jpg,https://www.grandemotors.co.nz/Motorcentral/VehicleData/GRA-d9ce203b-6d78-4144-9d25-c71daa0ca11c-16.jpg,https://www.grandemotors.co.nz/Motorcentral/VehicleData/GRA-d9ce203b-6d78-4144-9d25-c71daa0ca11c-17.jpg,https://www.grandemotors.co.nz/Motorcentral/VehicleData/GRA-d9ce203b-6d78-4144-9d25-c71daa0ca11c-18.jpg,https://www.grandemotors.co.nz/Motorcentral/VehicleData/GRA-d9ce203b-6d78-4144-9d25-c71daa0ca11c-19.jpg,https://www.grandemotors.co.nz/Motorcentral/VehicleData/GRA-d9ce203b-6d78-4144-9d25-c71daa0ca11c-20.jpg",Nissan,"Vehicles & Parts > Vehicles > Cars, Trucks & Vans",2018,HATCHBACK,HYBRID,Automatic,Grande Motors
13484,2018 Nissan Note E-power.LED.Android/Apple CarPlay.360°camera.Safety radar.Park sensors.Lane assist.,"CERTIFIED LOW KM. Immobilizer. Parking sensors. Engine button start. PCS (Pre-Collision Sensor). LKA (Lane Keeping Assistance). Android/Appl Available from Grande Motors Ltd, East Tamaki, Auckland.",in stock,used,12700.00 NZD,https://www.grandemotors.co.nz/vehicle/2018-Nissan-Note/13484,https://www.grandemotors.co.nz/Motorcentral/VehicleData/GRA-e971879a-93f1-47f3-8e7c-37efac7ee9fa-1.jpg,"https://www.grandemotors.co.nz/Motorcentral/VehicleData/GRA-e971879a-93f1-47f3-8e7c-37efac7ee9fa-2.jpg,https://www.grandemotors.co.nz/Motorcentral/VehicleData/GRA-e971879a-93f1-47f3-8e7c-37efac7ee9fa-3.jpg,https://www.grandemotors.co.nz/Motorcentral/VehicleData/GRA-e971879a-93f1-47f3-8e7c-37efac7ee9fa-4.jpg,https://www.grandemotors.co.nz/Motorcentral/VehicleData/GRA-e971879a-93f1-47f3-8e7c-37efac7ee9fa-5.jpg,https://www.grandemotors.co.nz/Motorcentral/VehicleData/GRA-e971879a-93f1-47f3-8e7c-37efac7ee9fa-6.jpg,https://www.grandemotors.co.nz/Motorcentral/VehicleData/GRA-e971879a-93f1-47f3-8e7c-37efac7ee9fa-7.jpg,https://www.grandemotors.co.nz/Motorcentral/VehicleData/GRA-e971879a-93f1-47f3-8e7c-37efac7ee9fa-8.jpg,https://www.grandemotors.co.nz/Motorcentral/VehicleData/GRA-e971879a-93f1-47f3-8e7c-37efac7ee9fa-9.jpg,https://www.grandemotors.co.nz/Motorcentral/VehicleData/GRA-e971879a-93f1-47f3-8e7c-37efac7ee9fa-10.jpg,https://www.grandemotors.co.nz/Motorcentral/VehicleData/GRA-e971879a-93f1-47f3-8e7c-37efac7ee9fa-11.jpg,https://www.grandemotors.co.nz/Motorcentral/VehicleData/GRA-e971879a-93f1-47f3-8e7c-37efac7ee9fa-12.jpg,https://www.grandemotors.co.nz/Motorcentral/VehicleData/GRA-e971879a-93f1-47f3-8e7c-37efac7ee9fa-13.jpg,https://www.grandemotors.co.nz/Motorcentral/VehicleData/GRA-e971879a-93f1-47f3-8e7c-37efac7ee9fa-14.jpg,https://www.grandemotors.co.nz/Motorcentral/VehicleData/GRA-e971879a-93f1-47f3-8e7c-37efac7ee9fa-15.jpg,https://www.grandemotors.co.nz/Motorcentral/VehicleData/GRA-e971879a-93f1-47f3-8e7c-37efac7ee9fa-16.jpg,https://www.grandemotors.co.nz/Motorcentral/VehicleData/GRA-e971879a-93f1-47f3-8e7c-37efac7ee9fa-17.jpg,https://www.grandemotors.co.nz/Motorcentral/VehicleData/GRA-e971879a-93f1-47f3-8e7c-37efac7ee9fa-18.jpg,https://www.grandemotors.co.nz/Motorcentral/VehicleData/GRA-e971879a-93f1-47f3-8e7c-37efac7ee9fa-19.jpg",Nissan,"Vehicles & Parts > Vehicles > Cars, Trucks & Vans",2018,HATCHBACK,HYBRID,Automatic,Grande Motors
13329,2019 Nissan Note E-power.Rear camera.Lane assist.Safety radar.Park sensors.Button start.,"Immobilizer. Parking sensors. Engine button start. PCS (Pre-Collision Sensor). LKA (Lane Keeping Assistance). 2019 Nissan Note E-Power Hybrid i Available from Grande Motors Ltd, East Tamaki, Auckland.",in stock,used,13600.00 NZD,https://www.grandemotors.co.nz/vehicle/2019-Nissan-Note/13329,https://www.grandemotors.co.nz/Motorcentral/VehicleData/GRA-96e18db8-9525-4aeb-8d4d-c8674732784e-1.jpg,"https://www.grandemotors.co.nz/Motorcentral/VehicleData/GRA-96e18db8-9525-4aeb-8d4d-c8674732784e-2.jpg,https://www.grandemotors.co.nz/Motorcentral/VehicleData/GRA-96e18db8-9525-4aeb-8d4d-c8674732784e-3.jpg,https://www.grandemotors.co.nz/Motorcentral/VehicleData/GRA-96e18db8-9525-4aeb-8d4d-c8674732784e-4.jpg,https://www.grandemotors.co.nz/Motorcentral/VehicleData/GRA-96e18db8-9525-4aeb-8d4d-c8674732784e-5.jpg,https://www.grandemotors.co.nz/Motorcentral/VehicleData/GRA-96e18db8-9525-4aeb-8d4d-c8674732784e-6.jpg,https://www.grandemotors.co.nz/Motorcentral/VehicleData/GRA-96e18db8-9525-4aeb-8d4d-c8674732784e-7.jpg,https://www.grandemotors.co.nz/Motorcentral/VehicleData/GRA-96e18db8-9525-4aeb-8d4d-c8674732784e-8.jpg,https://www.grandemotors.co.nz/Motorcentral/VehicleData/GRA-96e18db8-9525-4aeb-8d4d-c8674732784e-9.jpg,https://www.grandemotors.co.nz/Motorcentral/VehicleData/GRA-96e18db8-9525-4aeb-8d4d-c8674732784e-10.jpg,https://www.grandemotors.co.nz/Motorcentral/VehicleData/GRA-96e18db8-9525-4aeb-8d4d-c8674732784e-11.jpg,https://www.grandemotors.co.nz/Motorcentral/VehicleData/GRA-96e18db8-9525-4aeb-8d4d-c8674732784e-12.jpg,https://www.grandemotors.co.nz/Motorcentral/VehicleData/GRA-96e18db8-9525-4aeb-8d4d-c8674732784e-13.jpg,https://www.grandemotors.co.nz/Motorcentral/VehicleData/GRA-96e18db8-9525-4aeb-8d4d-c8674732784e-14.jpg,https://www.grandemotors.co.nz/Motorcentral/VehicleData/GRA-96e18db8-9525-4aeb-8d4d-c8674732784e-15.jpg,https://www.grandemotors.co.nz/Motorcentral/VehicleData/GRA-96e18db8-9525-4aeb-8d4d-c8674732784e-16.jpg,https://www.grandemotors.co.nz/Motorcentral/VehicleData/GRA-96e18db8-9525-4aeb-8d4d-c8674732784e-17.jpg",Nissan,"Vehicles & Parts > Vehicles > Cars, Trucks & Vans",2019,HATCHBACK,HYBRID,Automatic,Grande Motors
13285,2020 Nissan Note E-power.360°camera.Lane assist.Safety radar.Park sensors.Button start.,"Immobilizer. Parking sensors. Engine button start. PCS (Pre-Collision Sensor). LKA (Lane Keeping Assistance). Surrounding rooftop (360°) camera. Available from Grande Motors Ltd, East Tamaki, Auckland.",in stock,used,13400.00 NZD,https://www.grandemotors.co.nz/vehicle/2020-Nissan-Note/13285,https://www.grandemotors.co.nz/Motorcentral/VehicleData/GRA-0ee89216-2a8a-4467-9796-91e85b8935a7-1.jpg,"https://www.grandemotors.co.nz/Motorcentral/VehicleData/GRA-0ee89216-2a8a-4467-9796-91e85b8935a7-2.jpg,https://www.grandemotors.co.nz/Motorcentral/VehicleData/GRA-0ee89216-2a8a-4467-9796-91e85b8935a7-3.jpg,https://www.grandemotors.co.nz/Motorcentral/VehicleData/GRA-0ee89216-2a8a-4467-9796-91e85b8935a7-4.jpg,https://www.grandemotors.co.nz/Motorcentral/VehicleData/GRA-0ee89216-2a8a-4467-9796-91e85b8935a7-5.jpg,https://www.grandemotors.co.nz/Motorcentral/VehicleData/GRA-0ee89216-2a8a-4467-9796-91e85b8935a7-6.jpg,https://www.grandemotors.co.nz/Motorcentral/VehicleData/GRA-0ee89216-2a8a-4467-9796-91e85b8935a7-7.jpg,https://www.grandemotors.co.nz/Motorcentral/VehicleData/GRA-0ee89216-2a8a-4467-9796-91e85b8935a7-8.jpg,https://www.grandemotors.co.nz/Motorcentral/VehicleData/GRA-0ee89216-2a8a-4467-9796-91e85b8935a7-9.jpg,https://www.grandemotors.co.nz/Motorcentral/VehicleData/GRA-0ee89216-2a8a-4467-9796-91e85b8935a7-10.jpg,https://www.grandemotors.co.nz/Motorcentral/VehicleData/GRA-0ee89216-2a8a-4467-9796-91e85b8935a7-11.jpg,https://www.grandemotors.co.nz/Motorcentral/VehicleData/GRA-0ee89216-2a8a-4467-9796-91e85b8935a7-12.jpg,https://www.grandemotors.co.nz/Motorcentral/VehicleData/GRA-0ee89216-2a8a-4467-9796-91e85b8935a7-13.jpg,https://www.grandemotors.co.nz/Motorcentral/VehicleData/GRA-0ee89216-2a8a-4467-9796-91e85b8935a7-14.jpg,https://www.grandemotors.co.nz/Motorcentral/VehicleData/GRA-0ee89216-2a8a-4467-9796-91e85b8935a7-15.jpg,https://www.grandemotors.co.nz/Motorcentral/VehicleData/GRA-0ee89216-2a8a-4467-9796-91e85b8935a7-16.jpg,https://www.grandemotors.co.nz/Motorcentral/VehicleData/GRA-0ee89216-2a8a-4467-9796-91e85b8935a7-17.jpg,https://www.grandemotors.co.nz/Motorcentral/VehicleData/GRA-0ee89216-2a8a-4467-9796-91e85b8935a7-18.jpg,https://www.grandemotors.co.nz/Motorcentral/VehicleData/GRA-0ee89216-2a8a-4467-9796-91e85b8935a7-19.jpg,https://www.grandemotors.co.nz/Motorcentral/VehicleData/GRA-0ee89216-2a8a-4467-9796-91e85b8935a7-20.jpg",Nissan,"Vehicles & Parts > Vehicles > Cars, Trucks & Vans",2020,HATCHBACK,HYBRID,Automatic,Grande Motors
13332,2020 Nissan Note E-power.Rear camera.Lane assist.Safety radar.Park sensors.Button start.,"Immobilizer. Parking sensors. Engine button start. PCS (Pre-Collision Sensor). LKA (Lane Keeping Assistance). 2020 Nissan Note E-Power Hybrid i Available from Grande Motors Ltd, East Tamaki, Auckland.",in stock,used,13800.00 NZD,https://www.grandemotors.co.nz/vehicle/2020-Nissan-Note/13332,https://www.grandemotors.co.nz/Motorcentral/VehicleData/GRA-ca3cf178-2285-4a63-abac-dedb76c48609-1.jpg,"https://www.grandemotors.co.nz/Motorcentral/VehicleData/GRA-ca3cf178-2285-4a63-abac-dedb76c48609-2.jpg,https://www.grandemotors.co.nz/Motorcentral/VehicleData/GRA-ca3cf178-2285-4a63-abac-dedb76c48609-3.jpg,https://www.grandemotors.co.nz/Motorcentral/VehicleData/GRA-ca3cf178-2285-4a63-abac-dedb76c48609-4.jpg,https://www.grandemotors.co.nz/Motorcentral/VehicleData/GRA-ca3cf178-2285-4a63-abac-dedb76c48609-5.jpg,https://www.grandemotors.co.nz/Motorcentral/VehicleData/GRA-ca3cf178-2285-4a63-abac-dedb76c48609-6.jpg,https://www.grandemotors.co.nz/Motorcentral/VehicleData/GRA-ca3cf178-2285-4a63-abac-dedb76c48609-7.jpg,https://www.grandemotors.co.nz/Motorcentral/VehicleData/GRA-ca3cf178-2285-4a63-abac-dedb76c48609-8.jpg,https://www.grandemotors.co.nz/Motorcentral/VehicleData/GRA-ca3cf178-2285-4a63-abac-dedb76c48609-9.jpg,https://www.grandemotors.co.nz/Motorcentral/VehicleData/GRA-ca3cf178-2285-4a63-abac-dedb76c48609-10.jpg,https://www.grandemotors.co.nz/Motorcentral/VehicleData/GRA-ca3cf178-2285-4a63-abac-dedb76c48609-11.jpg,https://www.grandemotors.co.nz/Motorcentral/VehicleData/GRA-ca3cf178-2285-4a63-abac-dedb76c48609-12.jpg,https://www.grandemotors.co.nz/Motorcentral/VehicleData/GRA-ca3cf178-2285-4a63-abac-dedb76c48609-13.jpg,https://www.grandemotors.co.nz/Motorcentral/VehicleData/GRA-ca3cf178-2285-4a63-abac-dedb76c48609-14.jpg,https://www.grandemotors.co.nz/Motorcentral/VehicleData/GRA-ca3cf178-2285-4a63-abac-dedb76c48609-15.jpg,https://www.grandemotors.co.nz/Motorcentral/VehicleData/GRA-ca3cf178-2285-4a63-abac-dedb76c48609-16.jpg,https://www.grandemotors.co.nz/Motorcentral/VehicleData/GRA-ca3cf178-2285-4a63-abac-dedb76c48609-17.jpg",Nissan,"Vehicles & Parts > Vehicles > Cars, Trucks & Vans",2020,HATCHBACK,HYBRID,Automatic,Grande Motors
13401,2020 Nissan Note E-power.NISMO.Lane assist.Safety radar.Park sensors.,"Alarm. Immobilizer. Engine button start. PCS (Pre-Collision Sensor). LKA (Lane Keeping Assistance). 2020 Nissan Note E-Power NISMO in white col Available from Grande Motors Ltd, East Tamaki, Auckland.",in stock,used,16600.00 NZD,https://www.grandemotors.co.nz/vehicle/2020-Nissan-Note/13401,https://www.grandemotors.co.nz/Motorcentral/VehicleData/GRA-1da6a6fd-e1f3-4d3c-9209-be1b3496219d-1.jpg,"https://www.grandemotors.co.nz/Motorcentral/VehicleData/GRA-1da6a6fd-e1f3-4d3c-9209-be1b3496219d-2.jpg,https://www.grandemotors.co.nz/Motorcentral/VehicleData/GRA-1da6a6fd-e1f3-4d3c-9209-be1b3496219d-3.jpg,https://www.grandemotors.co.nz/Motorcentral/VehicleData/GRA-1da6a6fd-e1f3-4d3c-9209-be1b3496219d-4.jpg,https://www.grandemotors.co.nz/Motorcentral/VehicleData/GRA-1da6a6fd-e1f3-4d3c-9209-be1b3496219d-5.jpg,https://www.grandemotors.co.nz/Motorcentral/VehicleData/GRA-1da6a6fd-e1f3-4d3c-9209-be1b3496219d-6.jpg,https://www.grandemotors.co.nz/Motorcentral/VehicleData/GRA-1da6a6fd-e1f3-4d3c-9209-be1b3496219d-7.jpg,https://www.grandemotors.co.nz/Motorcentral/VehicleData/GRA-1da6a6fd-e1f3-4d3c-9209-be1b3496219d-8.jpg,https://www.grandemotors.co.nz/Motorcentral/VehicleData/GRA-1da6a6fd-e1f3-4d3c-9209-be1b3496219d-9.jpg,https://www.grandemotors.co.nz/Motorcentral/VehicleData/GRA-1da6a6fd-e1f3-4d3c-9209-be1b3496219d-10.jpg,https://www.grandemotors.co.nz/Motorcentral/VehicleData/GRA-1da6a6fd-e1f3-4d3c-9209-be1b3496219d-11.jpg,https://www.grandemotors.co.nz/Motorcentral/VehicleData/GRA-1da6a6fd-e1f3-4d3c-9209-be1b3496219d-12.jpg,https://www.grandemotors.co.nz/Motorcentral/VehicleData/GRA-1da6a6fd-e1f3-4d3c-9209-be1b3496219d-13.jpg,https://www.grandemotors.co.nz/Motorcentral/VehicleData/GRA-1da6a6fd-e1f3-4d3c-9209-be1b3496219d-14.jpg,https://www.grandemotors.co.nz/Motorcentral/VehicleData/GRA-1da6a6fd-e1f3-4d3c-9209-be1b3496219d-15.jpg,https://www.grandemotors.co.nz/Motorcentral/VehicleData/GRA-1da6a6fd-e1f3-4d3c-9209-be1b3496219d-16.jpg,https://www.grandemotors.co.nz/Motorcentral/VehicleData/GRA-1da6a6fd-e1f3-4d3c-9209-be1b3496219d-17.jpg,https://www.grandemotors.co.nz/Motorcentral/VehicleData/GRA-1da6a6fd-e1f3-4d3c-9209-be1b3496219d-18.jpg,https://www.grandemotors.co.nz/Motorcentral/VehicleData/GRA-1da6a6fd-e1f3-4d3c-9209-be1b3496219d-19.jpg",Nissan,"Vehicles & Parts > Vehicles > Cars, Trucks & Vans",2020,HATCHBACK,HYBRID,Automatic,Grande Motors
13252,2021 Nissan Note E-power.360°camera.Blind spot.Lane assist.Safety radar.Park sensors.,"Immobilizer. Parking sensors. Engine button start. PCS (Pre-Collision Sensor). LKA (Lane Keeping Assistance). Surrounding (360°) camera/Reversing Available from Grande Motors Ltd, East Tamaki, Auckland.",in stock,used,15800.00 NZD,https://www.grandemotors.co.nz/vehicle/2021-Nissan-Note/13252,https://www.grandemotors.co.nz/Motorcentral/VehicleData/GRA-fd12d0d4-b9cf-4cf3-9343-d3dba99e7a8f-1.jpg,"https://www.grandemotors.co.nz/Motorcentral/VehicleData/GRA-fd12d0d4-b9cf-4cf3-9343-d3dba99e7a8f-2.jpg,https://www.grandemotors.co.nz/Motorcentral/VehicleData/GRA-fd12d0d4-b9cf-4cf3-9343-d3dba99e7a8f-3.jpg,https://www.grandemotors.co.nz/Motorcentral/VehicleData/GRA-fd12d0d4-b9cf-4cf3-9343-d3dba99e7a8f-4.jpg,https://www.grandemotors.co.nz/Motorcentral/VehicleData/GRA-fd12d0d4-b9cf-4cf3-9343-d3dba99e7a8f-5.jpg,https://www.grandemotors.co.nz/Motorcentral/VehicleData/GRA-fd12d0d4-b9cf-4cf3-9343-d3dba99e7a8f-6.jpg,https://www.grandemotors.co.nz/Motorcentral/VehicleData/GRA-fd12d0d4-b9cf-4cf3-9343-d3dba99e7a8f-7.jpg,https://www.grandemotors.co.nz/Motorcentral/VehicleData/GRA-fd12d0d4-b9cf-4cf3-9343-d3dba99e7a8f-8.jpg,https://www.grandemotors.co.nz/Motorcentral/VehicleData/GRA-fd12d0d4-b9cf-4cf3-9343-d3dba99e7a8f-9.jpg,https://www.grandemotors.co.nz/Motorcentral/VehicleData/GRA-fd12d0d4-b9cf-4cf3-9343-d3dba99e7a8f-10.jpg,https://www.grandemotors.co.nz/Motorcentral/VehicleData/GRA-fd12d0d4-b9cf-4cf3-9343-d3dba99e7a8f-11.jpg,https://www.grandemotors.co.nz/Motorcentral/VehicleData/GRA-fd12d0d4-b9cf-4cf3-9343-d3dba99e7a8f-12.jpg,https://www.grandemotors.co.nz/Motorcentral/VehicleData/GRA-fd12d0d4-b9cf-4cf3-9343-d3dba99e7a8f-13.jpg,https://www.grandemotors.co.nz/Motorcentral/VehicleData/GRA-fd12d0d4-b9cf-4cf3-9343-d3dba99e7a8f-14.jpg,https://www.grandemotors.co.nz/Motorcentral/VehicleData/GRA-fd12d0d4-b9cf-4cf3-9343-d3dba99e7a8f-15.jpg,https://www.grandemotors.co.nz/Motorcentral/VehicleData/GRA-fd12d0d4-b9cf-4cf3-9343-d3dba99e7a8f-16.jpg,https://www.grandemotors.co.nz/Motorcentral/VehicleData/GRA-fd12d0d4-b9cf-4cf3-9343-d3dba99e7a8f-17.jpg,https://www.grandemotors.co.nz/Motorcentral/VehicleData/GRA-fd12d0d4-b9cf-4cf3-9343-d3dba99e7a8f-18.jpg,https://www.grandemotors.co.nz/Motorcentral/VehicleData/GRA-fd12d0d4-b9cf-4cf3-9343-d3dba99e7a8f-19.jpg",Nissan,"Vehicles & Parts > Vehicles > Cars, Trucks & Vans",2021,HATCHBACK,HYBRID,Automatic,Grande Motors
13363,2021 Nissan Note E-power.LED.360°camera.Blind spot.Lane assist.Safety radar.Park sens.,"Immobilizer. Parking sensors. Engine button start. PCS (Pre-Collision Sensor). BSM (Blind Spot Monitoring). LKA (Lane Keeping Assistance). 202 Available from Grande Motors Ltd, East Tamaki, Auckland.",in stock,used,16900.00 NZD,https://www.grandemotors.co.nz/vehicle/2021-Nissan-Note/13363,https://www.grandemotors.co.nz/Motorcentral/VehicleData/GRA-3d39a777-1bd0-4060-a144-990c8a304c74-1.jpg,"https://www.grandemotors.co.nz/Motorcentral/VehicleData/GRA-3d39a777-1bd0-4060-a144-990c8a304c74-2.jpg,https://www.grandemotors.co.nz/Motorcentral/VehicleData/GRA-3d39a777-1bd0-4060-a144-990c8a304c74-3.jpg,https://www.grandemotors.co.nz/Motorcentral/VehicleData/GRA-3d39a777-1bd0-4060-a144-990c8a304c74-4.jpg,https://www.grandemotors.co.nz/Motorcentral/VehicleData/GRA-3d39a777-1bd0-4060-a144-990c8a304c74-5.jpg,https://www.grandemotors.co.nz/Motorcentral/VehicleData/GRA-3d39a777-1bd0-4060-a144-990c8a304c74-6.jpg,https://www.grandemotors.co.nz/Motorcentral/VehicleData/GRA-3d39a777-1bd0-4060-a144-990c8a304c74-7.jpg,https://www.grandemotors.co.nz/Motorcentral/VehicleData/GRA-3d39a777-1bd0-4060-a144-990c8a304c74-8.jpg,https://www.grandemotors.co.nz/Motorcentral/VehicleData/GRA-3d39a777-1bd0-4060-a144-990c8a304c74-9.jpg,https://www.grandemotors.co.nz/Motorcentral/VehicleData/GRA-3d39a777-1bd0-4060-a144-990c8a304c74-10.jpg,https://www.grandemotors.co.nz/Motorcentral/VehicleData/GRA-3d39a777-1bd0-4060-a144-990c8a304c74-11.jpg,https://www.grandemotors.co.nz/Motorcentral/VehicleData/GRA-3d39a777-1bd0-4060-a144-990c8a304c74-12.jpg,https://www.grandemotors.co.nz/Motorcentral/VehicleData/GRA-3d39a777-1bd0-4060-a144-990c8a304c74-13.jpg,https://www.grandemotors.co.nz/Motorcentral/VehicleData/GRA-3d39a777-1bd0-4060-a144-990c8a304c74-14.jpg,https://www.grandemotors.co.nz/Motorcentral/VehicleData/GRA-3d39a777-1bd0-4060-a144-990c8a304c74-15.jpg,https://www.grandemotors.co.nz/Motorcentral/VehicleData/GRA-3d39a777-1bd0-4060-a144-990c8a304c74-16.jpg,https://www.grandemotors.co.nz/Motorcentral/VehicleData/GRA-3d39a777-1bd0-4060-a144-990c8a304c74-17.jpg,https://www.grandemotors.co.nz/Motorcentral/VehicleData/GRA-3d39a777-1bd0-4060-a144-990c8a304c74-18.jpg,https://www.grandemotors.co.nz/Motorcentral/VehicleData/GRA-3d39a777-1bd0-4060-a144-990c8a304c74-19.jpg",Nissan,"Vehicles & Parts > Vehicles > Cars, Trucks & Vans",2021,HATCHBACK,HYBRID,Automatic,Grande Motors
12007,2022 Nissan Note E-power.Rear camera.Lane assist.Safety radar.Park sensors.Button start.,"AUCTION GRADE 4,5B. Immobilizer. Engine button start. LKA (Lane Keeping Assistance). 2022 Nissan Note E-Power Hybrid in Pearl White colour wit Available from Grande Motors Ltd, East Tamaki, Auckland.",in stock,used,16890.00 NZD,https://www.grandemotors.co.nz/vehicle/2022-Nissan-Note/12007,https://www.grandemotors.co.nz/Motorcentral/VehicleData/GRA-a3cf019d-b054-469d-998e-700a95eec292-1.jpg,"https://www.grandemotors.co.nz/Motorcentral/VehicleData/GRA-a3cf019d-b054-469d-998e-700a95eec292-2.jpg,https://www.grandemotors.co.nz/Motorcentral/VehicleData/GRA-a3cf019d-b054-469d-998e-700a95eec292-3.jpg,https://www.grandemotors.co.nz/Motorcentral/VehicleData/GRA-a3cf019d-b054-469d-998e-700a95eec292-4.jpg,https://www.grandemotors.co.nz/Motorcentral/VehicleData/GRA-a3cf019d-b054-469d-998e-700a95eec292-5.jpg,https://www.grandemotors.co.nz/Motorcentral/VehicleData/GRA-a3cf019d-b054-469d-998e-700a95eec292-6.jpg,https://www.grandemotors.co.nz/Motorcentral/VehicleData/GRA-a3cf019d-b054-469d-998e-700a95eec292-7.jpg,https://www.grandemotors.co.nz/Motorcentral/VehicleData/GRA-a3cf019d-b054-469d-998e-700a95eec292-8.jpg,https://www.grandemotors.co.nz/Motorcentral/VehicleData/GRA-a3cf019d-b054-469d-998e-700a95eec292-9.jpg,https://www.grandemotors.co.nz/Motorcentral/VehicleData/GRA-a3cf019d-b054-469d-998e-700a95eec292-10.jpg,https://www.grandemotors.co.nz/Motorcentral/VehicleData/GRA-a3cf019d-b054-469d-998e-700a95eec292-11.jpg,https://www.grandemotors.co.nz/Motorcentral/VehicleData/GRA-a3cf019d-b054-469d-998e-700a95eec292-12.jpg,https://www.grandemotors.co.nz/Motorcentral/VehicleData/GRA-a3cf019d-b054-469d-998e-700a95eec292-13.jpg,https://www.grandemotors.co.nz/Motorcentral/VehicleData/GRA-a3cf019d-b054-469d-998e-700a95eec292-14.jpg,https://www.grandemotors.co.nz/Motorcentral/VehicleData/GRA-a3cf019d-b054-469d-998e-700a95eec292-15.jpg,https://www.grandemotors.co.nz/Motorcentral/VehicleData/GRA-a3cf019d-b054-469d-998e-700a95eec292-16.jpg,https://www.grandemotors.co.nz/Motorcentral/VehicleData/GRA-a3cf019d-b054-469d-998e-700a95eec292-17.jpg,https://www.grandemotors.co.nz/Motorcentral/VehicleData/GRA-a3cf019d-b054-469d-998e-700a95eec292-18.jpg,https://www.grandemotors.co.nz/Motorcentral/VehicleData/GRA-a3cf019d-b054-469d-998e-700a95eec292-19.jpg",Nissan,"Vehicles & Parts > Vehicles > Cars, Trucks & Vans",2022,HATCHBACK,HYBRID,Automatic,Grande Motors
12008,2022 Nissan Note E-power.Rear camera.Lane assist.Safety radar.Park sensors.Button start.,"Immobilizer. Engine button start. PCS (Pre-Collision Sensor). LKA (Lane Keeping Assistance). 2022 Nissan Note E-Power Hybrid in Pearl White colo Available from Grande Motors Ltd, East Tamaki, Auckland.",in stock,used,16890.00 NZD,https://www.grandemotors.co.nz/vehicle/2022-Nissan-Note/12008,https://www.grandemotors.co.nz/Motorcentral/VehicleData/GRA-76d8e5ea-177a-4330-8b38-9964272270aa-1.jpg,"https://www.grandemotors.co.nz/Motorcentral/VehicleData/GRA-76d8e5ea-177a-4330-8b38-9964272270aa-2.jpg,https://www.grandemotors.co.nz/Motorcentral/VehicleData/GRA-76d8e5ea-177a-4330-8b38-9964272270aa-3.jpg,https://www.grandemotors.co.nz/Motorcentral/VehicleData/GRA-76d8e5ea-177a-4330-8b38-9964272270aa-4.jpg,https://www.grandemotors.co.nz/Motorcentral/VehicleData/GRA-76d8e5ea-177a-4330-8b38-9964272270aa-5.jpg,https://www.grandemotors.co.nz/Motorcentral/VehicleData/GRA-76d8e5ea-177a-4330-8b38-9964272270aa-6.jpg,https://www.grandemotors.co.nz/Motorcentral/VehicleData/GRA-76d8e5ea-177a-4330-8b38-9964272270aa-7.jpg,https://www.grandemotors.co.nz/Motorcentral/VehicleData/GRA-76d8e5ea-177a-4330-8b38-9964272270aa-8.jpg,https://www.grandemotors.co.nz/Motorcentral/VehicleData/GRA-76d8e5ea-177a-4330-8b38-9964272270aa-9.jpg,https://www.grandemotors.co.nz/Motorcentral/VehicleData/GRA-76d8e5ea-177a-4330-8b38-9964272270aa-10.jpg,https://www.grandemotors.co.nz/Motorcentral/VehicleData/GRA-76d8e5ea-177a-4330-8b38-9964272270aa-11.jpg,https://www.grandemotors.co.nz/Motorcentral/VehicleData/GRA-76d8e5ea-177a-4330-8b38-9964272270aa-12.jpg,https://www.grandemotors.co.nz/Motorcentral/VehicleData/GRA-76d8e5ea-177a-4330-8b38-9964272270aa-13.jpg,https://www.grandemotors.co.nz/Motorcentral/VehicleData/GRA-76d8e5ea-177a-4330-8b38-9964272270aa-14.jpg,https://www.grandemotors.co.nz/Motorcentral/VehicleData/GRA-76d8e5ea-177a-4330-8b38-9964272270aa-15.jpg,https://www.grandemotors.co.nz/Motorcentral/VehicleData/GRA-76d8e5ea-177a-4330-8b38-9964272270aa-16.jpg,https://www.grandemotors.co.nz/Motorcentral/VehicleData/GRA-76d8e5ea-177a-4330-8b38-9964272270aa-17.jpg,https://www.grandemotors.co.nz/Motorcentral/VehicleData/GRA-76d8e5ea-177a-4330-8b38-9964272270aa-18.jpg,https://www.grandemotors.co.nz/Motorcentral/VehicleData/GRA-76d8e5ea-177a-4330-8b38-9964272270aa-19.jpg,https://www.grandemotors.co.nz/Motorcentral/VehicleData/GRA-76d8e5ea-177a-4330-8b38-9964272270aa-20.jpg",Nissan,"Vehicles & Parts > Vehicles > Cars, Trucks & Vans",2022,HATCHBACK,HYBRID,Automatic,Grande Motors
13226,2023 Nissan Note E-power.Rear camera.Lane assist.Safety radar.Park sensors.Button start.,"Immobilizer. Engine button start. BSM (Blind Spot Monitoring). LKA (Lane Keeping Assistance). 2023 Nissan Note E-Power in silver colour with dar Available from Grande Motors Ltd, East Tamaki, Auckland.",in stock,used,17900.00 NZD,https://www.grandemotors.co.nz/vehicle/2023-Nissan-Note/13226,https://www.grandemotors.co.nz/Motorcentral/VehicleData/GRA-44b5ff42-dde6-440d-b4eb-0519897c4198-1.jpg,"https://www.grandemotors.co.nz/Motorcentral/VehicleData/GRA-44b5ff42-dde6-440d-b4eb-0519897c4198-2.jpg,https://www.grandemotors.co.nz/Motorcentral/VehicleData/GRA-44b5ff42-dde6-440d-b4eb-0519897c4198-3.jpg,https://www.grandemotors.co.nz/Motorcentral/VehicleData/GRA-44b5ff42-dde6-440d-b4eb-0519897c4198-4.jpg,https://www.grandemotors.co.nz/Motorcentral/VehicleData/GRA-44b5ff42-dde6-440d-b4eb-0519897c4198-5.jpg,https://www.grandemotors.co.nz/Motorcentral/VehicleData/GRA-44b5ff42-dde6-440d-b4eb-0519897c4198-6.jpg,https://www.grandemotors.co.nz/Motorcentral/VehicleData/GRA-44b5ff42-dde6-440d-b4eb-0519897c4198-7.jpg,https://www.grandemotors.co.nz/Motorcentral/VehicleData/GRA-44b5ff42-dde6-440d-b4eb-0519897c4198-8.jpg,https://www.grandemotors.co.nz/Motorcentral/VehicleData/GRA-44b5ff42-dde6-440d-b4eb-0519897c4198-9.jpg,https://www.grandemotors.co.nz/Motorcentral/VehicleData/GRA-44b5ff42-dde6-440d-b4eb-0519897c4198-10.jpg,https://www.grandemotors.co.nz/Motorcentral/VehicleData/GRA-44b5ff42-dde6-440d-b4eb-0519897c4198-11.jpg,https://www.grandemotors.co.nz/Motorcentral/VehicleData/GRA-44b5ff42-dde6-440d-b4eb-0519897c4198-12.jpg,https://www.grandemotors.co.nz/Motorcentral/VehicleData/GRA-44b5ff42-dde6-440d-b4eb-0519897c4198-13.jpg,https://www.grandemotors.co.nz/Motorcentral/VehicleData/GRA-44b5ff42-dde6-440d-b4eb-0519897c4198-14.jpg,https://www.grandemotors.co.nz/Motorcentral/VehicleData/GRA-44b5ff42-dde6-440d-b4eb-0519897c4198-15.jpg,https://www.grandemotors.co.nz/Motorcentral/VehicleData/GRA-44b5ff42-dde6-440d-b4eb-0519897c4198-16.jpg",Nissan,"Vehicles & Parts > Vehicles > Cars, Trucks & Vans",2023,HATCHBACK,HYBRID,Automatic,Grande Motors
12681,2014 Nissan Serena Hybrid.Highway Star.Safety radar.Lane assist.Rear cam.Cruise control.,"Immobilizer. Engine button start. RCC (Radar Cruise Control). Both electric sliding doors. Pro-PILOT Assist gives you a hand - helping keep you Available from Grande Motors Ltd, East Tamaki, Auckland.",in stock,used,8980.00 NZD,https://www.grandemotors.co.nz/vehicle/2014-Nissan-Serena/12681,https://www.grandemotors.co.nz/Motorcentral/VehicleData/GRA-fa77de44-13f1-47dc-a776-ae09be8afda0-1.jpg,"https://www.grandemotors.co.nz/Motorcentral/VehicleData/GRA-fa77de44-13f1-47dc-a776-ae09be8afda0-2.jpg,https://www.grandemotors.co.nz/Motorcentral/VehicleData/GRA-fa77de44-13f1-47dc-a776-ae09be8afda0-3.jpg,https://www.grandemotors.co.nz/Motorcentral/VehicleData/GRA-fa77de44-13f1-47dc-a776-ae09be8afda0-4.jpg,https://www.grandemotors.co.nz/Motorcentral/VehicleData/GRA-fa77de44-13f1-47dc-a776-ae09be8afda0-5.jpg,https://www.grandemotors.co.nz/Motorcentral/VehicleData/GRA-fa77de44-13f1-47dc-a776-ae09be8afda0-6.jpg,https://www.grandemotors.co.nz/Motorcentral/VehicleData/GRA-fa77de44-13f1-47dc-a776-ae09be8afda0-7.jpg,https://www.grandemotors.co.nz/Motorcentral/VehicleData/GRA-fa77de44-13f1-47dc-a776-ae09be8afda0-8.jpg,https://www.grandemotors.co.nz/Motorcentral/VehicleData/GRA-fa77de44-13f1-47dc-a776-ae09be8afda0-9.jpg,https://www.grandemotors.co.nz/Motorcentral/VehicleData/GRA-fa77de44-13f1-47dc-a776-ae09be8afda0-10.jpg,https://www.grandemotors.co.nz/Motorcentral/VehicleData/GRA-fa77de44-13f1-47dc-a776-ae09be8afda0-11.jpg,https://www.grandemotors.co.nz/Motorcentral/VehicleData/GRA-fa77de44-13f1-47dc-a776-ae09be8afda0-12.jpg,https://www.grandemotors.co.nz/Motorcentral/VehicleData/GRA-fa77de44-13f1-47dc-a776-ae09be8afda0-13.jpg,https://www.grandemotors.co.nz/Motorcentral/VehicleData/GRA-fa77de44-13f1-47dc-a776-ae09be8afda0-14.jpg,https://www.grandemotors.co.nz/Motorcentral/VehicleData/GRA-fa77de44-13f1-47dc-a776-ae09be8afda0-15.jpg,https://www.grandemotors.co.nz/Motorcentral/VehicleData/GRA-fa77de44-13f1-47dc-a776-ae09be8afda0-16.jpg,https://www.grandemotors.co.nz/Motorcentral/VehicleData/GRA-fa77de44-13f1-47dc-a776-ae09be8afda0-17.jpg,https://www.grandemotors.co.nz/Motorcentral/VehicleData/GRA-fa77de44-13f1-47dc-a776-ae09be8afda0-18.jpg",Nissan,"Vehicles & Parts > Vehicles > Cars, Trucks & Vans",2014,VAN,HYBRID,Automatic,Grande Motors
12623,2016 Nissan Serena Hybrid.Highway Star.Pro-Pilot.Radar cruise.Park sens.Rear cam.,"Immobilizer. Engine button start. RCC (Radar Cruise Control). Both electric sliding doors. Pro-PILOT Assist gives you a hand - helping keep you Available from Grande Motors Ltd, East Tamaki, Auckland.",in stock,used,16400.00 NZD,https://www.grandemotors.co.nz/vehicle/2016-Nissan-Serena/12623,https://www.grandemotors.co.nz/Motorcentral/VehicleData/GRA-39a91e8c-36d8-4a40-a3a8-4b200e2d4814-1.jpg,"https://www.grandemotors.co.nz/Motorcentral/VehicleData/GRA-39a91e8c-36d8-4a40-a3a8-4b200e2d4814-2.jpg,https://www.grandemotors.co.nz/Motorcentral/VehicleData/GRA-39a91e8c-36d8-4a40-a3a8-4b200e2d4814-3.jpg,https://www.grandemotors.co.nz/Motorcentral/VehicleData/GRA-39a91e8c-36d8-4a40-a3a8-4b200e2d4814-4.jpg,https://www.grandemotors.co.nz/Motorcentral/VehicleData/GRA-39a91e8c-36d8-4a40-a3a8-4b200e2d4814-5.jpg,https://www.grandemotors.co.nz/Motorcentral/VehicleData/GRA-39a91e8c-36d8-4a40-a3a8-4b200e2d4814-6.jpg,https://www.grandemotors.co.nz/Motorcentral/VehicleData/GRA-39a91e8c-36d8-4a40-a3a8-4b200e2d4814-7.jpg,https://www.grandemotors.co.nz/Motorcentral/VehicleData/GRA-39a91e8c-36d8-4a40-a3a8-4b200e2d4814-8.jpg,https://www.grandemotors.co.nz/Motorcentral/VehicleData/GRA-39a91e8c-36d8-4a40-a3a8-4b200e2d4814-9.jpg,https://www.grandemotors.co.nz/Motorcentral/VehicleData/GRA-39a91e8c-36d8-4a40-a3a8-4b200e2d4814-10.jpg,https://www.grandemotors.co.nz/Motorcentral/VehicleData/GRA-39a91e8c-36d8-4a40-a3a8-4b200e2d4814-11.jpg,https://www.grandemotors.co.nz/Motorcentral/VehicleData/GRA-39a91e8c-36d8-4a40-a3a8-4b200e2d4814-12.jpg,https://www.grandemotors.co.nz/Motorcentral/VehicleData/GRA-39a91e8c-36d8-4a40-a3a8-4b200e2d4814-13.jpg,https://www.grandemotors.co.nz/Motorcentral/VehicleData/GRA-39a91e8c-36d8-4a40-a3a8-4b200e2d4814-14.jpg,https://www.grandemotors.co.nz/Motorcentral/VehicleData/GRA-39a91e8c-36d8-4a40-a3a8-4b200e2d4814-15.jpg,https://www.grandemotors.co.nz/Motorcentral/VehicleData/GRA-39a91e8c-36d8-4a40-a3a8-4b200e2d4814-16.jpg,https://www.grandemotors.co.nz/Motorcentral/VehicleData/GRA-39a91e8c-36d8-4a40-a3a8-4b200e2d4814-17.jpg,https://www.grandemotors.co.nz/Motorcentral/VehicleData/GRA-39a91e8c-36d8-4a40-a3a8-4b200e2d4814-18.jpg,https://www.grandemotors.co.nz/Motorcentral/VehicleData/GRA-39a91e8c-36d8-4a40-a3a8-4b200e2d4814-19.jpg,https://www.grandemotors.co.nz/Motorcentral/VehicleData/GRA-39a91e8c-36d8-4a40-a3a8-4b200e2d4814-20.jpg",Nissan,"Vehicles & Parts > Vehicles > Cars, Trucks & Vans",2016,VAN,HYBRID,Automatic,Grande Motors
11834,2017 Nissan Serena Hybrid.Highway Star.Pro-Pilot.360°camera.Radar cruise.Park sensors.,"Immobilizer. Engine button start. RCC (Radar Cruise Control). Both electric sliding doors. Pro-PILOT Assist gives you a hand - helping keep you Available from Grande Motors Ltd, East Tamaki, Auckland.",in stock,used,12900.00 NZD,https://www.grandemotors.co.nz/vehicle/2017-Nissan-Serena/11834,https://www.grandemotors.co.nz/Motorcentral/VehicleData/GRA-8c687b49-8fe2-4cb1-81e8-0d278f86b130-1.jpg,"https://www.grandemotors.co.nz/Motorcentral/VehicleData/GRA-8c687b49-8fe2-4cb1-81e8-0d278f86b130-2.jpg,https://www.grandemotors.co.nz/Motorcentral/VehicleData/GRA-8c687b49-8fe2-4cb1-81e8-0d278f86b130-3.jpg,https://www.grandemotors.co.nz/Motorcentral/VehicleData/GRA-8c687b49-8fe2-4cb1-81e8-0d278f86b130-4.jpg,https://www.grandemotors.co.nz/Motorcentral/VehicleData/GRA-8c687b49-8fe2-4cb1-81e8-0d278f86b130-5.jpg,https://www.grandemotors.co.nz/Motorcentral/VehicleData/GRA-8c687b49-8fe2-4cb1-81e8-0d278f86b130-6.jpg,https://www.grandemotors.co.nz/Motorcentral/VehicleData/GRA-8c687b49-8fe2-4cb1-81e8-0d278f86b130-7.jpg,https://www.grandemotors.co.nz/Motorcentral/VehicleData/GRA-8c687b49-8fe2-4cb1-81e8-0d278f86b130-8.jpg,https://www.grandemotors.co.nz/Motorcentral/VehicleData/GRA-8c687b49-8fe2-4cb1-81e8-0d278f86b130-9.jpg,https://www.grandemotors.co.nz/Motorcentral/VehicleData/GRA-8c687b49-8fe2-4cb1-81e8-0d278f86b130-10.jpg,https://www.grandemotors.co.nz/Motorcentral/VehicleData/GRA-8c687b49-8fe2-4cb1-81e8-0d278f86b130-11.jpg,https://www.grandemotors.co.nz/Motorcentral/VehicleData/GRA-8c687b49-8fe2-4cb1-81e8-0d278f86b130-12.jpg,https://www.grandemotors.co.nz/Motorcentral/VehicleData/GRA-8c687b49-8fe2-4cb1-81e8-0d278f86b130-13.jpg,https://www.grandemotors.co.nz/Motorcentral/VehicleData/GRA-8c687b49-8fe2-4cb1-81e8-0d278f86b130-14.jpg,https://www.grandemotors.co.nz/Motorcentral/VehicleData/GRA-8c687b49-8fe2-4cb1-81e8-0d278f86b130-15.jpg,https://www.grandemotors.co.nz/Motorcentral/VehicleData/GRA-8c687b49-8fe2-4cb1-81e8-0d278f86b130-16.jpg,https://www.grandemotors.co.nz/Motorcentral/VehicleData/GRA-8c687b49-8fe2-4cb1-81e8-0d278f86b130-17.jpg",Nissan,"Vehicles & Parts > Vehicles > Cars, Trucks & Vans",2017,VAN,HYBRID,Automatic,Grande Motors
12529,2017 Nissan Serena Highway star.Hybrid.Pro-pilot.Radar cruise.360°camera.Park sensors.,"Immobilizer. Engine button start. RCC (Radar Cruise Control). Both electric sliding doors. Pro-PILOT Assist gives you a hand - helping keep you Available from Grande Motors Ltd, East Tamaki, Auckland.",in stock,used,13940.00 NZD,https://www.grandemotors.co.nz/vehicle/2017-Nissan-Serena/12529,https://www.grandemotors.co.nz/Motorcentral/VehicleData/GRA-bdda1ffd-8347-4425-bc7e-b40fcc6fe0c2-1.jpg,"https://www.grandemotors.co.nz/Motorcentral/VehicleData/GRA-bdda1ffd-8347-4425-bc7e-b40fcc6fe0c2-2.jpg,https://www.grandemotors.co.nz/Motorcentral/VehicleData/GRA-bdda1ffd-8347-4425-bc7e-b40fcc6fe0c2-3.jpg,https://www.grandemotors.co.nz/Motorcentral/VehicleData/GRA-bdda1ffd-8347-4425-bc7e-b40fcc6fe0c2-4.jpg,https://www.grandemotors.co.nz/Motorcentral/VehicleData/GRA-bdda1ffd-8347-4425-bc7e-b40fcc6fe0c2-5.jpg,https://www.grandemotors.co.nz/Motorcentral/VehicleData/GRA-bdda1ffd-8347-4425-bc7e-b40fcc6fe0c2-6.jpg,https://www.grandemotors.co.nz/Motorcentral/VehicleData/GRA-bdda1ffd-8347-4425-bc7e-b40fcc6fe0c2-7.jpg,https://www.grandemotors.co.nz/Motorcentral/VehicleData/GRA-bdda1ffd-8347-4425-bc7e-b40fcc6fe0c2-8.jpg,https://www.grandemotors.co.nz/Motorcentral/VehicleData/GRA-bdda1ffd-8347-4425-bc7e-b40fcc6fe0c2-9.jpg,https://www.grandemotors.co.nz/Motorcentral/VehicleData/GRA-bdda1ffd-8347-4425-bc7e-b40fcc6fe0c2-10.jpg,https://www.grandemotors.co.nz/Motorcentral/VehicleData/GRA-bdda1ffd-8347-4425-bc7e-b40fcc6fe0c2-11.jpg,https://www.grandemotors.co.nz/Motorcentral/VehicleData/GRA-bdda1ffd-8347-4425-bc7e-b40fcc6fe0c2-12.jpg,https://www.grandemotors.co.nz/Motorcentral/VehicleData/GRA-bdda1ffd-8347-4425-bc7e-b40fcc6fe0c2-13.jpg,https://www.grandemotors.co.nz/Motorcentral/VehicleData/GRA-bdda1ffd-8347-4425-bc7e-b40fcc6fe0c2-14.jpg,https://www.grandemotors.co.nz/Motorcentral/VehicleData/GRA-bdda1ffd-8347-4425-bc7e-b40fcc6fe0c2-15.jpg,https://www.grandemotors.co.nz/Motorcentral/VehicleData/GRA-bdda1ffd-8347-4425-bc7e-b40fcc6fe0c2-16.jpg,https://www.grandemotors.co.nz/Motorcentral/VehicleData/GRA-bdda1ffd-8347-4425-bc7e-b40fcc6fe0c2-17.jpg,https://www.grandemotors.co.nz/Motorcentral/VehicleData/GRA-bdda1ffd-8347-4425-bc7e-b40fcc6fe0c2-18.jpg,https://www.grandemotors.co.nz/Motorcentral/VehicleData/GRA-bdda1ffd-8347-4425-bc7e-b40fcc6fe0c2-19.jpg,https://www.grandemotors.co.nz/Motorcentral/VehicleData/GRA-bdda1ffd-8347-4425-bc7e-b40fcc6fe0c2-20.jpg",Nissan,"Vehicles & Parts > Vehicles > Cars, Trucks & Vans",2017,VAN,HYBRID,Automatic,Grande Motors
12603,2017 Nissan Serena Highway Star.Hybrid.8 seats.360 camera.Safery radar.Cruise control.Park sensors.,"Immobilizer. Safety radar. Engine button start. Both electric sliding doors. 2017 Nissan Serena Hybrid Highway Star 8 seater in Pearl White colo Available from Grande Motors Ltd, East Tamaki, Auckland.",in stock,used,13940.00 NZD,https://www.grandemotors.co.nz/vehicle/2017-Nissan-Serena/12603,https://www.grandemotors.co.nz/Motorcentral/VehicleData/GRA-67f09af7-e571-4327-8f71-c2e6f53c154c-1.jpg,"https://www.grandemotors.co.nz/Motorcentral/VehicleData/GRA-67f09af7-e571-4327-8f71-c2e6f53c154c-2.jpg,https://www.grandemotors.co.nz/Motorcentral/VehicleData/GRA-67f09af7-e571-4327-8f71-c2e6f53c154c-3.jpg,https://www.grandemotors.co.nz/Motorcentral/VehicleData/GRA-67f09af7-e571-4327-8f71-c2e6f53c154c-4.jpg,https://www.grandemotors.co.nz/Motorcentral/VehicleData/GRA-67f09af7-e571-4327-8f71-c2e6f53c154c-5.jpg,https://www.grandemotors.co.nz/Motorcentral/VehicleData/GRA-67f09af7-e571-4327-8f71-c2e6f53c154c-6.jpg,https://www.grandemotors.co.nz/Motorcentral/VehicleData/GRA-67f09af7-e571-4327-8f71-c2e6f53c154c-7.jpg,https://www.grandemotors.co.nz/Motorcentral/VehicleData/GRA-67f09af7-e571-4327-8f71-c2e6f53c154c-8.jpg,https://www.grandemotors.co.nz/Motorcentral/VehicleData/GRA-67f09af7-e571-4327-8f71-c2e6f53c154c-9.jpg,https://www.grandemotors.co.nz/Motorcentral/VehicleData/GRA-67f09af7-e571-4327-8f71-c2e6f53c154c-10.jpg,https://www.grandemotors.co.nz/Motorcentral/VehicleData/GRA-67f09af7-e571-4327-8f71-c2e6f53c154c-11.jpg,https://www.grandemotors.co.nz/Motorcentral/VehicleData/GRA-67f09af7-e571-4327-8f71-c2e6f53c154c-12.jpg,https://www.grandemotors.co.nz/Motorcentral/VehicleData/GRA-67f09af7-e571-4327-8f71-c2e6f53c154c-13.jpg,https://www.grandemotors.co.nz/Motorcentral/VehicleData/GRA-67f09af7-e571-4327-8f71-c2e6f53c154c-14.jpg,https://www.grandemotors.co.nz/Motorcentral/VehicleData/GRA-67f09af7-e571-4327-8f71-c2e6f53c154c-15.jpg,https://www.grandemotors.co.nz/Motorcentral/VehicleData/GRA-67f09af7-e571-4327-8f71-c2e6f53c154c-16.jpg,https://www.grandemotors.co.nz/Motorcentral/VehicleData/GRA-67f09af7-e571-4327-8f71-c2e6f53c154c-17.jpg,https://www.grandemotors.co.nz/Motorcentral/VehicleData/GRA-67f09af7-e571-4327-8f71-c2e6f53c154c-18.jpg,https://www.grandemotors.co.nz/Motorcentral/VehicleData/GRA-67f09af7-e571-4327-8f71-c2e6f53c154c-19.jpg",Nissan,"Vehicles & Parts > Vehicles > Cars, Trucks & Vans",2017,VAN,HYBRID,Automatic,Grande Motors
13233,2017 Nissan Serena Hybrid.8 seats.Rear cam.Cruise control.,"Immobilizer. Engine button start. Both electric sliding doors. 2017 Nissan Serena hybrid 8 seater in black colour with black seats. Japanese i Available from Grande Motors Ltd, East Tamaki, Auckland.",in stock,used,18500.00 NZD,https://www.grandemotors.co.nz/vehicle/2017-Nissan-Serena/13233,https://www.grandemotors.co.nz/Motorcentral/VehicleData/GRA-8201b441-5cb6-4729-b8c5-72b058c68358-1.jpg,"https://www.grandemotors.co.nz/Motorcentral/VehicleData/GRA-8201b441-5cb6-4729-b8c5-72b058c68358-2.jpg,https://www.grandemotors.co.nz/Motorcentral/VehicleData/GRA-8201b441-5cb6-4729-b8c5-72b058c68358-3.jpg,https://www.grandemotors.co.nz/Motorcentral/VehicleData/GRA-8201b441-5cb6-4729-b8c5-72b058c68358-4.jpg,https://www.grandemotors.co.nz/Motorcentral/VehicleData/GRA-8201b441-5cb6-4729-b8c5-72b058c68358-5.jpg,https://www.grandemotors.co.nz/Motorcentral/VehicleData/GRA-8201b441-5cb6-4729-b8c5-72b058c68358-6.jpg,https://www.grandemotors.co.nz/Motorcentral/VehicleData/GRA-8201b441-5cb6-4729-b8c5-72b058c68358-7.jpg,https://www.grandemotors.co.nz/Motorcentral/VehicleData/GRA-8201b441-5cb6-4729-b8c5-72b058c68358-8.jpg,https://www.grandemotors.co.nz/Motorcentral/VehicleData/GRA-8201b441-5cb6-4729-b8c5-72b058c68358-9.jpg,https://www.grandemotors.co.nz/Motorcentral/VehicleData/GRA-8201b441-5cb6-4729-b8c5-72b058c68358-10.jpg,https://www.grandemotors.co.nz/Motorcentral/VehicleData/GRA-8201b441-5cb6-4729-b8c5-72b058c68358-11.jpg,https://www.grandemotors.co.nz/Motorcentral/VehicleData/GRA-8201b441-5cb6-4729-b8c5-72b058c68358-12.jpg,https://www.grandemotors.co.nz/Motorcentral/VehicleData/GRA-8201b441-5cb6-4729-b8c5-72b058c68358-13.jpg,https://www.grandemotors.co.nz/Motorcentral/VehicleData/GRA-8201b441-5cb6-4729-b8c5-72b058c68358-14.jpg,https://www.grandemotors.co.nz/Motorcentral/VehicleData/GRA-8201b441-5cb6-4729-b8c5-72b058c68358-15.jpg,https://www.grandemotors.co.nz/Motorcentral/VehicleData/GRA-8201b441-5cb6-4729-b8c5-72b058c68358-16.jpg,https://www.grandemotors.co.nz/Motorcentral/VehicleData/GRA-8201b441-5cb6-4729-b8c5-72b058c68358-17.jpg,https://www.grandemotors.co.nz/Motorcentral/VehicleData/GRA-8201b441-5cb6-4729-b8c5-72b058c68358-18.jpg,https://www.grandemotors.co.nz/Motorcentral/VehicleData/GRA-8201b441-5cb6-4729-b8c5-72b058c68358-19.jpg,https://www.grandemotors.co.nz/Motorcentral/VehicleData/GRA-8201b441-5cb6-4729-b8c5-72b058c68358-20.jpg",Nissan,"Vehicles & Parts > Vehicles > Cars, Trucks & Vans",2017,VAN,HYBRID,Automatic,Grande Motors
13171,2018 Nissan Serena Hybrid.8 seats.360 Rear cam.Cruise control.,"Immobilizer. Engine button start. Both electric sliding doors. 2018 Nissan Serena hybrid 8 seater in pearl white colour with black seats. Japa Available from Grande Motors Ltd, East Tamaki, Auckland.",in stock,used,14500.00 NZD,https://www.grandemotors.co.nz/vehicle/2018-Nissan-Serena/13171,https://www.grandemotors.co.nz/Motorcentral/VehicleData/GRA-b220206f-8e91-4a13-a539-a9dde1c43ca5-1.jpg,"https://www.grandemotors.co.nz/Motorcentral/VehicleData/GRA-b220206f-8e91-4a13-a539-a9dde1c43ca5-2.jpg,https://www.grandemotors.co.nz/Motorcentral/VehicleData/GRA-b220206f-8e91-4a13-a539-a9dde1c43ca5-3.jpg,https://www.grandemotors.co.nz/Motorcentral/VehicleData/GRA-b220206f-8e91-4a13-a539-a9dde1c43ca5-4.jpg,https://www.grandemotors.co.nz/Motorcentral/VehicleData/GRA-b220206f-8e91-4a13-a539-a9dde1c43ca5-5.jpg,https://www.grandemotors.co.nz/Motorcentral/VehicleData/GRA-b220206f-8e91-4a13-a539-a9dde1c43ca5-6.jpg,https://www.grandemotors.co.nz/Motorcentral/VehicleData/GRA-b220206f-8e91-4a13-a539-a9dde1c43ca5-7.jpg,https://www.grandemotors.co.nz/Motorcentral/VehicleData/GRA-b220206f-8e91-4a13-a539-a9dde1c43ca5-8.jpg,https://www.grandemotors.co.nz/Motorcentral/VehicleData/GRA-b220206f-8e91-4a13-a539-a9dde1c43ca5-9.jpg,https://www.grandemotors.co.nz/Motorcentral/VehicleData/GRA-b220206f-8e91-4a13-a539-a9dde1c43ca5-10.jpg,https://www.grandemotors.co.nz/Motorcentral/VehicleData/GRA-b220206f-8e91-4a13-a539-a9dde1c43ca5-11.jpg,https://www.grandemotors.co.nz/Motorcentral/VehicleData/GRA-b220206f-8e91-4a13-a539-a9dde1c43ca5-12.jpg,https://www.grandemotors.co.nz/Motorcentral/VehicleData/GRA-b220206f-8e91-4a13-a539-a9dde1c43ca5-13.jpg,https://www.grandemotors.co.nz/Motorcentral/VehicleData/GRA-b220206f-8e91-4a13-a539-a9dde1c43ca5-14.jpg,https://www.grandemotors.co.nz/Motorcentral/VehicleData/GRA-b220206f-8e91-4a13-a539-a9dde1c43ca5-15.jpg,https://www.grandemotors.co.nz/Motorcentral/VehicleData/GRA-b220206f-8e91-4a13-a539-a9dde1c43ca5-16.jpg,https://www.grandemotors.co.nz/Motorcentral/VehicleData/GRA-b220206f-8e91-4a13-a539-a9dde1c43ca5-17.jpg,https://www.grandemotors.co.nz/Motorcentral/VehicleData/GRA-b220206f-8e91-4a13-a539-a9dde1c43ca5-18.jpg,https://www.grandemotors.co.nz/Motorcentral/VehicleData/GRA-b220206f-8e91-4a13-a539-a9dde1c43ca5-19.jpg,https://www.grandemotors.co.nz/Motorcentral/VehicleData/GRA-b220206f-8e91-4a13-a539-a9dde1c43ca5-20.jpg",Nissan,"Vehicles & Parts > Vehicles > Cars, Trucks & Vans",2018,VAN,HYBRID,Automatic,Grande Motors
8470,2001 Nissan Skyline GT.,"2001 Nissan Skyline GT in blue colour with grey seats. Japanese import, smooth 2000cc engine provides perfect compromise between power and economy. Available from Grande Motors Ltd, East Tamaki, Auckland.",in stock,used,20900.00 NZD,https://www.grandemotors.co.nz/vehicle/2001-Nissan-Skyline/8470,https://www.grandemotors.co.nz/Motorcentral/VehicleData/GRA-54455e02-6dc0-433f-8f62-db09c2cbd277-1.jpg,"https://www.grandemotors.co.nz/Motorcentral/VehicleData/GRA-54455e02-6dc0-433f-8f62-db09c2cbd277-2.jpg,https://www.grandemotors.co.nz/Motorcentral/VehicleData/GRA-54455e02-6dc0-433f-8f62-db09c2cbd277-3.jpg,https://www.grandemotors.co.nz/Motorcentral/VehicleData/GRA-54455e02-6dc0-433f-8f62-db09c2cbd277-4.jpg,https://www.grandemotors.co.nz/Motorcentral/VehicleData/GRA-54455e02-6dc0-433f-8f62-db09c2cbd277-5.jpg,https://www.grandemotors.co.nz/Motorcentral/VehicleData/GRA-54455e02-6dc0-433f-8f62-db09c2cbd277-6.jpg,https://www.grandemotors.co.nz/Motorcentral/VehicleData/GRA-54455e02-6dc0-433f-8f62-db09c2cbd277-7.jpg,https://www.grandemotors.co.nz/Motorcentral/VehicleData/GRA-54455e02-6dc0-433f-8f62-db09c2cbd277-8.jpg,https://www.grandemotors.co.nz/Motorcentral/VehicleData/GRA-54455e02-6dc0-433f-8f62-db09c2cbd277-9.jpg,https://www.grandemotors.co.nz/Motorcentral/VehicleData/GRA-54455e02-6dc0-433f-8f62-db09c2cbd277-10.jpg,https://www.grandemotors.co.nz/Motorcentral/VehicleData/GRA-54455e02-6dc0-433f-8f62-db09c2cbd277-11.jpg,https://www.grandemotors.co.nz/Motorcentral/VehicleData/GRA-54455e02-6dc0-433f-8f62-db09c2cbd277-12.jpg,https://www.grandemotors.co.nz/Motorcentral/VehicleData/GRA-54455e02-6dc0-433f-8f62-db09c2cbd277-13.jpg,https://www.grandemotors.co.nz/Motorcentral/VehicleData/GRA-54455e02-6dc0-433f-8f62-db09c2cbd277-14.jpg,https://www.grandemotors.co.nz/Motorcentral/VehicleData/GRA-54455e02-6dc0-433f-8f62-db09c2cbd277-15.jpg",Nissan,"Vehicles & Parts > Vehicles > Cars, Trucks & Vans",2001,SEDAN,GASOLINE,Automatic,Grande Motors
12810,2003 Nissan Skyline 350GT.Coupe.LOW KM.,"CERTIFIED LOW KM. BBS alloy wheels with brand new tires. 2003 Nissan Skyline 350GT coupe in Pearl White colour with black seats. Japanese impor Available from Grande Motors Ltd, East Tamaki, Auckland.",in stock,used,12900.00 NZD,https://www.grandemotors.co.nz/vehicle/2003-Nissan-Skyline/12810,https://www.grandemotors.co.nz/Motorcentral/VehicleData/GRA-1e2a9c7a-1685-45e6-8c23-f03a899def64-1.jpg,"https://www.grandemotors.co.nz/Motorcentral/VehicleData/GRA-1e2a9c7a-1685-45e6-8c23-f03a899def64-2.jpg,https://www.grandemotors.co.nz/Motorcentral/VehicleData/GRA-1e2a9c7a-1685-45e6-8c23-f03a899def64-3.jpg,https://www.grandemotors.co.nz/Motorcentral/VehicleData/GRA-1e2a9c7a-1685-45e6-8c23-f03a899def64-4.jpg,https://www.grandemotors.co.nz/Motorcentral/VehicleData/GRA-1e2a9c7a-1685-45e6-8c23-f03a899def64-5.jpg,https://www.grandemotors.co.nz/Motorcentral/VehicleData/GRA-1e2a9c7a-1685-45e6-8c23-f03a899def64-6.jpg,https://www.grandemotors.co.nz/Motorcentral/VehicleData/GRA-1e2a9c7a-1685-45e6-8c23-f03a899def64-7.jpg,https://www.grandemotors.co.nz/Motorcentral/VehicleData/GRA-1e2a9c7a-1685-45e6-8c23-f03a899def64-8.jpg,https://www.grandemotors.co.nz/Motorcentral/VehicleData/GRA-1e2a9c7a-1685-45e6-8c23-f03a899def64-9.jpg,https://www.grandemotors.co.nz/Motorcentral/VehicleData/GRA-1e2a9c7a-1685-45e6-8c23-f03a899def64-10.jpg,https://www.grandemotors.co.nz/Motorcentral/VehicleData/GRA-1e2a9c7a-1685-45e6-8c23-f03a899def64-11.jpg,https://www.grandemotors.co.nz/Motorcentral/VehicleData/GRA-1e2a9c7a-1685-45e6-8c23-f03a899def64-12.jpg,https://www.grandemotors.co.nz/Motorcentral/VehicleData/GRA-1e2a9c7a-1685-45e6-8c23-f03a899def64-13.jpg,https://www.grandemotors.co.nz/Motorcentral/VehicleData/GRA-1e2a9c7a-1685-45e6-8c23-f03a899def64-14.jpg,https://www.grandemotors.co.nz/Motorcentral/VehicleData/GRA-1e2a9c7a-1685-45e6-8c23-f03a899def64-15.jpg,https://www.grandemotors.co.nz/Motorcentral/VehicleData/GRA-1e2a9c7a-1685-45e6-8c23-f03a899def64-16.jpg",Nissan,"Vehicles & Parts > Vehicles > Cars, Trucks & Vans",2003,COUPE,GASOLINE,Automatic,Grande Motors
12054,2020 Nissan X-Trail ProPilot.Blind spot.Safety radar.360°camera.Park sensors.Leather.,"Immobilizer. Engine button start. Emergency brake assistance. LKA (Lane Keeping Assistance). 2020 Nissan X-trail ProPilot in Red colour with bla Available from Grande Motors Ltd, East Tamaki, Auckland.",in stock,used,22960.00 NZD,https://www.grandemotors.co.nz/vehicle/2020-Nissan-X-Trail/12054,https://www.grandemotors.co.nz/Motorcentral/VehicleData/GRA-b912421f-7db8-4cbe-b60b-80a52bb3f84e-1.jpg,"https://www.grandemotors.co.nz/Motorcentral/VehicleData/GRA-b912421f-7db8-4cbe-b60b-80a52bb3f84e-2.jpg,https://www.grandemotors.co.nz/Motorcentral/VehicleData/GRA-b912421f-7db8-4cbe-b60b-80a52bb3f84e-3.jpg,https://www.grandemotors.co.nz/Motorcentral/VehicleData/GRA-b912421f-7db8-4cbe-b60b-80a52bb3f84e-4.jpg,https://www.grandemotors.co.nz/Motorcentral/VehicleData/GRA-b912421f-7db8-4cbe-b60b-80a52bb3f84e-5.jpg,https://www.grandemotors.co.nz/Motorcentral/VehicleData/GRA-b912421f-7db8-4cbe-b60b-80a52bb3f84e-6.jpg,https://www.grandemotors.co.nz/Motorcentral/VehicleData/GRA-b912421f-7db8-4cbe-b60b-80a52bb3f84e-7.jpg,https://www.grandemotors.co.nz/Motorcentral/VehicleData/GRA-b912421f-7db8-4cbe-b60b-80a52bb3f84e-8.jpg,https://www.grandemotors.co.nz/Motorcentral/VehicleData/GRA-b912421f-7db8-4cbe-b60b-80a52bb3f84e-9.jpg,https://www.grandemotors.co.nz/Motorcentral/VehicleData/GRA-b912421f-7db8-4cbe-b60b-80a52bb3f84e-10.jpg,https://www.grandemotors.co.nz/Motorcentral/VehicleData/GRA-b912421f-7db8-4cbe-b60b-80a52bb3f84e-11.jpg,https://www.grandemotors.co.nz/Motorcentral/VehicleData/GRA-b912421f-7db8-4cbe-b60b-80a52bb3f84e-12.jpg,https://www.grandemotors.co.nz/Motorcentral/VehicleData/GRA-b912421f-7db8-4cbe-b60b-80a52bb3f84e-13.jpg,https://www.grandemotors.co.nz/Motorcentral/VehicleData/GRA-b912421f-7db8-4cbe-b60b-80a52bb3f84e-14.jpg,https://www.grandemotors.co.nz/Motorcentral/VehicleData/GRA-b912421f-7db8-4cbe-b60b-80a52bb3f84e-15.jpg,https://www.grandemotors.co.nz/Motorcentral/VehicleData/GRA-b912421f-7db8-4cbe-b60b-80a52bb3f84e-16.jpg,https://www.grandemotors.co.nz/Motorcentral/VehicleData/GRA-b912421f-7db8-4cbe-b60b-80a52bb3f84e-17.jpg",Nissan,"Vehicles & Parts > Vehicles > Cars, Trucks & Vans",2020,VAN,GASOLINE,Automatic,Grande Motors
12851,2017 Ssangyong Actyon Sport NZ NEW.LOW KM.Towbar.Diesel.,"LOW KM. New Zealand new. 2017 Ssangyong Actyon Sport ute in grey colour with grey interior. 2000cc turbo diesel engine provides perfect comprom Available from Grande Motors Ltd, East Tamaki, Auckland.",in stock,used,14500.00 NZD,https://www.grandemotors.co.nz/vehicle/2017-Ssangyong-ActyonSport/12851,https://www.grandemotors.co.nz/Motorcentral/VehicleData/GRA-8892edc2-da7a-4eb1-b609-f3fb0c874003-1.jpg,"https://www.grandemotors.co.nz/Motorcentral/VehicleData/GRA-8892edc2-da7a-4eb1-b609-f3fb0c874003-2.jpg,https://www.grandemotors.co.nz/Motorcentral/VehicleData/GRA-8892edc2-da7a-4eb1-b609-f3fb0c874003-3.jpg,https://www.grandemotors.co.nz/Motorcentral/VehicleData/GRA-8892edc2-da7a-4eb1-b609-f3fb0c874003-4.jpg,https://www.grandemotors.co.nz/Motorcentral/VehicleData/GRA-8892edc2-da7a-4eb1-b609-f3fb0c874003-5.jpg,https://www.grandemotors.co.nz/Motorcentral/VehicleData/GRA-8892edc2-da7a-4eb1-b609-f3fb0c874003-6.jpg,https://www.grandemotors.co.nz/Motorcentral/VehicleData/GRA-8892edc2-da7a-4eb1-b609-f3fb0c874003-7.jpg,https://www.grandemotors.co.nz/Motorcentral/VehicleData/GRA-8892edc2-da7a-4eb1-b609-f3fb0c874003-8.jpg,https://www.grandemotors.co.nz/Motorcentral/VehicleData/GRA-8892edc2-da7a-4eb1-b609-f3fb0c874003-9.jpg,https://www.grandemotors.co.nz/Motorcentral/VehicleData/GRA-8892edc2-da7a-4eb1-b609-f3fb0c874003-10.jpg,https://www.grandemotors.co.nz/Motorcentral/VehicleData/GRA-8892edc2-da7a-4eb1-b609-f3fb0c874003-11.jpg,https://www.grandemotors.co.nz/Motorcentral/VehicleData/GRA-8892edc2-da7a-4eb1-b609-f3fb0c874003-12.jpg,https://www.grandemotors.co.nz/Motorcentral/VehicleData/GRA-8892edc2-da7a-4eb1-b609-f3fb0c874003-13.jpg,https://www.grandemotors.co.nz/Motorcentral/VehicleData/GRA-8892edc2-da7a-4eb1-b609-f3fb0c874003-14.jpg,https://www.grandemotors.co.nz/Motorcentral/VehicleData/GRA-8892edc2-da7a-4eb1-b609-f3fb0c874003-15.jpg,https://www.grandemotors.co.nz/Motorcentral/VehicleData/GRA-8892edc2-da7a-4eb1-b609-f3fb0c874003-16.jpg,https://www.grandemotors.co.nz/Motorcentral/VehicleData/GRA-8892edc2-da7a-4eb1-b609-f3fb0c874003-17.jpg,https://www.grandemotors.co.nz/Motorcentral/VehicleData/GRA-8892edc2-da7a-4eb1-b609-f3fb0c874003-18.jpg",SsangYong,"Vehicles & Parts > Vehicles > Cars, Trucks & Vans",2017,TRUCK,DIESEL,Automatic,Grande Motors
12943,2024 Subaru CROSSTREK Hybrid.4WD.Radar cruise.Lane assist.Park sens.Rear camera.,"Immobilizer. Parking sensors. RCC (Radar Cruise Control). LKA (Lane Keeping Assistance). Alloy wheels with Japanese ""Yokohama"" tires. Pre-Colli Available from Grande Motors Ltd, East Tamaki, Auckland.",in stock,used,32500.00 NZD,https://www.grandemotors.co.nz/vehicle/2024-Subaru-CROSSTREK/12943,https://www.grandemotors.co.nz/Motorcentral/VehicleData/GRA-e739709c-759a-450e-bdc1-4a0bff812e04-1.jpg,"https://www.grandemotors.co.nz/Motorcentral/VehicleData/GRA-e739709c-759a-450e-bdc1-4a0bff812e04-2.jpg,https://www.grandemotors.co.nz/Motorcentral/VehicleData/GRA-e739709c-759a-450e-bdc1-4a0bff812e04-3.jpg,https://www.grandemotors.co.nz/Motorcentral/VehicleData/GRA-e739709c-759a-450e-bdc1-4a0bff812e04-4.jpg,https://www.grandemotors.co.nz/Motorcentral/VehicleData/GRA-e739709c-759a-450e-bdc1-4a0bff812e04-5.jpg,https://www.grandemotors.co.nz/Motorcentral/VehicleData/GRA-e739709c-759a-450e-bdc1-4a0bff812e04-6.jpg,https://www.grandemotors.co.nz/Motorcentral/VehicleData/GRA-e739709c-759a-450e-bdc1-4a0bff812e04-7.jpg,https://www.grandemotors.co.nz/Motorcentral/VehicleData/GRA-e739709c-759a-450e-bdc1-4a0bff812e04-8.jpg,https://www.grandemotors.co.nz/Motorcentral/VehicleData/GRA-e739709c-759a-450e-bdc1-4a0bff812e04-9.jpg,https://www.grandemotors.co.nz/Motorcentral/VehicleData/GRA-e739709c-759a-450e-bdc1-4a0bff812e04-10.jpg,https://www.grandemotors.co.nz/Motorcentral/VehicleData/GRA-e739709c-759a-450e-bdc1-4a0bff812e04-11.jpg,https://www.grandemotors.co.nz/Motorcentral/VehicleData/GRA-e739709c-759a-450e-bdc1-4a0bff812e04-12.jpg,https://www.grandemotors.co.nz/Motorcentral/VehicleData/GRA-e739709c-759a-450e-bdc1-4a0bff812e04-13.jpg,https://www.grandemotors.co.nz/Motorcentral/VehicleData/GRA-e739709c-759a-450e-bdc1-4a0bff812e04-14.jpg,https://www.grandemotors.co.nz/Motorcentral/VehicleData/GRA-e739709c-759a-450e-bdc1-4a0bff812e04-15.jpg,https://www.grandemotors.co.nz/Motorcentral/VehicleData/GRA-e739709c-759a-450e-bdc1-4a0bff812e04-16.jpg,https://www.grandemotors.co.nz/Motorcentral/VehicleData/GRA-e739709c-759a-450e-bdc1-4a0bff812e04-17.jpg,https://www.grandemotors.co.nz/Motorcentral/VehicleData/GRA-e739709c-759a-450e-bdc1-4a0bff812e04-18.jpg,https://www.grandemotors.co.nz/Motorcentral/VehicleData/GRA-e739709c-759a-450e-bdc1-4a0bff812e04-19.jpg,https://www.grandemotors.co.nz/Motorcentral/VehicleData/GRA-e739709c-759a-450e-bdc1-4a0bff812e04-20.jpg",Subaru,"Vehicles & Parts > Vehicles > Cars, Trucks & Vans",2024,SUV,HYBRID,Automatic,Grande Motors
12875,2013 Subaru Forester Turbo.Cruise Control.Elecric Seats,"Immobilizer. Engine button start. LKA (Lane Keeping Assistance). Alloy wheels Pre-Collision Braking system ""Eyesight""- provides automatic braking Available from Grande Motors Ltd, East Tamaki, Auckland.",in stock,used,14900.00 NZD,https://www.grandemotors.co.nz/vehicle/2013-Subaru-Forester/12875,https://www.grandemotors.co.nz/Motorcentral/VehicleData/GRA-ef222af6-2b60-44b9-8d81-b5b6c6b44fa2-1.jpg,"https://www.grandemotors.co.nz/Motorcentral/VehicleData/GRA-ef222af6-2b60-44b9-8d81-b5b6c6b44fa2-2.jpg,https://www.grandemotors.co.nz/Motorcentral/VehicleData/GRA-ef222af6-2b60-44b9-8d81-b5b6c6b44fa2-3.jpg,https://www.grandemotors.co.nz/Motorcentral/VehicleData/GRA-ef222af6-2b60-44b9-8d81-b5b6c6b44fa2-4.jpg,https://www.grandemotors.co.nz/Motorcentral/VehicleData/GRA-ef222af6-2b60-44b9-8d81-b5b6c6b44fa2-5.jpg,https://www.grandemotors.co.nz/Motorcentral/VehicleData/GRA-ef222af6-2b60-44b9-8d81-b5b6c6b44fa2-6.jpg,https://www.grandemotors.co.nz/Motorcentral/VehicleData/GRA-ef222af6-2b60-44b9-8d81-b5b6c6b44fa2-7.jpg,https://www.grandemotors.co.nz/Motorcentral/VehicleData/GRA-ef222af6-2b60-44b9-8d81-b5b6c6b44fa2-8.jpg,https://www.grandemotors.co.nz/Motorcentral/VehicleData/GRA-ef222af6-2b60-44b9-8d81-b5b6c6b44fa2-9.jpg,https://www.grandemotors.co.nz/Motorcentral/VehicleData/GRA-ef222af6-2b60-44b9-8d81-b5b6c6b44fa2-10.jpg,https://www.grandemotors.co.nz/Motorcentral/VehicleData/GRA-ef222af6-2b60-44b9-8d81-b5b6c6b44fa2-11.jpg,https://www.grandemotors.co.nz/Motorcentral/VehicleData/GRA-ef222af6-2b60-44b9-8d81-b5b6c6b44fa2-12.jpg,https://www.grandemotors.co.nz/Motorcentral/VehicleData/GRA-ef222af6-2b60-44b9-8d81-b5b6c6b44fa2-13.jpg,https://www.grandemotors.co.nz/Motorcentral/VehicleData/GRA-ef222af6-2b60-44b9-8d81-b5b6c6b44fa2-14.jpg,https://www.grandemotors.co.nz/Motorcentral/VehicleData/GRA-ef222af6-2b60-44b9-8d81-b5b6c6b44fa2-15.jpg,https://www.grandemotors.co.nz/Motorcentral/VehicleData/GRA-ef222af6-2b60-44b9-8d81-b5b6c6b44fa2-16.jpg,https://www.grandemotors.co.nz/Motorcentral/VehicleData/GRA-ef222af6-2b60-44b9-8d81-b5b6c6b44fa2-17.jpg,https://www.grandemotors.co.nz/Motorcentral/VehicleData/GRA-ef222af6-2b60-44b9-8d81-b5b6c6b44fa2-18.jpg,https://www.grandemotors.co.nz/Motorcentral/VehicleData/GRA-ef222af6-2b60-44b9-8d81-b5b6c6b44fa2-19.jpg",Subaru,"Vehicles & Parts > Vehicles > Cars, Trucks & Vans",2013,SUV,GASOLINE,Automatic,Grande Motors
13084,2013 Subaru Forester X-Mode.4WD.Eyesight.Leather.Radar cruise.Lane assist.Rear cam.,"Immobilizer. Engine button start. RCC (Radar Cruise Control). LKA (Lane Keeping Assistance). Pre-Collision Braking system ""Eyesight""- provides a Available from Grande Motors Ltd, East Tamaki, Auckland.",in stock,used,13400.00 NZD,https://www.grandemotors.co.nz/vehicle/2013-Subaru-Forester/13084,https://www.grandemotors.co.nz/Motorcentral/VehicleData/GRA-f37d2f00-10af-4de6-8d7d-296ae0c26e09-1.jpg,"https://www.grandemotors.co.nz/Motorcentral/VehicleData/GRA-f37d2f00-10af-4de6-8d7d-296ae0c26e09-2.jpg,https://www.grandemotors.co.nz/Motorcentral/VehicleData/GRA-f37d2f00-10af-4de6-8d7d-296ae0c26e09-3.jpg,https://www.grandemotors.co.nz/Motorcentral/VehicleData/GRA-f37d2f00-10af-4de6-8d7d-296ae0c26e09-4.jpg,https://www.grandemotors.co.nz/Motorcentral/VehicleData/GRA-f37d2f00-10af-4de6-8d7d-296ae0c26e09-5.jpg,https://www.grandemotors.co.nz/Motorcentral/VehicleData/GRA-f37d2f00-10af-4de6-8d7d-296ae0c26e09-6.jpg,https://www.grandemotors.co.nz/Motorcentral/VehicleData/GRA-f37d2f00-10af-4de6-8d7d-296ae0c26e09-7.jpg,https://www.grandemotors.co.nz/Motorcentral/VehicleData/GRA-f37d2f00-10af-4de6-8d7d-296ae0c26e09-8.jpg,https://www.grandemotors.co.nz/Motorcentral/VehicleData/GRA-f37d2f00-10af-4de6-8d7d-296ae0c26e09-9.jpg,https://www.grandemotors.co.nz/Motorcentral/VehicleData/GRA-f37d2f00-10af-4de6-8d7d-296ae0c26e09-10.jpg,https://www.grandemotors.co.nz/Motorcentral/VehicleData/GRA-f37d2f00-10af-4de6-8d7d-296ae0c26e09-11.jpg,https://www.grandemotors.co.nz/Motorcentral/VehicleData/GRA-f37d2f00-10af-4de6-8d7d-296ae0c26e09-12.jpg,https://www.grandemotors.co.nz/Motorcentral/VehicleData/GRA-f37d2f00-10af-4de6-8d7d-296ae0c26e09-13.jpg,https://www.grandemotors.co.nz/Motorcentral/VehicleData/GRA-f37d2f00-10af-4de6-8d7d-296ae0c26e09-14.jpg,https://www.grandemotors.co.nz/Motorcentral/VehicleData/GRA-f37d2f00-10af-4de6-8d7d-296ae0c26e09-15.jpg,https://www.grandemotors.co.nz/Motorcentral/VehicleData/GRA-f37d2f00-10af-4de6-8d7d-296ae0c26e09-16.jpg,https://www.grandemotors.co.nz/Motorcentral/VehicleData/GRA-f37d2f00-10af-4de6-8d7d-296ae0c26e09-17.jpg,https://www.grandemotors.co.nz/Motorcentral/VehicleData/GRA-f37d2f00-10af-4de6-8d7d-296ae0c26e09-18.jpg,https://www.grandemotors.co.nz/Motorcentral/VehicleData/GRA-f37d2f00-10af-4de6-8d7d-296ae0c26e09-19.jpg,https://www.grandemotors.co.nz/Motorcentral/VehicleData/GRA-f37d2f00-10af-4de6-8d7d-296ae0c26e09-20.jpg",Subaru,"Vehicles & Parts > Vehicles > Cars, Trucks & Vans",2013,SUV,GASOLINE,Automatic,Grande Motors
13082,2015 Subaru Forester 20I-L.X-Mode.4WD.Cruise control.Rear camera.SRS Airbags.,"2015 Subaru Forester 2.0I-L X-Mode in Red colour with black interior. Japanese import, smooth 2000cc chain driven engine provides perfect compromis Available from Grande Motors Ltd, East Tamaki, Auckland.",in stock,used,13900.00 NZD,https://www.grandemotors.co.nz/vehicle/2015-Subaru-Forester/13082,https://www.grandemotors.co.nz/Motorcentral/VehicleData/GRA-2b3be59c-4b91-4636-b70d-6797ce2172a8-1.jpg,"https://www.grandemotors.co.nz/Motorcentral/VehicleData/GRA-2b3be59c-4b91-4636-b70d-6797ce2172a8-2.jpg,https://www.grandemotors.co.nz/Motorcentral/VehicleData/GRA-2b3be59c-4b91-4636-b70d-6797ce2172a8-3.jpg,https://www.grandemotors.co.nz/Motorcentral/VehicleData/GRA-2b3be59c-4b91-4636-b70d-6797ce2172a8-4.jpg,https://www.grandemotors.co.nz/Motorcentral/VehicleData/GRA-2b3be59c-4b91-4636-b70d-6797ce2172a8-5.jpg,https://www.grandemotors.co.nz/Motorcentral/VehicleData/GRA-2b3be59c-4b91-4636-b70d-6797ce2172a8-6.jpg,https://www.grandemotors.co.nz/Motorcentral/VehicleData/GRA-2b3be59c-4b91-4636-b70d-6797ce2172a8-7.jpg,https://www.grandemotors.co.nz/Motorcentral/VehicleData/GRA-2b3be59c-4b91-4636-b70d-6797ce2172a8-8.jpg,https://www.grandemotors.co.nz/Motorcentral/VehicleData/GRA-2b3be59c-4b91-4636-b70d-6797ce2172a8-9.jpg,https://www.grandemotors.co.nz/Motorcentral/VehicleData/GRA-2b3be59c-4b91-4636-b70d-6797ce2172a8-10.jpg,https://www.grandemotors.co.nz/Motorcentral/VehicleData/GRA-2b3be59c-4b91-4636-b70d-6797ce2172a8-11.jpg,https://www.grandemotors.co.nz/Motorcentral/VehicleData/GRA-2b3be59c-4b91-4636-b70d-6797ce2172a8-12.jpg,https://www.grandemotors.co.nz/Motorcentral/VehicleData/GRA-2b3be59c-4b91-4636-b70d-6797ce2172a8-13.jpg,https://www.grandemotors.co.nz/Motorcentral/VehicleData/GRA-2b3be59c-4b91-4636-b70d-6797ce2172a8-14.jpg,https://www.grandemotors.co.nz/Motorcentral/VehicleData/GRA-2b3be59c-4b91-4636-b70d-6797ce2172a8-15.jpg,https://www.grandemotors.co.nz/Motorcentral/VehicleData/GRA-2b3be59c-4b91-4636-b70d-6797ce2172a8-16.jpg,https://www.grandemotors.co.nz/Motorcentral/VehicleData/GRA-2b3be59c-4b91-4636-b70d-6797ce2172a8-17.jpg,https://www.grandemotors.co.nz/Motorcentral/VehicleData/GRA-2b3be59c-4b91-4636-b70d-6797ce2172a8-18.jpg,https://www.grandemotors.co.nz/Motorcentral/VehicleData/GRA-2b3be59c-4b91-4636-b70d-6797ce2172a8-19.jpg,https://www.grandemotors.co.nz/Motorcentral/VehicleData/GRA-2b3be59c-4b91-4636-b70d-6797ce2172a8-20.jpg",Subaru,"Vehicles & Parts > Vehicles > Cars, Trucks & Vans",2015,SUV,GASOLINE,Automatic,Grande Motors
12713,2013 Subaru Impreza Eyesight.4WD.Radar cruise.Rear camera.,"Immobilizer. RCC (Radar Cruise Control). LKA (Lane Keeping Assistance). Pre-Collision Braking system ""Eyesight""- provides automatic braking to he Available from Grande Motors Ltd, East Tamaki, Auckland.",in stock,used,12490.00 NZD,https://www.grandemotors.co.nz/vehicle/2013-Subaru-Impreza/12713,https://www.grandemotors.co.nz/Motorcentral/VehicleData/GRA-0ddba6c9-b86c-4d2d-8f87-8433eb5ff838-1.jpg,"https://www.grandemotors.co.nz/Motorcentral/VehicleData/GRA-0ddba6c9-b86c-4d2d-8f87-8433eb5ff838-2.jpg,https://www.grandemotors.co.nz/Motorcentral/VehicleData/GRA-0ddba6c9-b86c-4d2d-8f87-8433eb5ff838-3.jpg,https://www.grandemotors.co.nz/Motorcentral/VehicleData/GRA-0ddba6c9-b86c-4d2d-8f87-8433eb5ff838-4.jpg,https://www.grandemotors.co.nz/Motorcentral/VehicleData/GRA-0ddba6c9-b86c-4d2d-8f87-8433eb5ff838-5.jpg,https://www.grandemotors.co.nz/Motorcentral/VehicleData/GRA-0ddba6c9-b86c-4d2d-8f87-8433eb5ff838-6.jpg,https://www.grandemotors.co.nz/Motorcentral/VehicleData/GRA-0ddba6c9-b86c-4d2d-8f87-8433eb5ff838-7.jpg,https://www.grandemotors.co.nz/Motorcentral/VehicleData/GRA-0ddba6c9-b86c-4d2d-8f87-8433eb5ff838-8.jpg,https://www.grandemotors.co.nz/Motorcentral/VehicleData/GRA-0ddba6c9-b86c-4d2d-8f87-8433eb5ff838-9.jpg,https://www.grandemotors.co.nz/Motorcentral/VehicleData/GRA-0ddba6c9-b86c-4d2d-8f87-8433eb5ff838-10.jpg,https://www.grandemotors.co.nz/Motorcentral/VehicleData/GRA-0ddba6c9-b86c-4d2d-8f87-8433eb5ff838-11.jpg,https://www.grandemotors.co.nz/Motorcentral/VehicleData/GRA-0ddba6c9-b86c-4d2d-8f87-8433eb5ff838-12.jpg,https://www.grandemotors.co.nz/Motorcentral/VehicleData/GRA-0ddba6c9-b86c-4d2d-8f87-8433eb5ff838-13.jpg,https://www.grandemotors.co.nz/Motorcentral/VehicleData/GRA-0ddba6c9-b86c-4d2d-8f87-8433eb5ff838-14.jpg,https://www.grandemotors.co.nz/Motorcentral/VehicleData/GRA-0ddba6c9-b86c-4d2d-8f87-8433eb5ff838-15.jpg,https://www.grandemotors.co.nz/Motorcentral/VehicleData/GRA-0ddba6c9-b86c-4d2d-8f87-8433eb5ff838-16.jpg,https://www.grandemotors.co.nz/Motorcentral/VehicleData/GRA-0ddba6c9-b86c-4d2d-8f87-8433eb5ff838-17.jpg,https://www.grandemotors.co.nz/Motorcentral/VehicleData/GRA-0ddba6c9-b86c-4d2d-8f87-8433eb5ff838-18.jpg,https://www.grandemotors.co.nz/Motorcentral/VehicleData/GRA-0ddba6c9-b86c-4d2d-8f87-8433eb5ff838-19.jpg",Subaru,"Vehicles & Parts > Vehicles > Cars, Trucks & Vans",2013,HATCHBACK,GASOLINE,Automatic,Grande Motors
12714,2013 Subaru Impreza 4WD.Eyesight.Lane assist.Radar cruise.Rear camera.,"Immobilizer. RCC (Radar Cruise Control). LKA (Lane Keeping Assistance). Pre-Collision Braking system ""Eyesight""- provides automatic braking to he Available from Grande Motors Ltd, East Tamaki, Auckland.",in stock,used,10980.00 NZD,https://www.grandemotors.co.nz/vehicle/2013-Subaru-Impreza/12714,https://www.grandemotors.co.nz/Motorcentral/VehicleData/GRA-574621e0-c41d-434c-819f-03e3e4bc7ad8-1.jpg,"https://www.grandemotors.co.nz/Motorcentral/VehicleData/GRA-574621e0-c41d-434c-819f-03e3e4bc7ad8-2.jpg,https://www.grandemotors.co.nz/Motorcentral/VehicleData/GRA-574621e0-c41d-434c-819f-03e3e4bc7ad8-3.jpg,https://www.grandemotors.co.nz/Motorcentral/VehicleData/GRA-574621e0-c41d-434c-819f-03e3e4bc7ad8-4.jpg,https://www.grandemotors.co.nz/Motorcentral/VehicleData/GRA-574621e0-c41d-434c-819f-03e3e4bc7ad8-5.jpg,https://www.grandemotors.co.nz/Motorcentral/VehicleData/GRA-574621e0-c41d-434c-819f-03e3e4bc7ad8-6.jpg,https://www.grandemotors.co.nz/Motorcentral/VehicleData/GRA-574621e0-c41d-434c-819f-03e3e4bc7ad8-7.jpg,https://www.grandemotors.co.nz/Motorcentral/VehicleData/GRA-574621e0-c41d-434c-819f-03e3e4bc7ad8-8.jpg,https://www.grandemotors.co.nz/Motorcentral/VehicleData/GRA-574621e0-c41d-434c-819f-03e3e4bc7ad8-9.jpg,https://www.grandemotors.co.nz/Motorcentral/VehicleData/GRA-574621e0-c41d-434c-819f-03e3e4bc7ad8-10.jpg,https://www.grandemotors.co.nz/Motorcentral/VehicleData/GRA-574621e0-c41d-434c-819f-03e3e4bc7ad8-11.jpg,https://www.grandemotors.co.nz/Motorcentral/VehicleData/GRA-574621e0-c41d-434c-819f-03e3e4bc7ad8-12.jpg,https://www.grandemotors.co.nz/Motorcentral/VehicleData/GRA-574621e0-c41d-434c-819f-03e3e4bc7ad8-13.jpg,https://www.grandemotors.co.nz/Motorcentral/VehicleData/GRA-574621e0-c41d-434c-819f-03e3e4bc7ad8-14.jpg,https://www.grandemotors.co.nz/Motorcentral/VehicleData/GRA-574621e0-c41d-434c-819f-03e3e4bc7ad8-15.jpg,https://www.grandemotors.co.nz/Motorcentral/VehicleData/GRA-574621e0-c41d-434c-819f-03e3e4bc7ad8-16.jpg",Subaru,"Vehicles & Parts > Vehicles > Cars, Trucks & Vans",2013,HATCHBACK,GASOLINE,Automatic,Grande Motors
12608,2015 Subaru Impreza Sport.Hybrid.Eyesight.Radar cruise.Lane assist.Button start.,"Immobilizer. RCC (Radar Cruise Control). LKA (Lane Keeping Assistance). Pre-Collision Braking system ""Eyesight""- provides automatic braking to he Available from Grande Motors Ltd, East Tamaki, Auckland.",in stock,used,13490.00 NZD,https://www.grandemotors.co.nz/vehicle/2015-Subaru-Impreza/12608,https://www.grandemotors.co.nz/Motorcentral/VehicleData/GRA-da18b897-e77f-4933-9bc0-fd27be7f215f-1.jpg,"https://www.grandemotors.co.nz/Motorcentral/VehicleData/GRA-da18b897-e77f-4933-9bc0-fd27be7f215f-2.jpg,https://www.grandemotors.co.nz/Motorcentral/VehicleData/GRA-da18b897-e77f-4933-9bc0-fd27be7f215f-3.jpg,https://www.grandemotors.co.nz/Motorcentral/VehicleData/GRA-da18b897-e77f-4933-9bc0-fd27be7f215f-4.jpg,https://www.grandemotors.co.nz/Motorcentral/VehicleData/GRA-da18b897-e77f-4933-9bc0-fd27be7f215f-5.jpg,https://www.grandemotors.co.nz/Motorcentral/VehicleData/GRA-da18b897-e77f-4933-9bc0-fd27be7f215f-6.jpg,https://www.grandemotors.co.nz/Motorcentral/VehicleData/GRA-da18b897-e77f-4933-9bc0-fd27be7f215f-7.jpg,https://www.grandemotors.co.nz/Motorcentral/VehicleData/GRA-da18b897-e77f-4933-9bc0-fd27be7f215f-8.jpg,https://www.grandemotors.co.nz/Motorcentral/VehicleData/GRA-da18b897-e77f-4933-9bc0-fd27be7f215f-9.jpg,https://www.grandemotors.co.nz/Motorcentral/VehicleData/GRA-da18b897-e77f-4933-9bc0-fd27be7f215f-10.jpg,https://www.grandemotors.co.nz/Motorcentral/VehicleData/GRA-da18b897-e77f-4933-9bc0-fd27be7f215f-11.jpg,https://www.grandemotors.co.nz/Motorcentral/VehicleData/GRA-da18b897-e77f-4933-9bc0-fd27be7f215f-12.jpg,https://www.grandemotors.co.nz/Motorcentral/VehicleData/GRA-da18b897-e77f-4933-9bc0-fd27be7f215f-13.jpg,https://www.grandemotors.co.nz/Motorcentral/VehicleData/GRA-da18b897-e77f-4933-9bc0-fd27be7f215f-14.jpg,https://www.grandemotors.co.nz/Motorcentral/VehicleData/GRA-da18b897-e77f-4933-9bc0-fd27be7f215f-15.jpg,https://www.grandemotors.co.nz/Motorcentral/VehicleData/GRA-da18b897-e77f-4933-9bc0-fd27be7f215f-16.jpg,https://www.grandemotors.co.nz/Motorcentral/VehicleData/GRA-da18b897-e77f-4933-9bc0-fd27be7f215f-17.jpg,https://www.grandemotors.co.nz/Motorcentral/VehicleData/GRA-da18b897-e77f-4933-9bc0-fd27be7f215f-18.jpg,https://www.grandemotors.co.nz/Motorcentral/VehicleData/GRA-da18b897-e77f-4933-9bc0-fd27be7f215f-19.jpg,https://www.grandemotors.co.nz/Motorcentral/VehicleData/GRA-da18b897-e77f-4933-9bc0-fd27be7f215f-20.jpg",Subaru,"Vehicles & Parts > Vehicles > Cars, Trucks & Vans",2015,HATCHBACK,HYBRID,Automatic,Grande Motors
12812,2015 Subaru Impreza G4.4WD.Eyesight.Leather.Radar cruise.Lane assist.Rear cam.Park sens.,"Immobilizer. RCC (Radar Cruise Control). LKA (Lane Keeping Assistance). Pre-Collision Braking system ""Eyesight""- provides automatic braking to he Available from Grande Motors Ltd, East Tamaki, Auckland.",in stock,used,12500.00 NZD,https://www.grandemotors.co.nz/vehicle/2015-Subaru-Impreza/12812,https://www.grandemotors.co.nz/Motorcentral/VehicleData/GRA-35f3ccc8-c39f-4f56-9488-f3f8964ce656-1.jpg,"https://www.grandemotors.co.nz/Motorcentral/VehicleData/GRA-35f3ccc8-c39f-4f56-9488-f3f8964ce656-2.jpg,https://www.grandemotors.co.nz/Motorcentral/VehicleData/GRA-35f3ccc8-c39f-4f56-9488-f3f8964ce656-3.jpg,https://www.grandemotors.co.nz/Motorcentral/VehicleData/GRA-35f3ccc8-c39f-4f56-9488-f3f8964ce656-4.jpg,https://www.grandemotors.co.nz/Motorcentral/VehicleData/GRA-35f3ccc8-c39f-4f56-9488-f3f8964ce656-5.jpg,https://www.grandemotors.co.nz/Motorcentral/VehicleData/GRA-35f3ccc8-c39f-4f56-9488-f3f8964ce656-6.jpg,https://www.grandemotors.co.nz/Motorcentral/VehicleData/GRA-35f3ccc8-c39f-4f56-9488-f3f8964ce656-7.jpg,https://www.grandemotors.co.nz/Motorcentral/VehicleData/GRA-35f3ccc8-c39f-4f56-9488-f3f8964ce656-8.jpg,https://www.grandemotors.co.nz/Motorcentral/VehicleData/GRA-35f3ccc8-c39f-4f56-9488-f3f8964ce656-9.jpg,https://www.grandemotors.co.nz/Motorcentral/VehicleData/GRA-35f3ccc8-c39f-4f56-9488-f3f8964ce656-10.jpg,https://www.grandemotors.co.nz/Motorcentral/VehicleData/GRA-35f3ccc8-c39f-4f56-9488-f3f8964ce656-11.jpg,https://www.grandemotors.co.nz/Motorcentral/VehicleData/GRA-35f3ccc8-c39f-4f56-9488-f3f8964ce656-12.jpg,https://www.grandemotors.co.nz/Motorcentral/VehicleData/GRA-35f3ccc8-c39f-4f56-9488-f3f8964ce656-13.jpg,https://www.grandemotors.co.nz/Motorcentral/VehicleData/GRA-35f3ccc8-c39f-4f56-9488-f3f8964ce656-14.jpg,https://www.grandemotors.co.nz/Motorcentral/VehicleData/GRA-35f3ccc8-c39f-4f56-9488-f3f8964ce656-15.jpg,https://www.grandemotors.co.nz/Motorcentral/VehicleData/GRA-35f3ccc8-c39f-4f56-9488-f3f8964ce656-16.jpg,https://www.grandemotors.co.nz/Motorcentral/VehicleData/GRA-35f3ccc8-c39f-4f56-9488-f3f8964ce656-17.jpg,https://www.grandemotors.co.nz/Motorcentral/VehicleData/GRA-35f3ccc8-c39f-4f56-9488-f3f8964ce656-18.jpg,https://www.grandemotors.co.nz/Motorcentral/VehicleData/GRA-35f3ccc8-c39f-4f56-9488-f3f8964ce656-19.jpg,https://www.grandemotors.co.nz/Motorcentral/VehicleData/GRA-35f3ccc8-c39f-4f56-9488-f3f8964ce656-20.jpg",Subaru,"Vehicles & Parts > Vehicles > Cars, Trucks & Vans",2015,SEDAN,GASOLINE,Automatic,Grande Motors
12929,2016 Subaru Impreza Sport.Rea camera.Parking sensors.,"2016 Subaru Impreza wagon in Navy colour with black interior. An enjoyable roomy interior that can seat 5 in total comfort. Economical and reliabl Available from Grande Motors Ltd, East Tamaki, Auckland.",in stock,used,10900.00 NZD,https://www.grandemotors.co.nz/vehicle/2016-Subaru-Impreza/12929,https://www.grandemotors.co.nz/Motorcentral/VehicleData/GRA-2596c908-a432-4871-b951-27c3bab3eace-1.jpg,"https://www.grandemotors.co.nz/Motorcentral/VehicleData/GRA-2596c908-a432-4871-b951-27c3bab3eace-2.jpg,https://www.grandemotors.co.nz/Motorcentral/VehicleData/GRA-2596c908-a432-4871-b951-27c3bab3eace-3.jpg,https://www.grandemotors.co.nz/Motorcentral/VehicleData/GRA-2596c908-a432-4871-b951-27c3bab3eace-4.jpg,https://www.grandemotors.co.nz/Motorcentral/VehicleData/GRA-2596c908-a432-4871-b951-27c3bab3eace-5.jpg,https://www.grandemotors.co.nz/Motorcentral/VehicleData/GRA-2596c908-a432-4871-b951-27c3bab3eace-6.jpg,https://www.grandemotors.co.nz/Motorcentral/VehicleData/GRA-2596c908-a432-4871-b951-27c3bab3eace-7.jpg,https://www.grandemotors.co.nz/Motorcentral/VehicleData/GRA-2596c908-a432-4871-b951-27c3bab3eace-8.jpg,https://www.grandemotors.co.nz/Motorcentral/VehicleData/GRA-2596c908-a432-4871-b951-27c3bab3eace-9.jpg,https://www.grandemotors.co.nz/Motorcentral/VehicleData/GRA-2596c908-a432-4871-b951-27c3bab3eace-10.jpg,https://www.grandemotors.co.nz/Motorcentral/VehicleData/GRA-2596c908-a432-4871-b951-27c3bab3eace-11.jpg,https://www.grandemotors.co.nz/Motorcentral/VehicleData/GRA-2596c908-a432-4871-b951-27c3bab3eace-12.jpg,https://www.grandemotors.co.nz/Motorcentral/VehicleData/GRA-2596c908-a432-4871-b951-27c3bab3eace-13.jpg,https://www.grandemotors.co.nz/Motorcentral/VehicleData/GRA-2596c908-a432-4871-b951-27c3bab3eace-14.jpg,https://www.grandemotors.co.nz/Motorcentral/VehicleData/GRA-2596c908-a432-4871-b951-27c3bab3eace-15.jpg,https://www.grandemotors.co.nz/Motorcentral/VehicleData/GRA-2596c908-a432-4871-b951-27c3bab3eace-16.jpg",Subaru,"Vehicles & Parts > Vehicles > Cars, Trucks & Vans",2016,HATCHBACK,GASOLINE,Automatic,Grande Motors
12732,2017 Subaru Impreza AWD.Eyesight.LKA.Radar cruise.LOW KM.,"2017 Subaru Impreza Hatchback in Blue colour Japanese import, 2L engine, done 61091 Automatic Impreza Sports AWD Eye-sight Paddle shift R Available from Grande Motors Ltd, East Tamaki, Auckland.",in stock,used,16400.00 NZD,https://www.grandemotors.co.nz/vehicle/2017-Subaru-Impreza/12732,https://www.grandemotors.co.nz/Motorcentral/VehicleData/GRA-3673c76e-b8e8-4ada-8f7b-7feac3f7c18a-1.jpg,"https://www.grandemotors.co.nz/Motorcentral/VehicleData/GRA-3673c76e-b8e8-4ada-8f7b-7feac3f7c18a-2.jpg,https://www.grandemotors.co.nz/Motorcentral/VehicleData/GRA-3673c76e-b8e8-4ada-8f7b-7feac3f7c18a-3.jpg,https://www.grandemotors.co.nz/Motorcentral/VehicleData/GRA-3673c76e-b8e8-4ada-8f7b-7feac3f7c18a-4.jpg,https://www.grandemotors.co.nz/Motorcentral/VehicleData/GRA-3673c76e-b8e8-4ada-8f7b-7feac3f7c18a-5.jpg,https://www.grandemotors.co.nz/Motorcentral/VehicleData/GRA-3673c76e-b8e8-4ada-8f7b-7feac3f7c18a-6.jpg,https://www.grandemotors.co.nz/Motorcentral/VehicleData/GRA-3673c76e-b8e8-4ada-8f7b-7feac3f7c18a-7.jpg,https://www.grandemotors.co.nz/Motorcentral/VehicleData/GRA-3673c76e-b8e8-4ada-8f7b-7feac3f7c18a-8.jpg,https://www.grandemotors.co.nz/Motorcentral/VehicleData/GRA-3673c76e-b8e8-4ada-8f7b-7feac3f7c18a-9.jpg,https://www.grandemotors.co.nz/Motorcentral/VehicleData/GRA-3673c76e-b8e8-4ada-8f7b-7feac3f7c18a-10.jpg,https://www.grandemotors.co.nz/Motorcentral/VehicleData/GRA-3673c76e-b8e8-4ada-8f7b-7feac3f7c18a-11.jpg,https://www.grandemotors.co.nz/Motorcentral/VehicleData/GRA-3673c76e-b8e8-4ada-8f7b-7feac3f7c18a-12.jpg,https://www.grandemotors.co.nz/Motorcentral/VehicleData/GRA-3673c76e-b8e8-4ada-8f7b-7feac3f7c18a-13.jpg,https://www.grandemotors.co.nz/Motorcentral/VehicleData/GRA-3673c76e-b8e8-4ada-8f7b-7feac3f7c18a-14.jpg,https://www.grandemotors.co.nz/Motorcentral/VehicleData/GRA-3673c76e-b8e8-4ada-8f7b-7feac3f7c18a-15.jpg,https://www.grandemotors.co.nz/Motorcentral/VehicleData/GRA-3673c76e-b8e8-4ada-8f7b-7feac3f7c18a-16.jpg,https://www.grandemotors.co.nz/Motorcentral/VehicleData/GRA-3673c76e-b8e8-4ada-8f7b-7feac3f7c18a-17.jpg,https://www.grandemotors.co.nz/Motorcentral/VehicleData/GRA-3673c76e-b8e8-4ada-8f7b-7feac3f7c18a-18.jpg,https://www.grandemotors.co.nz/Motorcentral/VehicleData/GRA-3673c76e-b8e8-4ada-8f7b-7feac3f7c18a-19.jpg,https://www.grandemotors.co.nz/Motorcentral/VehicleData/GRA-3673c76e-b8e8-4ada-8f7b-7feac3f7c18a-20.jpg",Subaru,"Vehicles & Parts > Vehicles > Cars, Trucks & Vans",2017,HATCHBACK,GASOLINE,Automatic,Grande Motors
12931,2017 Subaru Impreza Sport.Eyesight.Radar cruise.Lane assist.Button start.,"Immobilizer. RCC (Radar Cruise Control). LKA (Lane Keeping Assistance). Pre-Collision Braking system ""Eyesight""- provides automatic braking to he Available from Grande Motors Ltd, East Tamaki, Auckland.",in stock,used,13400.00 NZD,https://www.grandemotors.co.nz/vehicle/2017-Subaru-Impreza/12931,https://www.grandemotors.co.nz/Motorcentral/VehicleData/GRA-53977271-5873-4fcf-81e3-8290a269a614-1.jpg,"https://www.grandemotors.co.nz/Motorcentral/VehicleData/GRA-53977271-5873-4fcf-81e3-8290a269a614-2.jpg,https://www.grandemotors.co.nz/Motorcentral/VehicleData/GRA-53977271-5873-4fcf-81e3-8290a269a614-3.jpg,https://www.grandemotors.co.nz/Motorcentral/VehicleData/GRA-53977271-5873-4fcf-81e3-8290a269a614-4.jpg,https://www.grandemotors.co.nz/Motorcentral/VehicleData/GRA-53977271-5873-4fcf-81e3-8290a269a614-5.jpg,https://www.grandemotors.co.nz/Motorcentral/VehicleData/GRA-53977271-5873-4fcf-81e3-8290a269a614-6.jpg,https://www.grandemotors.co.nz/Motorcentral/VehicleData/GRA-53977271-5873-4fcf-81e3-8290a269a614-7.jpg,https://www.grandemotors.co.nz/Motorcentral/VehicleData/GRA-53977271-5873-4fcf-81e3-8290a269a614-8.jpg,https://www.grandemotors.co.nz/Motorcentral/VehicleData/GRA-53977271-5873-4fcf-81e3-8290a269a614-9.jpg,https://www.grandemotors.co.nz/Motorcentral/VehicleData/GRA-53977271-5873-4fcf-81e3-8290a269a614-10.jpg,https://www.grandemotors.co.nz/Motorcentral/VehicleData/GRA-53977271-5873-4fcf-81e3-8290a269a614-11.jpg,https://www.grandemotors.co.nz/Motorcentral/VehicleData/GRA-53977271-5873-4fcf-81e3-8290a269a614-12.jpg,https://www.grandemotors.co.nz/Motorcentral/VehicleData/GRA-53977271-5873-4fcf-81e3-8290a269a614-13.jpg,https://www.grandemotors.co.nz/Motorcentral/VehicleData/GRA-53977271-5873-4fcf-81e3-8290a269a614-14.jpg,https://www.grandemotors.co.nz/Motorcentral/VehicleData/GRA-53977271-5873-4fcf-81e3-8290a269a614-15.jpg,https://www.grandemotors.co.nz/Motorcentral/VehicleData/GRA-53977271-5873-4fcf-81e3-8290a269a614-16.jpg,https://www.grandemotors.co.nz/Motorcentral/VehicleData/GRA-53977271-5873-4fcf-81e3-8290a269a614-17.jpg,https://www.grandemotors.co.nz/Motorcentral/VehicleData/GRA-53977271-5873-4fcf-81e3-8290a269a614-18.jpg,https://www.grandemotors.co.nz/Motorcentral/VehicleData/GRA-53977271-5873-4fcf-81e3-8290a269a614-19.jpg,https://www.grandemotors.co.nz/Motorcentral/VehicleData/GRA-53977271-5873-4fcf-81e3-8290a269a614-20.jpg",Subaru,"Vehicles & Parts > Vehicles > Cars, Trucks & Vans",2017,HATCHBACK,GASOLINE,Automatic,Grande Motors
13125,2017 Subaru Impreza Eyesight.Lane assist..Blind spot.Radar cruise.Rear camera.,"Immobilizer. RCC (Radar Cruise Control). BSM (Blind Spot Monitoring). LKA (Lane Keeping Assistance). Pre-Collision Braking system ""Eyesight""- pr Available from Grande Motors Ltd, East Tamaki, Auckland.",in stock,used,12900.00 NZD,https://www.grandemotors.co.nz/vehicle/2017-Subaru-Impreza/13125,https://www.grandemotors.co.nz/Motorcentral/VehicleData/GRA-919b280c-4862-47ad-a92e-0457a13ad068-1.jpg,"https://www.grandemotors.co.nz/Motorcentral/VehicleData/GRA-919b280c-4862-47ad-a92e-0457a13ad068-2.jpg,https://www.grandemotors.co.nz/Motorcentral/VehicleData/GRA-919b280c-4862-47ad-a92e-0457a13ad068-3.jpg,https://www.grandemotors.co.nz/Motorcentral/VehicleData/GRA-919b280c-4862-47ad-a92e-0457a13ad068-4.jpg,https://www.grandemotors.co.nz/Motorcentral/VehicleData/GRA-919b280c-4862-47ad-a92e-0457a13ad068-5.jpg,https://www.grandemotors.co.nz/Motorcentral/VehicleData/GRA-919b280c-4862-47ad-a92e-0457a13ad068-6.jpg,https://www.grandemotors.co.nz/Motorcentral/VehicleData/GRA-919b280c-4862-47ad-a92e-0457a13ad068-7.jpg,https://www.grandemotors.co.nz/Motorcentral/VehicleData/GRA-919b280c-4862-47ad-a92e-0457a13ad068-8.jpg,https://www.grandemotors.co.nz/Motorcentral/VehicleData/GRA-919b280c-4862-47ad-a92e-0457a13ad068-9.jpg,https://www.grandemotors.co.nz/Motorcentral/VehicleData/GRA-919b280c-4862-47ad-a92e-0457a13ad068-10.jpg,https://www.grandemotors.co.nz/Motorcentral/VehicleData/GRA-919b280c-4862-47ad-a92e-0457a13ad068-11.jpg,https://www.grandemotors.co.nz/Motorcentral/VehicleData/GRA-919b280c-4862-47ad-a92e-0457a13ad068-12.jpg,https://www.grandemotors.co.nz/Motorcentral/VehicleData/GRA-919b280c-4862-47ad-a92e-0457a13ad068-13.jpg,https://www.grandemotors.co.nz/Motorcentral/VehicleData/GRA-919b280c-4862-47ad-a92e-0457a13ad068-14.jpg,https://www.grandemotors.co.nz/Motorcentral/VehicleData/GRA-919b280c-4862-47ad-a92e-0457a13ad068-15.jpg,https://www.grandemotors.co.nz/Motorcentral/VehicleData/GRA-919b280c-4862-47ad-a92e-0457a13ad068-16.jpg,https://www.grandemotors.co.nz/Motorcentral/VehicleData/GRA-919b280c-4862-47ad-a92e-0457a13ad068-17.jpg,https://www.grandemotors.co.nz/Motorcentral/VehicleData/GRA-919b280c-4862-47ad-a92e-0457a13ad068-18.jpg,https://www.grandemotors.co.nz/Motorcentral/VehicleData/GRA-919b280c-4862-47ad-a92e-0457a13ad068-19.jpg,https://www.grandemotors.co.nz/Motorcentral/VehicleData/GRA-919b280c-4862-47ad-a92e-0457a13ad068-20.jpg",Subaru,"Vehicles & Parts > Vehicles > Cars, Trucks & Vans",2017,HATCHBACK,GASOLINE,Automatic,Grande Motors
13173,2021 Subaru Impreza Eyesight.Lane assist.Radar cruise.Park sens.Rear camera.,"Immobilizer. RCC (Radar Cruise Control). BSM (Blind Spot Monitoring). LKA (Lane Keeping Assistance). Alloy wheels with Japanese Yokohama tires. Available from Grande Motors Ltd, East Tamaki, Auckland.",in stock,used,15900.00 NZD,https://www.grandemotors.co.nz/vehicle/2021-Subaru-Impreza/13173,https://www.grandemotors.co.nz/Motorcentral/VehicleData/GRA-3cd955e5-473b-46de-8701-8203f1cf42aa-1.jpg,"https://www.grandemotors.co.nz/Motorcentral/VehicleData/GRA-3cd955e5-473b-46de-8701-8203f1cf42aa-2.jpg,https://www.grandemotors.co.nz/Motorcentral/VehicleData/GRA-3cd955e5-473b-46de-8701-8203f1cf42aa-3.jpg,https://www.grandemotors.co.nz/Motorcentral/VehicleData/GRA-3cd955e5-473b-46de-8701-8203f1cf42aa-4.jpg,https://www.grandemotors.co.nz/Motorcentral/VehicleData/GRA-3cd955e5-473b-46de-8701-8203f1cf42aa-5.jpg,https://www.grandemotors.co.nz/Motorcentral/VehicleData/GRA-3cd955e5-473b-46de-8701-8203f1cf42aa-6.jpg,https://www.grandemotors.co.nz/Motorcentral/VehicleData/GRA-3cd955e5-473b-46de-8701-8203f1cf42aa-7.jpg,https://www.grandemotors.co.nz/Motorcentral/VehicleData/GRA-3cd955e5-473b-46de-8701-8203f1cf42aa-8.jpg,https://www.grandemotors.co.nz/Motorcentral/VehicleData/GRA-3cd955e5-473b-46de-8701-8203f1cf42aa-9.jpg,https://www.grandemotors.co.nz/Motorcentral/VehicleData/GRA-3cd955e5-473b-46de-8701-8203f1cf42aa-10.jpg,https://www.grandemotors.co.nz/Motorcentral/VehicleData/GRA-3cd955e5-473b-46de-8701-8203f1cf42aa-11.jpg,https://www.grandemotors.co.nz/Motorcentral/VehicleData/GRA-3cd955e5-473b-46de-8701-8203f1cf42aa-12.jpg,https://www.grandemotors.co.nz/Motorcentral/VehicleData/GRA-3cd955e5-473b-46de-8701-8203f1cf42aa-13.jpg,https://www.grandemotors.co.nz/Motorcentral/VehicleData/GRA-3cd955e5-473b-46de-8701-8203f1cf42aa-14.jpg,https://www.grandemotors.co.nz/Motorcentral/VehicleData/GRA-3cd955e5-473b-46de-8701-8203f1cf42aa-15.jpg,https://www.grandemotors.co.nz/Motorcentral/VehicleData/GRA-3cd955e5-473b-46de-8701-8203f1cf42aa-16.jpg,https://www.grandemotors.co.nz/Motorcentral/VehicleData/GRA-3cd955e5-473b-46de-8701-8203f1cf42aa-17.jpg",Subaru,"Vehicles & Parts > Vehicles > Cars, Trucks & Vans",2021,HATCHBACK,GASOLINE,Automatic,Grande Motors
13174,2013 Subaru Legacy Eyesight.4WD.Lane assist.Radar cruise.Rear cam.Alarm.,"Alarm. Immobilizer. Engine button start. RCC (Radar Cruise Control). LKA (Lane Keeping Assistance). Eyesight-Pre-Collision Braking system- prov Available from Grande Motors Ltd, East Tamaki, Auckland.",in stock,used,10900.00 NZD,https://www.grandemotors.co.nz/vehicle/2013-Subaru-Legacy/13174,https://www.grandemotors.co.nz/Motorcentral/VehicleData/GRA-3e4322f4-be35-419e-89af-a2f21084eaed-1.jpg,"https://www.grandemotors.co.nz/Motorcentral/VehicleData/GRA-3e4322f4-be35-419e-89af-a2f21084eaed-2.jpg,https://www.grandemotors.co.nz/Motorcentral/VehicleData/GRA-3e4322f4-be35-419e-89af-a2f21084eaed-3.jpg,https://www.grandemotors.co.nz/Motorcentral/VehicleData/GRA-3e4322f4-be35-419e-89af-a2f21084eaed-4.jpg,https://www.grandemotors.co.nz/Motorcentral/VehicleData/GRA-3e4322f4-be35-419e-89af-a2f21084eaed-5.jpg,https://www.grandemotors.co.nz/Motorcentral/VehicleData/GRA-3e4322f4-be35-419e-89af-a2f21084eaed-6.jpg,https://www.grandemotors.co.nz/Motorcentral/VehicleData/GRA-3e4322f4-be35-419e-89af-a2f21084eaed-7.jpg,https://www.grandemotors.co.nz/Motorcentral/VehicleData/GRA-3e4322f4-be35-419e-89af-a2f21084eaed-8.jpg,https://www.grandemotors.co.nz/Motorcentral/VehicleData/GRA-3e4322f4-be35-419e-89af-a2f21084eaed-9.jpg,https://www.grandemotors.co.nz/Motorcentral/VehicleData/GRA-3e4322f4-be35-419e-89af-a2f21084eaed-10.jpg,https://www.grandemotors.co.nz/Motorcentral/VehicleData/GRA-3e4322f4-be35-419e-89af-a2f21084eaed-11.jpg,https://www.grandemotors.co.nz/Motorcentral/VehicleData/GRA-3e4322f4-be35-419e-89af-a2f21084eaed-12.jpg,https://www.grandemotors.co.nz/Motorcentral/VehicleData/GRA-3e4322f4-be35-419e-89af-a2f21084eaed-13.jpg,https://www.grandemotors.co.nz/Motorcentral/VehicleData/GRA-3e4322f4-be35-419e-89af-a2f21084eaed-14.jpg,https://www.grandemotors.co.nz/Motorcentral/VehicleData/GRA-3e4322f4-be35-419e-89af-a2f21084eaed-15.jpg,https://www.grandemotors.co.nz/Motorcentral/VehicleData/GRA-3e4322f4-be35-419e-89af-a2f21084eaed-16.jpg,https://www.grandemotors.co.nz/Motorcentral/VehicleData/GRA-3e4322f4-be35-419e-89af-a2f21084eaed-17.jpg,https://www.grandemotors.co.nz/Motorcentral/VehicleData/GRA-3e4322f4-be35-419e-89af-a2f21084eaed-18.jpg,https://www.grandemotors.co.nz/Motorcentral/VehicleData/GRA-3e4322f4-be35-419e-89af-a2f21084eaed-19.jpg,https://www.grandemotors.co.nz/Motorcentral/VehicleData/GRA-3e4322f4-be35-419e-89af-a2f21084eaed-20.jpg",Subaru,"Vehicles & Parts > Vehicles > Cars, Trucks & Vans",2013,WAGON,GASOLINE,Automatic,Grande Motors
12759,2017 Subaru Levorg 4WD.Eyesignt.Lane assist.Radar cruise.Rear cam.Button start.,"Immobilizer. Engine button start. RCC (Radar Cruise Control). LKA (Lane Keeping Assistance). Eyesight-Pre-Collision Braking system- provides aut Available from Grande Motors Ltd, East Tamaki, Auckland.",in stock,used,14950.00 NZD,https://www.grandemotors.co.nz/vehicle/2017-Subaru-Levorg/12759,https://www.grandemotors.co.nz/Motorcentral/VehicleData/GRA-5b7069df-8eb4-40ef-b8e5-db19ad1dff9c-1.jpg,"https://www.grandemotors.co.nz/Motorcentral/VehicleData/GRA-5b7069df-8eb4-40ef-b8e5-db19ad1dff9c-2.jpg,https://www.grandemotors.co.nz/Motorcentral/VehicleData/GRA-5b7069df-8eb4-40ef-b8e5-db19ad1dff9c-3.jpg,https://www.grandemotors.co.nz/Motorcentral/VehicleData/GRA-5b7069df-8eb4-40ef-b8e5-db19ad1dff9c-4.jpg,https://www.grandemotors.co.nz/Motorcentral/VehicleData/GRA-5b7069df-8eb4-40ef-b8e5-db19ad1dff9c-5.jpg,https://www.grandemotors.co.nz/Motorcentral/VehicleData/GRA-5b7069df-8eb4-40ef-b8e5-db19ad1dff9c-6.jpg,https://www.grandemotors.co.nz/Motorcentral/VehicleData/GRA-5b7069df-8eb4-40ef-b8e5-db19ad1dff9c-7.jpg,https://www.grandemotors.co.nz/Motorcentral/VehicleData/GRA-5b7069df-8eb4-40ef-b8e5-db19ad1dff9c-8.jpg,https://www.grandemotors.co.nz/Motorcentral/VehicleData/GRA-5b7069df-8eb4-40ef-b8e5-db19ad1dff9c-9.jpg,https://www.grandemotors.co.nz/Motorcentral/VehicleData/GRA-5b7069df-8eb4-40ef-b8e5-db19ad1dff9c-10.jpg,https://www.grandemotors.co.nz/Motorcentral/VehicleData/GRA-5b7069df-8eb4-40ef-b8e5-db19ad1dff9c-11.jpg,https://www.grandemotors.co.nz/Motorcentral/VehicleData/GRA-5b7069df-8eb4-40ef-b8e5-db19ad1dff9c-12.jpg,https://www.grandemotors.co.nz/Motorcentral/VehicleData/GRA-5b7069df-8eb4-40ef-b8e5-db19ad1dff9c-13.jpg,https://www.grandemotors.co.nz/Motorcentral/VehicleData/GRA-5b7069df-8eb4-40ef-b8e5-db19ad1dff9c-14.jpg,https://www.grandemotors.co.nz/Motorcentral/VehicleData/GRA-5b7069df-8eb4-40ef-b8e5-db19ad1dff9c-15.jpg,https://www.grandemotors.co.nz/Motorcentral/VehicleData/GRA-5b7069df-8eb4-40ef-b8e5-db19ad1dff9c-16.jpg,https://www.grandemotors.co.nz/Motorcentral/VehicleData/GRA-5b7069df-8eb4-40ef-b8e5-db19ad1dff9c-17.jpg,https://www.grandemotors.co.nz/Motorcentral/VehicleData/GRA-5b7069df-8eb4-40ef-b8e5-db19ad1dff9c-18.jpg,https://www.grandemotors.co.nz/Motorcentral/VehicleData/GRA-5b7069df-8eb4-40ef-b8e5-db19ad1dff9c-19.jpg,https://www.grandemotors.co.nz/Motorcentral/VehicleData/GRA-5b7069df-8eb4-40ef-b8e5-db19ad1dff9c-20.jpg",Subaru,"Vehicles & Parts > Vehicles > Cars, Trucks & Vans",2017,WAGON,GASOLINE,Automatic,Grande Motors
12857,2019 Subaru Levorg 4WD.Eyesignt.Android/AppleCarPlay.Lane assist.Radar cruise.Rear cam.Button start.,"Immobilizer. Engine button start. RCC (Radar Cruise Control). LKA (Lane Keeping Assistance). NZ Android/Apple CarPlay stereo. Eyesight-Pre-Coll Available from Grande Motors Ltd, East Tamaki, Auckland.",in stock,used,18200.00 NZD,https://www.grandemotors.co.nz/vehicle/2019-Subaru-Levorg/12857,https://www.grandemotors.co.nz/Motorcentral/VehicleData/GRA-8e73241c-aaa3-455b-b04c-d10a1e3ac3f4-1.jpg,"https://www.grandemotors.co.nz/Motorcentral/VehicleData/GRA-8e73241c-aaa3-455b-b04c-d10a1e3ac3f4-2.jpg,https://www.grandemotors.co.nz/Motorcentral/VehicleData/GRA-8e73241c-aaa3-455b-b04c-d10a1e3ac3f4-3.jpg,https://www.grandemotors.co.nz/Motorcentral/VehicleData/GRA-8e73241c-aaa3-455b-b04c-d10a1e3ac3f4-4.jpg,https://www.grandemotors.co.nz/Motorcentral/VehicleData/GRA-8e73241c-aaa3-455b-b04c-d10a1e3ac3f4-5.jpg,https://www.grandemotors.co.nz/Motorcentral/VehicleData/GRA-8e73241c-aaa3-455b-b04c-d10a1e3ac3f4-6.jpg,https://www.grandemotors.co.nz/Motorcentral/VehicleData/GRA-8e73241c-aaa3-455b-b04c-d10a1e3ac3f4-7.jpg,https://www.grandemotors.co.nz/Motorcentral/VehicleData/GRA-8e73241c-aaa3-455b-b04c-d10a1e3ac3f4-8.jpg,https://www.grandemotors.co.nz/Motorcentral/VehicleData/GRA-8e73241c-aaa3-455b-b04c-d10a1e3ac3f4-9.jpg,https://www.grandemotors.co.nz/Motorcentral/VehicleData/GRA-8e73241c-aaa3-455b-b04c-d10a1e3ac3f4-10.jpg,https://www.grandemotors.co.nz/Motorcentral/VehicleData/GRA-8e73241c-aaa3-455b-b04c-d10a1e3ac3f4-11.jpg,https://www.grandemotors.co.nz/Motorcentral/VehicleData/GRA-8e73241c-aaa3-455b-b04c-d10a1e3ac3f4-12.jpg,https://www.grandemotors.co.nz/Motorcentral/VehicleData/GRA-8e73241c-aaa3-455b-b04c-d10a1e3ac3f4-13.jpg,https://www.grandemotors.co.nz/Motorcentral/VehicleData/GRA-8e73241c-aaa3-455b-b04c-d10a1e3ac3f4-14.jpg,https://www.grandemotors.co.nz/Motorcentral/VehicleData/GRA-8e73241c-aaa3-455b-b04c-d10a1e3ac3f4-15.jpg,https://www.grandemotors.co.nz/Motorcentral/VehicleData/GRA-8e73241c-aaa3-455b-b04c-d10a1e3ac3f4-16.jpg,https://www.grandemotors.co.nz/Motorcentral/VehicleData/GRA-8e73241c-aaa3-455b-b04c-d10a1e3ac3f4-17.jpg,https://www.grandemotors.co.nz/Motorcentral/VehicleData/GRA-8e73241c-aaa3-455b-b04c-d10a1e3ac3f4-18.jpg,https://www.grandemotors.co.nz/Motorcentral/VehicleData/GRA-8e73241c-aaa3-455b-b04c-d10a1e3ac3f4-19.jpg,https://www.grandemotors.co.nz/Motorcentral/VehicleData/GRA-8e73241c-aaa3-455b-b04c-d10a1e3ac3f4-20.jpg",Subaru,"Vehicles & Parts > Vehicles > Cars, Trucks & Vans",2019,WAGON,GASOLINE,Automatic,Grande Motors
12856,2020 Subaru Levorg 4WD.Eyesignt.Lane assist.Radar cruise.Rear cam.Button start.,"Immobilizer. Engine button start. RCC (Radar Cruise Control). LKA (Lane Keeping Assistance). Eyesight-Pre-Collision Braking system- provides aut Available from Grande Motors Ltd, East Tamaki, Auckland.",in stock,used,29700.00 NZD,https://www.grandemotors.co.nz/vehicle/2020-Subaru-Levorg/12856,https://www.grandemotors.co.nz/Motorcentral/VehicleData/GRA-a2f12c2a-3171-4d4f-98d5-41ade58ced52-1.jpg,"https://www.grandemotors.co.nz/Motorcentral/VehicleData/GRA-a2f12c2a-3171-4d4f-98d5-41ade58ced52-2.jpg,https://www.grandemotors.co.nz/Motorcentral/VehicleData/GRA-a2f12c2a-3171-4d4f-98d5-41ade58ced52-3.jpg,https://www.grandemotors.co.nz/Motorcentral/VehicleData/GRA-a2f12c2a-3171-4d4f-98d5-41ade58ced52-4.jpg,https://www.grandemotors.co.nz/Motorcentral/VehicleData/GRA-a2f12c2a-3171-4d4f-98d5-41ade58ced52-5.jpg,https://www.grandemotors.co.nz/Motorcentral/VehicleData/GRA-a2f12c2a-3171-4d4f-98d5-41ade58ced52-6.jpg,https://www.grandemotors.co.nz/Motorcentral/VehicleData/GRA-a2f12c2a-3171-4d4f-98d5-41ade58ced52-7.jpg,https://www.grandemotors.co.nz/Motorcentral/VehicleData/GRA-a2f12c2a-3171-4d4f-98d5-41ade58ced52-8.jpg,https://www.grandemotors.co.nz/Motorcentral/VehicleData/GRA-a2f12c2a-3171-4d4f-98d5-41ade58ced52-9.jpg,https://www.grandemotors.co.nz/Motorcentral/VehicleData/GRA-a2f12c2a-3171-4d4f-98d5-41ade58ced52-10.jpg,https://www.grandemotors.co.nz/Motorcentral/VehicleData/GRA-a2f12c2a-3171-4d4f-98d5-41ade58ced52-11.jpg,https://www.grandemotors.co.nz/Motorcentral/VehicleData/GRA-a2f12c2a-3171-4d4f-98d5-41ade58ced52-12.jpg,https://www.grandemotors.co.nz/Motorcentral/VehicleData/GRA-a2f12c2a-3171-4d4f-98d5-41ade58ced52-13.jpg,https://www.grandemotors.co.nz/Motorcentral/VehicleData/GRA-a2f12c2a-3171-4d4f-98d5-41ade58ced52-14.jpg,https://www.grandemotors.co.nz/Motorcentral/VehicleData/GRA-a2f12c2a-3171-4d4f-98d5-41ade58ced52-15.jpg,https://www.grandemotors.co.nz/Motorcentral/VehicleData/GRA-a2f12c2a-3171-4d4f-98d5-41ade58ced52-16.jpg,https://www.grandemotors.co.nz/Motorcentral/VehicleData/GRA-a2f12c2a-3171-4d4f-98d5-41ade58ced52-17.jpg,https://www.grandemotors.co.nz/Motorcentral/VehicleData/GRA-a2f12c2a-3171-4d4f-98d5-41ade58ced52-18.jpg",Subaru,"Vehicles & Parts > Vehicles > Cars, Trucks & Vans",2020,WAGON,GASOLINE,Automatic,Grande Motors
12876,2021 Subaru Levorg STI.4WD.Leather.360°cam.Lane assist.Radar cruise.,"AUCTION GRADE 4,5. Immobilizer. Engine button start. RCC (Radar Cruise Control). LKA (Lane Keeping Assistance). 2021 Subaru Levorg STI Sport Available from Grande Motors Ltd, East Tamaki, Auckland.",in stock,used,29900.00 NZD,https://www.grandemotors.co.nz/vehicle/2021-Subaru-Levorg/12876,https://www.grandemotors.co.nz/Motorcentral/VehicleData/GRA-fe48f68c-bd60-4b3d-afdd-c1eaa5272eed-1.jpg,"https://www.grandemotors.co.nz/Motorcentral/VehicleData/GRA-fe48f68c-bd60-4b3d-afdd-c1eaa5272eed-2.jpg,https://www.grandemotors.co.nz/Motorcentral/VehicleData/GRA-fe48f68c-bd60-4b3d-afdd-c1eaa5272eed-3.jpg,https://www.grandemotors.co.nz/Motorcentral/VehicleData/GRA-fe48f68c-bd60-4b3d-afdd-c1eaa5272eed-4.jpg,https://www.grandemotors.co.nz/Motorcentral/VehicleData/GRA-fe48f68c-bd60-4b3d-afdd-c1eaa5272eed-5.jpg,https://www.grandemotors.co.nz/Motorcentral/VehicleData/GRA-fe48f68c-bd60-4b3d-afdd-c1eaa5272eed-6.jpg,https://www.grandemotors.co.nz/Motorcentral/VehicleData/GRA-fe48f68c-bd60-4b3d-afdd-c1eaa5272eed-7.jpg,https://www.grandemotors.co.nz/Motorcentral/VehicleData/GRA-fe48f68c-bd60-4b3d-afdd-c1eaa5272eed-8.jpg,https://www.grandemotors.co.nz/Motorcentral/VehicleData/GRA-fe48f68c-bd60-4b3d-afdd-c1eaa5272eed-9.jpg,https://www.grandemotors.co.nz/Motorcentral/VehicleData/GRA-fe48f68c-bd60-4b3d-afdd-c1eaa5272eed-10.jpg,https://www.grandemotors.co.nz/Motorcentral/VehicleData/GRA-fe48f68c-bd60-4b3d-afdd-c1eaa5272eed-11.jpg,https://www.grandemotors.co.nz/Motorcentral/VehicleData/GRA-fe48f68c-bd60-4b3d-afdd-c1eaa5272eed-12.jpg,https://www.grandemotors.co.nz/Motorcentral/VehicleData/GRA-fe48f68c-bd60-4b3d-afdd-c1eaa5272eed-13.jpg,https://www.grandemotors.co.nz/Motorcentral/VehicleData/GRA-fe48f68c-bd60-4b3d-afdd-c1eaa5272eed-14.jpg,https://www.grandemotors.co.nz/Motorcentral/VehicleData/GRA-fe48f68c-bd60-4b3d-afdd-c1eaa5272eed-15.jpg,https://www.grandemotors.co.nz/Motorcentral/VehicleData/GRA-fe48f68c-bd60-4b3d-afdd-c1eaa5272eed-16.jpg,https://www.grandemotors.co.nz/Motorcentral/VehicleData/GRA-fe48f68c-bd60-4b3d-afdd-c1eaa5272eed-17.jpg,https://www.grandemotors.co.nz/Motorcentral/VehicleData/GRA-fe48f68c-bd60-4b3d-afdd-c1eaa5272eed-18.jpg,https://www.grandemotors.co.nz/Motorcentral/VehicleData/GRA-fe48f68c-bd60-4b3d-afdd-c1eaa5272eed-19.jpg",Subaru,"Vehicles & Parts > Vehicles > Cars, Trucks & Vans",2021,WAGON,GASOLINE,Automatic,Grande Motors
12561,2016 Subaru Outback 4WD.Eyesight.Blind spot.Leather.Radar cruise.Lane assist.Park sens.Alarm.,"Immobilizer. Engine button start. RCC (Radar Cruise Control). BSM (Blind Spot Monitoring). LKA (Lane Keeping Assistance). 8 SRS Airbags (front, s Available from Grande Motors Ltd, East Tamaki, Auckland.",in stock,used,16480.00 NZD,https://www.grandemotors.co.nz/vehicle/2016-Subaru-Outback/12561,https://www.grandemotors.co.nz/Motorcentral/VehicleData/GRA-c3155584-a98a-48d4-a58b-0fb49c42ebcf-1.jpg,"https://www.grandemotors.co.nz/Motorcentral/VehicleData/GRA-c3155584-a98a-48d4-a58b-0fb49c42ebcf-2.jpg,https://www.grandemotors.co.nz/Motorcentral/VehicleData/GRA-c3155584-a98a-48d4-a58b-0fb49c42ebcf-3.jpg,https://www.grandemotors.co.nz/Motorcentral/VehicleData/GRA-c3155584-a98a-48d4-a58b-0fb49c42ebcf-4.jpg,https://www.grandemotors.co.nz/Motorcentral/VehicleData/GRA-c3155584-a98a-48d4-a58b-0fb49c42ebcf-5.jpg,https://www.grandemotors.co.nz/Motorcentral/VehicleData/GRA-c3155584-a98a-48d4-a58b-0fb49c42ebcf-6.jpg,https://www.grandemotors.co.nz/Motorcentral/VehicleData/GRA-c3155584-a98a-48d4-a58b-0fb49c42ebcf-7.jpg,https://www.grandemotors.co.nz/Motorcentral/VehicleData/GRA-c3155584-a98a-48d4-a58b-0fb49c42ebcf-8.jpg,https://www.grandemotors.co.nz/Motorcentral/VehicleData/GRA-c3155584-a98a-48d4-a58b-0fb49c42ebcf-9.jpg,https://www.grandemotors.co.nz/Motorcentral/VehicleData/GRA-c3155584-a98a-48d4-a58b-0fb49c42ebcf-10.jpg,https://www.grandemotors.co.nz/Motorcentral/VehicleData/GRA-c3155584-a98a-48d4-a58b-0fb49c42ebcf-11.jpg,https://www.grandemotors.co.nz/Motorcentral/VehicleData/GRA-c3155584-a98a-48d4-a58b-0fb49c42ebcf-12.jpg,https://www.grandemotors.co.nz/Motorcentral/VehicleData/GRA-c3155584-a98a-48d4-a58b-0fb49c42ebcf-13.jpg,https://www.grandemotors.co.nz/Motorcentral/VehicleData/GRA-c3155584-a98a-48d4-a58b-0fb49c42ebcf-14.jpg,https://www.grandemotors.co.nz/Motorcentral/VehicleData/GRA-c3155584-a98a-48d4-a58b-0fb49c42ebcf-15.jpg,https://www.grandemotors.co.nz/Motorcentral/VehicleData/GRA-c3155584-a98a-48d4-a58b-0fb49c42ebcf-16.jpg,https://www.grandemotors.co.nz/Motorcentral/VehicleData/GRA-c3155584-a98a-48d4-a58b-0fb49c42ebcf-17.jpg,https://www.grandemotors.co.nz/Motorcentral/VehicleData/GRA-c3155584-a98a-48d4-a58b-0fb49c42ebcf-18.jpg,https://www.grandemotors.co.nz/Motorcentral/VehicleData/GRA-c3155584-a98a-48d4-a58b-0fb49c42ebcf-19.jpg,https://www.grandemotors.co.nz/Motorcentral/VehicleData/GRA-c3155584-a98a-48d4-a58b-0fb49c42ebcf-20.jpg",Subaru,"Vehicles & Parts > Vehicles > Cars, Trucks & Vans",2016,SUV,GASOLINE,Automatic,Grande Motors
12808,2017 Subaru Outback Eyesight.Harman/Kardon.Blind spot.Lane assist.Radar cruise.Alarm.,"CERTIFIED LOW KM. Immobilizer. Engine button start. RCC (Radar Cruise Control). BSM (Blind Spot Monitoring). LKA (Lane Keeping Assistance). 8 Available from Grande Motors Ltd, East Tamaki, Auckland.",in stock,used,23900.00 NZD,https://www.grandemotors.co.nz/vehicle/2017-Subaru-Outback/12808,https://www.grandemotors.co.nz/Motorcentral/VehicleData/GRA-cb1c6fac-d463-47bd-b245-06cc3506ec93-1.jpg,"https://www.grandemotors.co.nz/Motorcentral/VehicleData/GRA-cb1c6fac-d463-47bd-b245-06cc3506ec93-2.jpg,https://www.grandemotors.co.nz/Motorcentral/VehicleData/GRA-cb1c6fac-d463-47bd-b245-06cc3506ec93-3.jpg,https://www.grandemotors.co.nz/Motorcentral/VehicleData/GRA-cb1c6fac-d463-47bd-b245-06cc3506ec93-4.jpg,https://www.grandemotors.co.nz/Motorcentral/VehicleData/GRA-cb1c6fac-d463-47bd-b245-06cc3506ec93-5.jpg,https://www.grandemotors.co.nz/Motorcentral/VehicleData/GRA-cb1c6fac-d463-47bd-b245-06cc3506ec93-6.jpg,https://www.grandemotors.co.nz/Motorcentral/VehicleData/GRA-cb1c6fac-d463-47bd-b245-06cc3506ec93-7.jpg,https://www.grandemotors.co.nz/Motorcentral/VehicleData/GRA-cb1c6fac-d463-47bd-b245-06cc3506ec93-8.jpg,https://www.grandemotors.co.nz/Motorcentral/VehicleData/GRA-cb1c6fac-d463-47bd-b245-06cc3506ec93-9.jpg,https://www.grandemotors.co.nz/Motorcentral/VehicleData/GRA-cb1c6fac-d463-47bd-b245-06cc3506ec93-10.jpg,https://www.grandemotors.co.nz/Motorcentral/VehicleData/GRA-cb1c6fac-d463-47bd-b245-06cc3506ec93-11.jpg,https://www.grandemotors.co.nz/Motorcentral/VehicleData/GRA-cb1c6fac-d463-47bd-b245-06cc3506ec93-12.jpg,https://www.grandemotors.co.nz/Motorcentral/VehicleData/GRA-cb1c6fac-d463-47bd-b245-06cc3506ec93-13.jpg,https://www.grandemotors.co.nz/Motorcentral/VehicleData/GRA-cb1c6fac-d463-47bd-b245-06cc3506ec93-14.jpg,https://www.grandemotors.co.nz/Motorcentral/VehicleData/GRA-cb1c6fac-d463-47bd-b245-06cc3506ec93-15.jpg,https://www.grandemotors.co.nz/Motorcentral/VehicleData/GRA-cb1c6fac-d463-47bd-b245-06cc3506ec93-16.jpg,https://www.grandemotors.co.nz/Motorcentral/VehicleData/GRA-cb1c6fac-d463-47bd-b245-06cc3506ec93-17.jpg,https://www.grandemotors.co.nz/Motorcentral/VehicleData/GRA-cb1c6fac-d463-47bd-b245-06cc3506ec93-18.jpg,https://www.grandemotors.co.nz/Motorcentral/VehicleData/GRA-cb1c6fac-d463-47bd-b245-06cc3506ec93-19.jpg,https://www.grandemotors.co.nz/Motorcentral/VehicleData/GRA-cb1c6fac-d463-47bd-b245-06cc3506ec93-20.jpg",Subaru,"Vehicles & Parts > Vehicles > Cars, Trucks & Vans",2017,SUV,GASOLINE,Automatic,Grande Motors
12831,2017 Subaru Outback 4WD.Eyesight.Blind spot.Leather.Radar cruise.Lane assist.Alarm.,"Immobilizer. Engine button start. RCC (Radar Cruise Control). BSM (Blind Spot Monitoring). LKA (Lane Keeping Assistance). 8 SRS Airbags (front, s Available from Grande Motors Ltd, East Tamaki, Auckland.",in stock,used,18900.00 NZD,https://www.grandemotors.co.nz/vehicle/2017-Subaru-Outback/12831,https://www.grandemotors.co.nz/Motorcentral/VehicleData/GRA-99c7fe4d-e802-4d18-b0e4-b6e094656c20-1.jpg,"https://www.grandemotors.co.nz/Motorcentral/VehicleData/GRA-99c7fe4d-e802-4d18-b0e4-b6e094656c20-2.jpg,https://www.grandemotors.co.nz/Motorcentral/VehicleData/GRA-99c7fe4d-e802-4d18-b0e4-b6e094656c20-3.jpg,https://www.grandemotors.co.nz/Motorcentral/VehicleData/GRA-99c7fe4d-e802-4d18-b0e4-b6e094656c20-4.jpg,https://www.grandemotors.co.nz/Motorcentral/VehicleData/GRA-99c7fe4d-e802-4d18-b0e4-b6e094656c20-5.jpg,https://www.grandemotors.co.nz/Motorcentral/VehicleData/GRA-99c7fe4d-e802-4d18-b0e4-b6e094656c20-6.jpg,https://www.grandemotors.co.nz/Motorcentral/VehicleData/GRA-99c7fe4d-e802-4d18-b0e4-b6e094656c20-7.jpg,https://www.grandemotors.co.nz/Motorcentral/VehicleData/GRA-99c7fe4d-e802-4d18-b0e4-b6e094656c20-8.jpg,https://www.grandemotors.co.nz/Motorcentral/VehicleData/GRA-99c7fe4d-e802-4d18-b0e4-b6e094656c20-9.jpg,https://www.grandemotors.co.nz/Motorcentral/VehicleData/GRA-99c7fe4d-e802-4d18-b0e4-b6e094656c20-10.jpg,https://www.grandemotors.co.nz/Motorcentral/VehicleData/GRA-99c7fe4d-e802-4d18-b0e4-b6e094656c20-11.jpg,https://www.grandemotors.co.nz/Motorcentral/VehicleData/GRA-99c7fe4d-e802-4d18-b0e4-b6e094656c20-12.jpg,https://www.grandemotors.co.nz/Motorcentral/VehicleData/GRA-99c7fe4d-e802-4d18-b0e4-b6e094656c20-13.jpg,https://www.grandemotors.co.nz/Motorcentral/VehicleData/GRA-99c7fe4d-e802-4d18-b0e4-b6e094656c20-14.jpg,https://www.grandemotors.co.nz/Motorcentral/VehicleData/GRA-99c7fe4d-e802-4d18-b0e4-b6e094656c20-15.jpg,https://www.grandemotors.co.nz/Motorcentral/VehicleData/GRA-99c7fe4d-e802-4d18-b0e4-b6e094656c20-16.jpg,https://www.grandemotors.co.nz/Motorcentral/VehicleData/GRA-99c7fe4d-e802-4d18-b0e4-b6e094656c20-17.jpg,https://www.grandemotors.co.nz/Motorcentral/VehicleData/GRA-99c7fe4d-e802-4d18-b0e4-b6e094656c20-18.jpg,https://www.grandemotors.co.nz/Motorcentral/VehicleData/GRA-99c7fe4d-e802-4d18-b0e4-b6e094656c20-19.jpg,https://www.grandemotors.co.nz/Motorcentral/VehicleData/GRA-99c7fe4d-e802-4d18-b0e4-b6e094656c20-20.jpg",Subaru,"Vehicles & Parts > Vehicles > Cars, Trucks & Vans",2017,SUV,GASOLINE,Automatic,Grande Motors
12758,2018 Subaru Outback 4WD.Eyesight.Blind spot.Leather.Radar cruise.Lane assist.Alarm.,"Immobilizer. Engine button start. RCC (Radar Cruise Control). BSM (Blind Spot Monitoring). LKA (Lane Keeping Assistance). 8 SRS Airbags (front, s Available from Grande Motors Ltd, East Tamaki, Auckland.",in stock,used,20500.00 NZD,https://www.grandemotors.co.nz/vehicle/2018-Subaru-Outback/12758,https://www.grandemotors.co.nz/Motorcentral/VehicleData/GRA-35b7342f-a8ec-4552-a96f-3c91a996e49c-1.jpg,"https://www.grandemotors.co.nz/Motorcentral/VehicleData/GRA-35b7342f-a8ec-4552-a96f-3c91a996e49c-2.jpg,https://www.grandemotors.co.nz/Motorcentral/VehicleData/GRA-35b7342f-a8ec-4552-a96f-3c91a996e49c-3.jpg,https://www.grandemotors.co.nz/Motorcentral/VehicleData/GRA-35b7342f-a8ec-4552-a96f-3c91a996e49c-4.jpg,https://www.grandemotors.co.nz/Motorcentral/VehicleData/GRA-35b7342f-a8ec-4552-a96f-3c91a996e49c-5.jpg,https://www.grandemotors.co.nz/Motorcentral/VehicleData/GRA-35b7342f-a8ec-4552-a96f-3c91a996e49c-6.jpg,https://www.grandemotors.co.nz/Motorcentral/VehicleData/GRA-35b7342f-a8ec-4552-a96f-3c91a996e49c-7.jpg,https://www.grandemotors.co.nz/Motorcentral/VehicleData/GRA-35b7342f-a8ec-4552-a96f-3c91a996e49c-8.jpg,https://www.grandemotors.co.nz/Motorcentral/VehicleData/GRA-35b7342f-a8ec-4552-a96f-3c91a996e49c-9.jpg,https://www.grandemotors.co.nz/Motorcentral/VehicleData/GRA-35b7342f-a8ec-4552-a96f-3c91a996e49c-10.jpg,https://www.grandemotors.co.nz/Motorcentral/VehicleData/GRA-35b7342f-a8ec-4552-a96f-3c91a996e49c-11.jpg,https://www.grandemotors.co.nz/Motorcentral/VehicleData/GRA-35b7342f-a8ec-4552-a96f-3c91a996e49c-12.jpg,https://www.grandemotors.co.nz/Motorcentral/VehicleData/GRA-35b7342f-a8ec-4552-a96f-3c91a996e49c-13.jpg,https://www.grandemotors.co.nz/Motorcentral/VehicleData/GRA-35b7342f-a8ec-4552-a96f-3c91a996e49c-14.jpg,https://www.grandemotors.co.nz/Motorcentral/VehicleData/GRA-35b7342f-a8ec-4552-a96f-3c91a996e49c-15.jpg,https://www.grandemotors.co.nz/Motorcentral/VehicleData/GRA-35b7342f-a8ec-4552-a96f-3c91a996e49c-16.jpg,https://www.grandemotors.co.nz/Motorcentral/VehicleData/GRA-35b7342f-a8ec-4552-a96f-3c91a996e49c-17.jpg,https://www.grandemotors.co.nz/Motorcentral/VehicleData/GRA-35b7342f-a8ec-4552-a96f-3c91a996e49c-18.jpg,https://www.grandemotors.co.nz/Motorcentral/VehicleData/GRA-35b7342f-a8ec-4552-a96f-3c91a996e49c-19.jpg,https://www.grandemotors.co.nz/Motorcentral/VehicleData/GRA-35b7342f-a8ec-4552-a96f-3c91a996e49c-20.jpg",Subaru,"Vehicles & Parts > Vehicles > Cars, Trucks & Vans",2018,SUV,GASOLINE,Automatic,Grande Motors
12771,2012 Subaru XV 2.0I-L EYESIGHT 4WD,"Radar Cruise Control Push Start Parking Sensors Immobilizer. RCC (Radar Cruise Control). Pre-Collision Braking system ""Eyesight""- provides auto Available from Grande Motors Ltd, East Tamaki, Auckland.",in stock,used,11300.00 NZD,https://www.grandemotors.co.nz/vehicle/2012-Subaru-XV/12771,https://www.grandemotors.co.nz/Motorcentral/VehicleData/GRA-ee2dc0ea-c721-488c-a1e9-d0d2046d8ec2-1.jpg,"https://www.grandemotors.co.nz/Motorcentral/VehicleData/GRA-ee2dc0ea-c721-488c-a1e9-d0d2046d8ec2-2.jpg,https://www.grandemotors.co.nz/Motorcentral/VehicleData/GRA-ee2dc0ea-c721-488c-a1e9-d0d2046d8ec2-3.jpg,https://www.grandemotors.co.nz/Motorcentral/VehicleData/GRA-ee2dc0ea-c721-488c-a1e9-d0d2046d8ec2-4.jpg,https://www.grandemotors.co.nz/Motorcentral/VehicleData/GRA-ee2dc0ea-c721-488c-a1e9-d0d2046d8ec2-5.jpg,https://www.grandemotors.co.nz/Motorcentral/VehicleData/GRA-ee2dc0ea-c721-488c-a1e9-d0d2046d8ec2-6.jpg,https://www.grandemotors.co.nz/Motorcentral/VehicleData/GRA-ee2dc0ea-c721-488c-a1e9-d0d2046d8ec2-7.jpg,https://www.grandemotors.co.nz/Motorcentral/VehicleData/GRA-ee2dc0ea-c721-488c-a1e9-d0d2046d8ec2-8.jpg,https://www.grandemotors.co.nz/Motorcentral/VehicleData/GRA-ee2dc0ea-c721-488c-a1e9-d0d2046d8ec2-9.jpg,https://www.grandemotors.co.nz/Motorcentral/VehicleData/GRA-ee2dc0ea-c721-488c-a1e9-d0d2046d8ec2-10.jpg,https://www.grandemotors.co.nz/Motorcentral/VehicleData/GRA-ee2dc0ea-c721-488c-a1e9-d0d2046d8ec2-11.jpg,https://www.grandemotors.co.nz/Motorcentral/VehicleData/GRA-ee2dc0ea-c721-488c-a1e9-d0d2046d8ec2-12.jpg,https://www.grandemotors.co.nz/Motorcentral/VehicleData/GRA-ee2dc0ea-c721-488c-a1e9-d0d2046d8ec2-13.jpg,https://www.grandemotors.co.nz/Motorcentral/VehicleData/GRA-ee2dc0ea-c721-488c-a1e9-d0d2046d8ec2-14.jpg,https://www.grandemotors.co.nz/Motorcentral/VehicleData/GRA-ee2dc0ea-c721-488c-a1e9-d0d2046d8ec2-15.jpg,https://www.grandemotors.co.nz/Motorcentral/VehicleData/GRA-ee2dc0ea-c721-488c-a1e9-d0d2046d8ec2-16.jpg,https://www.grandemotors.co.nz/Motorcentral/VehicleData/GRA-ee2dc0ea-c721-488c-a1e9-d0d2046d8ec2-17.jpg,https://www.grandemotors.co.nz/Motorcentral/VehicleData/GRA-ee2dc0ea-c721-488c-a1e9-d0d2046d8ec2-18.jpg,https://www.grandemotors.co.nz/Motorcentral/VehicleData/GRA-ee2dc0ea-c721-488c-a1e9-d0d2046d8ec2-19.jpg",Subaru,"Vehicles & Parts > Vehicles > Cars, Trucks & Vans",2012,SUV,GASOLINE,Automatic,Grande Motors
12945,2013 Subaru XV 4WD.Eyesight.Radar cruise Rear camera.Button start.,"AUCTION GRADE 4,5. Immobilizer. RCC (Radar Cruise Control). LKA (Lane Keeping Assistance). Pre-Collision Braking system ""Eyesight""- provides a Available from Grande Motors Ltd, East Tamaki, Auckland.",in stock,used,12900.00 NZD,https://www.grandemotors.co.nz/vehicle/2013-Subaru-XV/12945,https://www.grandemotors.co.nz/Motorcentral/VehicleData/GRA-96d3f4ad-5142-4614-8830-d4d63958a2cc-1.jpg,"https://www.grandemotors.co.nz/Motorcentral/VehicleData/GRA-96d3f4ad-5142-4614-8830-d4d63958a2cc-2.jpg,https://www.grandemotors.co.nz/Motorcentral/VehicleData/GRA-96d3f4ad-5142-4614-8830-d4d63958a2cc-3.jpg,https://www.grandemotors.co.nz/Motorcentral/VehicleData/GRA-96d3f4ad-5142-4614-8830-d4d63958a2cc-4.jpg,https://www.grandemotors.co.nz/Motorcentral/VehicleData/GRA-96d3f4ad-5142-4614-8830-d4d63958a2cc-5.jpg,https://www.grandemotors.co.nz/Motorcentral/VehicleData/GRA-96d3f4ad-5142-4614-8830-d4d63958a2cc-6.jpg,https://www.grandemotors.co.nz/Motorcentral/VehicleData/GRA-96d3f4ad-5142-4614-8830-d4d63958a2cc-7.jpg,https://www.grandemotors.co.nz/Motorcentral/VehicleData/GRA-96d3f4ad-5142-4614-8830-d4d63958a2cc-8.jpg,https://www.grandemotors.co.nz/Motorcentral/VehicleData/GRA-96d3f4ad-5142-4614-8830-d4d63958a2cc-9.jpg,https://www.grandemotors.co.nz/Motorcentral/VehicleData/GRA-96d3f4ad-5142-4614-8830-d4d63958a2cc-10.jpg,https://www.grandemotors.co.nz/Motorcentral/VehicleData/GRA-96d3f4ad-5142-4614-8830-d4d63958a2cc-11.jpg,https://www.grandemotors.co.nz/Motorcentral/VehicleData/GRA-96d3f4ad-5142-4614-8830-d4d63958a2cc-12.jpg,https://www.grandemotors.co.nz/Motorcentral/VehicleData/GRA-96d3f4ad-5142-4614-8830-d4d63958a2cc-13.jpg,https://www.grandemotors.co.nz/Motorcentral/VehicleData/GRA-96d3f4ad-5142-4614-8830-d4d63958a2cc-14.jpg,https://www.grandemotors.co.nz/Motorcentral/VehicleData/GRA-96d3f4ad-5142-4614-8830-d4d63958a2cc-15.jpg,https://www.grandemotors.co.nz/Motorcentral/VehicleData/GRA-96d3f4ad-5142-4614-8830-d4d63958a2cc-16.jpg,https://www.grandemotors.co.nz/Motorcentral/VehicleData/GRA-96d3f4ad-5142-4614-8830-d4d63958a2cc-17.jpg,https://www.grandemotors.co.nz/Motorcentral/VehicleData/GRA-96d3f4ad-5142-4614-8830-d4d63958a2cc-18.jpg,https://www.grandemotors.co.nz/Motorcentral/VehicleData/GRA-96d3f4ad-5142-4614-8830-d4d63958a2cc-19.jpg",Subaru,"Vehicles & Parts > Vehicles > Cars, Trucks & Vans",2013,SUV,GASOLINE,Automatic,Grande Motors
12566,2014 Subaru XV Hybrid.4WD.EyeSight.Radar cruise Rear camera.New tires.,"Immobilizer. RCC (Radar Cruise Control). LKA (Lane Keeping Assistance). Pre-Collision Braking system ""Eyesight""- provides automatic braking to he Available from Grande Motors Ltd, East Tamaki, Auckland.",in stock,used,13800.00 NZD,https://www.grandemotors.co.nz/vehicle/2014-Subaru-XV/12566,https://www.grandemotors.co.nz/Motorcentral/VehicleData/GRA-db853b8f-918d-422a-a7e2-37524f0d6e93-1.jpg,"https://www.grandemotors.co.nz/Motorcentral/VehicleData/GRA-db853b8f-918d-422a-a7e2-37524f0d6e93-2.jpg,https://www.grandemotors.co.nz/Motorcentral/VehicleData/GRA-db853b8f-918d-422a-a7e2-37524f0d6e93-3.jpg,https://www.grandemotors.co.nz/Motorcentral/VehicleData/GRA-db853b8f-918d-422a-a7e2-37524f0d6e93-4.jpg,https://www.grandemotors.co.nz/Motorcentral/VehicleData/GRA-db853b8f-918d-422a-a7e2-37524f0d6e93-5.jpg,https://www.grandemotors.co.nz/Motorcentral/VehicleData/GRA-db853b8f-918d-422a-a7e2-37524f0d6e93-6.jpg,https://www.grandemotors.co.nz/Motorcentral/VehicleData/GRA-db853b8f-918d-422a-a7e2-37524f0d6e93-7.jpg,https://www.grandemotors.co.nz/Motorcentral/VehicleData/GRA-db853b8f-918d-422a-a7e2-37524f0d6e93-8.jpg,https://www.grandemotors.co.nz/Motorcentral/VehicleData/GRA-db853b8f-918d-422a-a7e2-37524f0d6e93-9.jpg,https://www.grandemotors.co.nz/Motorcentral/VehicleData/GRA-db853b8f-918d-422a-a7e2-37524f0d6e93-10.jpg,https://www.grandemotors.co.nz/Motorcentral/VehicleData/GRA-db853b8f-918d-422a-a7e2-37524f0d6e93-11.jpg,https://www.grandemotors.co.nz/Motorcentral/VehicleData/GRA-db853b8f-918d-422a-a7e2-37524f0d6e93-12.jpg,https://www.grandemotors.co.nz/Motorcentral/VehicleData/GRA-db853b8f-918d-422a-a7e2-37524f0d6e93-13.jpg,https://www.grandemotors.co.nz/Motorcentral/VehicleData/GRA-db853b8f-918d-422a-a7e2-37524f0d6e93-14.jpg,https://www.grandemotors.co.nz/Motorcentral/VehicleData/GRA-db853b8f-918d-422a-a7e2-37524f0d6e93-15.jpg,https://www.grandemotors.co.nz/Motorcentral/VehicleData/GRA-db853b8f-918d-422a-a7e2-37524f0d6e93-16.jpg,https://www.grandemotors.co.nz/Motorcentral/VehicleData/GRA-db853b8f-918d-422a-a7e2-37524f0d6e93-17.jpg,https://www.grandemotors.co.nz/Motorcentral/VehicleData/GRA-db853b8f-918d-422a-a7e2-37524f0d6e93-18.jpg,https://www.grandemotors.co.nz/Motorcentral/VehicleData/GRA-db853b8f-918d-422a-a7e2-37524f0d6e93-19.jpg",Subaru,"Vehicles & Parts > Vehicles > Cars, Trucks & Vans",2014,SUV,HYBRID,Automatic,Grande Motors
12598,2014 Subaru XV Hybrid.4WD.Eyesight.Radar cruise Rear camera.Button start.,"Immobilizer. RCC (Radar Cruise Control). LKA (Lane Keeping Assistance). Pre-Collision Braking system ""Eyesight""- provides automatic braking to he Available from Grande Motors Ltd, East Tamaki, Auckland.",in stock,used,14970.00 NZD,https://www.grandemotors.co.nz/vehicle/2014-Subaru-XV/12598,https://www.grandemotors.co.nz/Motorcentral/VehicleData/GRA-8175c355-f7ec-4f78-a748-2fc296be693e-1.jpg,"https://www.grandemotors.co.nz/Motorcentral/VehicleData/GRA-8175c355-f7ec-4f78-a748-2fc296be693e-2.jpg,https://www.grandemotors.co.nz/Motorcentral/VehicleData/GRA-8175c355-f7ec-4f78-a748-2fc296be693e-3.jpg,https://www.grandemotors.co.nz/Motorcentral/VehicleData/GRA-8175c355-f7ec-4f78-a748-2fc296be693e-4.jpg,https://www.grandemotors.co.nz/Motorcentral/VehicleData/GRA-8175c355-f7ec-4f78-a748-2fc296be693e-5.jpg,https://www.grandemotors.co.nz/Motorcentral/VehicleData/GRA-8175c355-f7ec-4f78-a748-2fc296be693e-6.jpg,https://www.grandemotors.co.nz/Motorcentral/VehicleData/GRA-8175c355-f7ec-4f78-a748-2fc296be693e-7.jpg,https://www.grandemotors.co.nz/Motorcentral/VehicleData/GRA-8175c355-f7ec-4f78-a748-2fc296be693e-8.jpg,https://www.grandemotors.co.nz/Motorcentral/VehicleData/GRA-8175c355-f7ec-4f78-a748-2fc296be693e-9.jpg,https://www.grandemotors.co.nz/Motorcentral/VehicleData/GRA-8175c355-f7ec-4f78-a748-2fc296be693e-10.jpg,https://www.grandemotors.co.nz/Motorcentral/VehicleData/GRA-8175c355-f7ec-4f78-a748-2fc296be693e-11.jpg,https://www.grandemotors.co.nz/Motorcentral/VehicleData/GRA-8175c355-f7ec-4f78-a748-2fc296be693e-12.jpg,https://www.grandemotors.co.nz/Motorcentral/VehicleData/GRA-8175c355-f7ec-4f78-a748-2fc296be693e-13.jpg,https://www.grandemotors.co.nz/Motorcentral/VehicleData/GRA-8175c355-f7ec-4f78-a748-2fc296be693e-14.jpg,https://www.grandemotors.co.nz/Motorcentral/VehicleData/GRA-8175c355-f7ec-4f78-a748-2fc296be693e-15.jpg,https://www.grandemotors.co.nz/Motorcentral/VehicleData/GRA-8175c355-f7ec-4f78-a748-2fc296be693e-16.jpg,https://www.grandemotors.co.nz/Motorcentral/VehicleData/GRA-8175c355-f7ec-4f78-a748-2fc296be693e-17.jpg,https://www.grandemotors.co.nz/Motorcentral/VehicleData/GRA-8175c355-f7ec-4f78-a748-2fc296be693e-18.jpg",Subaru,"Vehicles & Parts > Vehicles > Cars, Trucks & Vans",2014,SUV,HYBRID,Automatic,Grande Motors
12889,2014 Subaru XV 4WD.Cruise control.Rear camera.,"2014 Subaru XV in orange colour with black interior. An enjoyable roomy interior that can seat 5 in total comfort. Economical and reliable, runnin Available from Grande Motors Ltd, East Tamaki, Auckland.",in stock,used,13900.00 NZD,https://www.grandemotors.co.nz/vehicle/2014-Subaru-XV/12889,https://www.grandemotors.co.nz/Motorcentral/VehicleData/GRA-791477b4-ec25-4db3-a42f-213e426f6cd4-1.jpg,"https://www.grandemotors.co.nz/Motorcentral/VehicleData/GRA-791477b4-ec25-4db3-a42f-213e426f6cd4-2.jpg,https://www.grandemotors.co.nz/Motorcentral/VehicleData/GRA-791477b4-ec25-4db3-a42f-213e426f6cd4-3.jpg,https://www.grandemotors.co.nz/Motorcentral/VehicleData/GRA-791477b4-ec25-4db3-a42f-213e426f6cd4-4.jpg,https://www.grandemotors.co.nz/Motorcentral/VehicleData/GRA-791477b4-ec25-4db3-a42f-213e426f6cd4-5.jpg,https://www.grandemotors.co.nz/Motorcentral/VehicleData/GRA-791477b4-ec25-4db3-a42f-213e426f6cd4-6.jpg,https://www.grandemotors.co.nz/Motorcentral/VehicleData/GRA-791477b4-ec25-4db3-a42f-213e426f6cd4-7.jpg,https://www.grandemotors.co.nz/Motorcentral/VehicleData/GRA-791477b4-ec25-4db3-a42f-213e426f6cd4-8.jpg,https://www.grandemotors.co.nz/Motorcentral/VehicleData/GRA-791477b4-ec25-4db3-a42f-213e426f6cd4-9.jpg,https://www.grandemotors.co.nz/Motorcentral/VehicleData/GRA-791477b4-ec25-4db3-a42f-213e426f6cd4-10.jpg,https://www.grandemotors.co.nz/Motorcentral/VehicleData/GRA-791477b4-ec25-4db3-a42f-213e426f6cd4-11.jpg,https://www.grandemotors.co.nz/Motorcentral/VehicleData/GRA-791477b4-ec25-4db3-a42f-213e426f6cd4-12.jpg,https://www.grandemotors.co.nz/Motorcentral/VehicleData/GRA-791477b4-ec25-4db3-a42f-213e426f6cd4-13.jpg,https://www.grandemotors.co.nz/Motorcentral/VehicleData/GRA-791477b4-ec25-4db3-a42f-213e426f6cd4-14.jpg,https://www.grandemotors.co.nz/Motorcentral/VehicleData/GRA-791477b4-ec25-4db3-a42f-213e426f6cd4-15.jpg,https://www.grandemotors.co.nz/Motorcentral/VehicleData/GRA-791477b4-ec25-4db3-a42f-213e426f6cd4-16.jpg,https://www.grandemotors.co.nz/Motorcentral/VehicleData/GRA-791477b4-ec25-4db3-a42f-213e426f6cd4-17.jpg,https://www.grandemotors.co.nz/Motorcentral/VehicleData/GRA-791477b4-ec25-4db3-a42f-213e426f6cd4-18.jpg",Subaru,"Vehicles & Parts > Vehicles > Cars, Trucks & Vans",2014,SUV,GASOLINE,Automatic,Grande Motors
12484,2016 Subaru XV 2.0l Eyesight.Blind spot.Rear camera.Radar cruise.Bluetooth.,"Immobilizer. RCC (Radar Cruise Control). LKA (Lane Keeping Assistance). Alloy wheels with Japanese brand new tires. Pre-Collision Braking system Available from Grande Motors Ltd, East Tamaki, Auckland.",in stock,used,12970.00 NZD,https://www.grandemotors.co.nz/vehicle/2016-Subaru-XV/12484,https://www.grandemotors.co.nz/Motorcentral/VehicleData/GRA-affeeae9-7a32-4de7-b109-683697ceeea9-1.jpg,"https://www.grandemotors.co.nz/Motorcentral/VehicleData/GRA-affeeae9-7a32-4de7-b109-683697ceeea9-2.jpg,https://www.grandemotors.co.nz/Motorcentral/VehicleData/GRA-affeeae9-7a32-4de7-b109-683697ceeea9-3.jpg,https://www.grandemotors.co.nz/Motorcentral/VehicleData/GRA-affeeae9-7a32-4de7-b109-683697ceeea9-4.jpg,https://www.grandemotors.co.nz/Motorcentral/VehicleData/GRA-affeeae9-7a32-4de7-b109-683697ceeea9-5.jpg,https://www.grandemotors.co.nz/Motorcentral/VehicleData/GRA-affeeae9-7a32-4de7-b109-683697ceeea9-6.jpg,https://www.grandemotors.co.nz/Motorcentral/VehicleData/GRA-affeeae9-7a32-4de7-b109-683697ceeea9-7.jpg,https://www.grandemotors.co.nz/Motorcentral/VehicleData/GRA-affeeae9-7a32-4de7-b109-683697ceeea9-8.jpg,https://www.grandemotors.co.nz/Motorcentral/VehicleData/GRA-affeeae9-7a32-4de7-b109-683697ceeea9-9.jpg,https://www.grandemotors.co.nz/Motorcentral/VehicleData/GRA-affeeae9-7a32-4de7-b109-683697ceeea9-10.jpg,https://www.grandemotors.co.nz/Motorcentral/VehicleData/GRA-affeeae9-7a32-4de7-b109-683697ceeea9-11.jpg,https://www.grandemotors.co.nz/Motorcentral/VehicleData/GRA-affeeae9-7a32-4de7-b109-683697ceeea9-12.jpg,https://www.grandemotors.co.nz/Motorcentral/VehicleData/GRA-affeeae9-7a32-4de7-b109-683697ceeea9-13.jpg,https://www.grandemotors.co.nz/Motorcentral/VehicleData/GRA-affeeae9-7a32-4de7-b109-683697ceeea9-14.jpg,https://www.grandemotors.co.nz/Motorcentral/VehicleData/GRA-affeeae9-7a32-4de7-b109-683697ceeea9-15.jpg,https://www.grandemotors.co.nz/Motorcentral/VehicleData/GRA-affeeae9-7a32-4de7-b109-683697ceeea9-16.jpg,https://www.grandemotors.co.nz/Motorcentral/VehicleData/GRA-affeeae9-7a32-4de7-b109-683697ceeea9-17.jpg,https://www.grandemotors.co.nz/Motorcentral/VehicleData/GRA-affeeae9-7a32-4de7-b109-683697ceeea9-18.jpg",Subaru,"Vehicles & Parts > Vehicles > Cars, Trucks & Vans",2016,SUV,GASOLINE,Automatic,Grande Motors
12715,2016 Subaru XV 4WD.Eyesight.Radar cruise.New tires.Button start.,"Immobilizer. RCC (Radar Cruise Control). LKA (Lane Keeping Assistance). Pre-Collision Braking system ""Eyesight""- provides automatic braking to he Available from Grande Motors Ltd, East Tamaki, Auckland.",in stock,used,14880.00 NZD,https://www.grandemotors.co.nz/vehicle/2016-Subaru-XV/12715,https://www.grandemotors.co.nz/Motorcentral/VehicleData/GRA-8a04a267-bada-444a-adb9-acab8816dd8d-1.jpg,"https://www.grandemotors.co.nz/Motorcentral/VehicleData/GRA-8a04a267-bada-444a-adb9-acab8816dd8d-2.jpg,https://www.grandemotors.co.nz/Motorcentral/VehicleData/GRA-8a04a267-bada-444a-adb9-acab8816dd8d-3.jpg,https://www.grandemotors.co.nz/Motorcentral/VehicleData/GRA-8a04a267-bada-444a-adb9-acab8816dd8d-4.jpg,https://www.grandemotors.co.nz/Motorcentral/VehicleData/GRA-8a04a267-bada-444a-adb9-acab8816dd8d-5.jpg,https://www.grandemotors.co.nz/Motorcentral/VehicleData/GRA-8a04a267-bada-444a-adb9-acab8816dd8d-6.jpg,https://www.grandemotors.co.nz/Motorcentral/VehicleData/GRA-8a04a267-bada-444a-adb9-acab8816dd8d-7.jpg,https://www.grandemotors.co.nz/Motorcentral/VehicleData/GRA-8a04a267-bada-444a-adb9-acab8816dd8d-8.jpg,https://www.grandemotors.co.nz/Motorcentral/VehicleData/GRA-8a04a267-bada-444a-adb9-acab8816dd8d-9.jpg,https://www.grandemotors.co.nz/Motorcentral/VehicleData/GRA-8a04a267-bada-444a-adb9-acab8816dd8d-10.jpg,https://www.grandemotors.co.nz/Motorcentral/VehicleData/GRA-8a04a267-bada-444a-adb9-acab8816dd8d-11.jpg,https://www.grandemotors.co.nz/Motorcentral/VehicleData/GRA-8a04a267-bada-444a-adb9-acab8816dd8d-12.jpg,https://www.grandemotors.co.nz/Motorcentral/VehicleData/GRA-8a04a267-bada-444a-adb9-acab8816dd8d-13.jpg,https://www.grandemotors.co.nz/Motorcentral/VehicleData/GRA-8a04a267-bada-444a-adb9-acab8816dd8d-14.jpg,https://www.grandemotors.co.nz/Motorcentral/VehicleData/GRA-8a04a267-bada-444a-adb9-acab8816dd8d-15.jpg,https://www.grandemotors.co.nz/Motorcentral/VehicleData/GRA-8a04a267-bada-444a-adb9-acab8816dd8d-16.jpg,https://www.grandemotors.co.nz/Motorcentral/VehicleData/GRA-8a04a267-bada-444a-adb9-acab8816dd8d-17.jpg,https://www.grandemotors.co.nz/Motorcentral/VehicleData/GRA-8a04a267-bada-444a-adb9-acab8816dd8d-18.jpg,https://www.grandemotors.co.nz/Motorcentral/VehicleData/GRA-8a04a267-bada-444a-adb9-acab8816dd8d-19.jpg,https://www.grandemotors.co.nz/Motorcentral/VehicleData/GRA-8a04a267-bada-444a-adb9-acab8816dd8d-20.jpg",Subaru,"Vehicles & Parts > Vehicles > Cars, Trucks & Vans",2016,SUV,GASOLINE,Automatic,Grande Motors
12722,2017 Subaru XV 4WD.Eyesight.Leather.Radar cruise.Lane assist.Rear camera.Button start.,"Immobilizer. RCC (Radar Cruise Control). LKA (Lane Keeping Assistance). Alloy wheels with brand new tires. Pre-Collision Braking system ""Eyesigh Available from Grande Motors Ltd, East Tamaki, Auckland.",in stock,used,15940.00 NZD,https://www.grandemotors.co.nz/vehicle/2017-Subaru-XV/12722,https://www.grandemotors.co.nz/Motorcentral/VehicleData/GRA-cf607bc6-3357-4830-91bd-13fb7b015877-1.jpg,"https://www.grandemotors.co.nz/Motorcentral/VehicleData/GRA-cf607bc6-3357-4830-91bd-13fb7b015877-2.jpg,https://www.grandemotors.co.nz/Motorcentral/VehicleData/GRA-cf607bc6-3357-4830-91bd-13fb7b015877-3.jpg,https://www.grandemotors.co.nz/Motorcentral/VehicleData/GRA-cf607bc6-3357-4830-91bd-13fb7b015877-4.jpg,https://www.grandemotors.co.nz/Motorcentral/VehicleData/GRA-cf607bc6-3357-4830-91bd-13fb7b015877-5.jpg,https://www.grandemotors.co.nz/Motorcentral/VehicleData/GRA-cf607bc6-3357-4830-91bd-13fb7b015877-6.jpg,https://www.grandemotors.co.nz/Motorcentral/VehicleData/GRA-cf607bc6-3357-4830-91bd-13fb7b015877-7.jpg,https://www.grandemotors.co.nz/Motorcentral/VehicleData/GRA-cf607bc6-3357-4830-91bd-13fb7b015877-8.jpg,https://www.grandemotors.co.nz/Motorcentral/VehicleData/GRA-cf607bc6-3357-4830-91bd-13fb7b015877-9.jpg,https://www.grandemotors.co.nz/Motorcentral/VehicleData/GRA-cf607bc6-3357-4830-91bd-13fb7b015877-10.jpg,https://www.grandemotors.co.nz/Motorcentral/VehicleData/GRA-cf607bc6-3357-4830-91bd-13fb7b015877-11.jpg,https://www.grandemotors.co.nz/Motorcentral/VehicleData/GRA-cf607bc6-3357-4830-91bd-13fb7b015877-12.jpg,https://www.grandemotors.co.nz/Motorcentral/VehicleData/GRA-cf607bc6-3357-4830-91bd-13fb7b015877-13.jpg,https://www.grandemotors.co.nz/Motorcentral/VehicleData/GRA-cf607bc6-3357-4830-91bd-13fb7b015877-14.jpg,https://www.grandemotors.co.nz/Motorcentral/VehicleData/GRA-cf607bc6-3357-4830-91bd-13fb7b015877-15.jpg,https://www.grandemotors.co.nz/Motorcentral/VehicleData/GRA-cf607bc6-3357-4830-91bd-13fb7b015877-16.jpg,https://www.grandemotors.co.nz/Motorcentral/VehicleData/GRA-cf607bc6-3357-4830-91bd-13fb7b015877-17.jpg,https://www.grandemotors.co.nz/Motorcentral/VehicleData/GRA-cf607bc6-3357-4830-91bd-13fb7b015877-18.jpg,https://www.grandemotors.co.nz/Motorcentral/VehicleData/GRA-cf607bc6-3357-4830-91bd-13fb7b015877-19.jpg",Subaru,"Vehicles & Parts > Vehicles > Cars, Trucks & Vans",2017,SUV,GASOLINE,Automatic,Grande Motors
12801,2017 Subaru XV Eyesight.Lane assist.Radar cruise.Rear camera.Roof rails.,"CERTIFIED LOW KM. AUCTION GRADE 4,5. Immobilizer. RCC (Radar Cruise Control). LKA (Lane Keeping Assistance). Pre-Collision Braking system "" Available from Grande Motors Ltd, East Tamaki, Auckland.",in stock,used,19890.00 NZD,https://www.grandemotors.co.nz/vehicle/2017-Subaru-XV/12801,https://www.grandemotors.co.nz/Motorcentral/VehicleData/GRA-2698ff41-5572-4795-bb31-3460dbe93e26-1.jpg,"https://www.grandemotors.co.nz/Motorcentral/VehicleData/GRA-2698ff41-5572-4795-bb31-3460dbe93e26-2.jpg,https://www.grandemotors.co.nz/Motorcentral/VehicleData/GRA-2698ff41-5572-4795-bb31-3460dbe93e26-3.jpg,https://www.grandemotors.co.nz/Motorcentral/VehicleData/GRA-2698ff41-5572-4795-bb31-3460dbe93e26-4.jpg,https://www.grandemotors.co.nz/Motorcentral/VehicleData/GRA-2698ff41-5572-4795-bb31-3460dbe93e26-5.jpg,https://www.grandemotors.co.nz/Motorcentral/VehicleData/GRA-2698ff41-5572-4795-bb31-3460dbe93e26-6.jpg,https://www.grandemotors.co.nz/Motorcentral/VehicleData/GRA-2698ff41-5572-4795-bb31-3460dbe93e26-7.jpg,https://www.grandemotors.co.nz/Motorcentral/VehicleData/GRA-2698ff41-5572-4795-bb31-3460dbe93e26-8.jpg,https://www.grandemotors.co.nz/Motorcentral/VehicleData/GRA-2698ff41-5572-4795-bb31-3460dbe93e26-9.jpg,https://www.grandemotors.co.nz/Motorcentral/VehicleData/GRA-2698ff41-5572-4795-bb31-3460dbe93e26-10.jpg,https://www.grandemotors.co.nz/Motorcentral/VehicleData/GRA-2698ff41-5572-4795-bb31-3460dbe93e26-11.jpg,https://www.grandemotors.co.nz/Motorcentral/VehicleData/GRA-2698ff41-5572-4795-bb31-3460dbe93e26-12.jpg,https://www.grandemotors.co.nz/Motorcentral/VehicleData/GRA-2698ff41-5572-4795-bb31-3460dbe93e26-13.jpg,https://www.grandemotors.co.nz/Motorcentral/VehicleData/GRA-2698ff41-5572-4795-bb31-3460dbe93e26-14.jpg,https://www.grandemotors.co.nz/Motorcentral/VehicleData/GRA-2698ff41-5572-4795-bb31-3460dbe93e26-15.jpg,https://www.grandemotors.co.nz/Motorcentral/VehicleData/GRA-2698ff41-5572-4795-bb31-3460dbe93e26-16.jpg,https://www.grandemotors.co.nz/Motorcentral/VehicleData/GRA-2698ff41-5572-4795-bb31-3460dbe93e26-17.jpg,https://www.grandemotors.co.nz/Motorcentral/VehicleData/GRA-2698ff41-5572-4795-bb31-3460dbe93e26-18.jpg,https://www.grandemotors.co.nz/Motorcentral/VehicleData/GRA-2698ff41-5572-4795-bb31-3460dbe93e26-19.jpg",Subaru,"Vehicles & Parts > Vehicles > Cars, Trucks & Vans",2017,SUV,GASOLINE,Automatic,Grande Motors
12920,2017 Subaru XV (Impreza).Eyesight.4WD.Radar cruise.Lane assist.Rear cam.,"Immobilizer. RCC (Radar Cruise Control). LKA (Lane Keeping Assistance). Pre-Collision Braking system ""Eyesight""- provides automatic braking to he Available from Grande Motors Ltd, East Tamaki, Auckland.",in stock,used,18900.00 NZD,https://www.grandemotors.co.nz/vehicle/2017-Subaru-XV/12920,https://www.grandemotors.co.nz/Motorcentral/VehicleData/GRA-9ae39d49-745d-4dca-bd18-6d3beee819ae-1.jpg,"https://www.grandemotors.co.nz/Motorcentral/VehicleData/GRA-9ae39d49-745d-4dca-bd18-6d3beee819ae-2.jpg,https://www.grandemotors.co.nz/Motorcentral/VehicleData/GRA-9ae39d49-745d-4dca-bd18-6d3beee819ae-3.jpg,https://www.grandemotors.co.nz/Motorcentral/VehicleData/GRA-9ae39d49-745d-4dca-bd18-6d3beee819ae-4.jpg,https://www.grandemotors.co.nz/Motorcentral/VehicleData/GRA-9ae39d49-745d-4dca-bd18-6d3beee819ae-5.jpg,https://www.grandemotors.co.nz/Motorcentral/VehicleData/GRA-9ae39d49-745d-4dca-bd18-6d3beee819ae-6.jpg,https://www.grandemotors.co.nz/Motorcentral/VehicleData/GRA-9ae39d49-745d-4dca-bd18-6d3beee819ae-7.jpg,https://www.grandemotors.co.nz/Motorcentral/VehicleData/GRA-9ae39d49-745d-4dca-bd18-6d3beee819ae-8.jpg,https://www.grandemotors.co.nz/Motorcentral/VehicleData/GRA-9ae39d49-745d-4dca-bd18-6d3beee819ae-9.jpg,https://www.grandemotors.co.nz/Motorcentral/VehicleData/GRA-9ae39d49-745d-4dca-bd18-6d3beee819ae-10.jpg,https://www.grandemotors.co.nz/Motorcentral/VehicleData/GRA-9ae39d49-745d-4dca-bd18-6d3beee819ae-11.jpg,https://www.grandemotors.co.nz/Motorcentral/VehicleData/GRA-9ae39d49-745d-4dca-bd18-6d3beee819ae-12.jpg,https://www.grandemotors.co.nz/Motorcentral/VehicleData/GRA-9ae39d49-745d-4dca-bd18-6d3beee819ae-13.jpg,https://www.grandemotors.co.nz/Motorcentral/VehicleData/GRA-9ae39d49-745d-4dca-bd18-6d3beee819ae-14.jpg,https://www.grandemotors.co.nz/Motorcentral/VehicleData/GRA-9ae39d49-745d-4dca-bd18-6d3beee819ae-15.jpg,https://www.grandemotors.co.nz/Motorcentral/VehicleData/GRA-9ae39d49-745d-4dca-bd18-6d3beee819ae-16.jpg,https://www.grandemotors.co.nz/Motorcentral/VehicleData/GRA-9ae39d49-745d-4dca-bd18-6d3beee819ae-17.jpg,https://www.grandemotors.co.nz/Motorcentral/VehicleData/GRA-9ae39d49-745d-4dca-bd18-6d3beee819ae-18.jpg,https://www.grandemotors.co.nz/Motorcentral/VehicleData/GRA-9ae39d49-745d-4dca-bd18-6d3beee819ae-19.jpg",Subaru,"Vehicles & Parts > Vehicles > Cars, Trucks & Vans",2017,SUV,GASOLINE,Automatic,Grande Motors
12935,2017 Subaru XV 4WD.Eyesight.Blind spot.Radar cruise.Rear camera.Lane assist.,"Immobilizer. RCC (Radar Cruise Control). BSM (Blind Spot Monitoring). LKA (Lane Keeping Assistance). Alloy wheels with Japanese ""Yokohama"" tires. Available from Grande Motors Ltd, East Tamaki, Auckland.",in stock,used,19900.00 NZD,https://www.grandemotors.co.nz/vehicle/2017-Subaru-XV/12935,https://www.grandemotors.co.nz/Motorcentral/VehicleData/GRA-59c17fe8-c861-439c-853e-459c521bc17f-1.jpg,"https://www.grandemotors.co.nz/Motorcentral/VehicleData/GRA-59c17fe8-c861-439c-853e-459c521bc17f-2.jpg,https://www.grandemotors.co.nz/Motorcentral/VehicleData/GRA-59c17fe8-c861-439c-853e-459c521bc17f-3.jpg,https://www.grandemotors.co.nz/Motorcentral/VehicleData/GRA-59c17fe8-c861-439c-853e-459c521bc17f-4.jpg,https://www.grandemotors.co.nz/Motorcentral/VehicleData/GRA-59c17fe8-c861-439c-853e-459c521bc17f-5.jpg,https://www.grandemotors.co.nz/Motorcentral/VehicleData/GRA-59c17fe8-c861-439c-853e-459c521bc17f-6.jpg,https://www.grandemotors.co.nz/Motorcentral/VehicleData/GRA-59c17fe8-c861-439c-853e-459c521bc17f-7.jpg,https://www.grandemotors.co.nz/Motorcentral/VehicleData/GRA-59c17fe8-c861-439c-853e-459c521bc17f-8.jpg,https://www.grandemotors.co.nz/Motorcentral/VehicleData/GRA-59c17fe8-c861-439c-853e-459c521bc17f-9.jpg,https://www.grandemotors.co.nz/Motorcentral/VehicleData/GRA-59c17fe8-c861-439c-853e-459c521bc17f-10.jpg,https://www.grandemotors.co.nz/Motorcentral/VehicleData/GRA-59c17fe8-c861-439c-853e-459c521bc17f-11.jpg,https://www.grandemotors.co.nz/Motorcentral/VehicleData/GRA-59c17fe8-c861-439c-853e-459c521bc17f-12.jpg,https://www.grandemotors.co.nz/Motorcentral/VehicleData/GRA-59c17fe8-c861-439c-853e-459c521bc17f-13.jpg,https://www.grandemotors.co.nz/Motorcentral/VehicleData/GRA-59c17fe8-c861-439c-853e-459c521bc17f-14.jpg,https://www.grandemotors.co.nz/Motorcentral/VehicleData/GRA-59c17fe8-c861-439c-853e-459c521bc17f-15.jpg,https://www.grandemotors.co.nz/Motorcentral/VehicleData/GRA-59c17fe8-c861-439c-853e-459c521bc17f-16.jpg,https://www.grandemotors.co.nz/Motorcentral/VehicleData/GRA-59c17fe8-c861-439c-853e-459c521bc17f-17.jpg,https://www.grandemotors.co.nz/Motorcentral/VehicleData/GRA-59c17fe8-c861-439c-853e-459c521bc17f-18.jpg,https://www.grandemotors.co.nz/Motorcentral/VehicleData/GRA-59c17fe8-c861-439c-853e-459c521bc17f-19.jpg,https://www.grandemotors.co.nz/Motorcentral/VehicleData/GRA-59c17fe8-c861-439c-853e-459c521bc17f-20.jpg",Subaru,"Vehicles & Parts > Vehicles > Cars, Trucks & Vans",2017,SUV,GASOLINE,Automatic,Grande Motors
12749,2018 Subaru XV (Impreza).Advance.Hybrid.4WD.Eyesight.Lane assist.Radar cruise.Park sens.,"CERTIFIED LOW KM. Immobilizer. Parking sensors. RCC (Radar Cruise Control). BSM (Blind Spot Monitoring). LKA (Lane Keeping Assistance). Pre- Available from Grande Motors Ltd, East Tamaki, Auckland.",in stock,used,23980.00 NZD,https://www.grandemotors.co.nz/vehicle/2018-Subaru-XV/12749,https://www.grandemotors.co.nz/Motorcentral/VehicleData/GRA-1c3b7fa5-b9f2-4a2d-8c70-762966e215a2-1.jpg,"https://www.grandemotors.co.nz/Motorcentral/VehicleData/GRA-1c3b7fa5-b9f2-4a2d-8c70-762966e215a2-2.jpg,https://www.grandemotors.co.nz/Motorcentral/VehicleData/GRA-1c3b7fa5-b9f2-4a2d-8c70-762966e215a2-3.jpg,https://www.grandemotors.co.nz/Motorcentral/VehicleData/GRA-1c3b7fa5-b9f2-4a2d-8c70-762966e215a2-4.jpg,https://www.grandemotors.co.nz/Motorcentral/VehicleData/GRA-1c3b7fa5-b9f2-4a2d-8c70-762966e215a2-5.jpg,https://www.grandemotors.co.nz/Motorcentral/VehicleData/GRA-1c3b7fa5-b9f2-4a2d-8c70-762966e215a2-6.jpg,https://www.grandemotors.co.nz/Motorcentral/VehicleData/GRA-1c3b7fa5-b9f2-4a2d-8c70-762966e215a2-7.jpg,https://www.grandemotors.co.nz/Motorcentral/VehicleData/GRA-1c3b7fa5-b9f2-4a2d-8c70-762966e215a2-8.jpg,https://www.grandemotors.co.nz/Motorcentral/VehicleData/GRA-1c3b7fa5-b9f2-4a2d-8c70-762966e215a2-9.jpg,https://www.grandemotors.co.nz/Motorcentral/VehicleData/GRA-1c3b7fa5-b9f2-4a2d-8c70-762966e215a2-10.jpg,https://www.grandemotors.co.nz/Motorcentral/VehicleData/GRA-1c3b7fa5-b9f2-4a2d-8c70-762966e215a2-11.jpg,https://www.grandemotors.co.nz/Motorcentral/VehicleData/GRA-1c3b7fa5-b9f2-4a2d-8c70-762966e215a2-12.jpg,https://www.grandemotors.co.nz/Motorcentral/VehicleData/GRA-1c3b7fa5-b9f2-4a2d-8c70-762966e215a2-13.jpg,https://www.grandemotors.co.nz/Motorcentral/VehicleData/GRA-1c3b7fa5-b9f2-4a2d-8c70-762966e215a2-14.jpg,https://www.grandemotors.co.nz/Motorcentral/VehicleData/GRA-1c3b7fa5-b9f2-4a2d-8c70-762966e215a2-15.jpg,https://www.grandemotors.co.nz/Motorcentral/VehicleData/GRA-1c3b7fa5-b9f2-4a2d-8c70-762966e215a2-16.jpg,https://www.grandemotors.co.nz/Motorcentral/VehicleData/GRA-1c3b7fa5-b9f2-4a2d-8c70-762966e215a2-17.jpg,https://www.grandemotors.co.nz/Motorcentral/VehicleData/GRA-1c3b7fa5-b9f2-4a2d-8c70-762966e215a2-18.jpg,https://www.grandemotors.co.nz/Motorcentral/VehicleData/GRA-1c3b7fa5-b9f2-4a2d-8c70-762966e215a2-19.jpg,https://www.grandemotors.co.nz/Motorcentral/VehicleData/GRA-1c3b7fa5-b9f2-4a2d-8c70-762966e215a2-20.jpg",Subaru,"Vehicles & Parts > Vehicles > Cars, Trucks & Vans",2018,SUV,HYBRID,Automatic,Grande Motors
12996,2018 Subaru XV Eyesight.4WD.Blind spot.Lane assist.Radar cruise.Rear camera.,"Immobilizer. RCC (Radar Cruise Control). BSM (Blind Spot monitoring). LKA (Lane Keeping Assistance). Alloy wheels with brand new tires. Pre-Col Available from Grande Motors Ltd, East Tamaki, Auckland.",in stock,used,20600.00 NZD,https://www.grandemotors.co.nz/vehicle/2018-Subaru-XV/12996,https://www.grandemotors.co.nz/Motorcentral/VehicleData/GRA-227a639c-c830-4d04-8fc2-479fd70e3d32-1.jpg,"https://www.grandemotors.co.nz/Motorcentral/VehicleData/GRA-227a639c-c830-4d04-8fc2-479fd70e3d32-2.jpg,https://www.grandemotors.co.nz/Motorcentral/VehicleData/GRA-227a639c-c830-4d04-8fc2-479fd70e3d32-3.jpg,https://www.grandemotors.co.nz/Motorcentral/VehicleData/GRA-227a639c-c830-4d04-8fc2-479fd70e3d32-4.jpg,https://www.grandemotors.co.nz/Motorcentral/VehicleData/GRA-227a639c-c830-4d04-8fc2-479fd70e3d32-5.jpg,https://www.grandemotors.co.nz/Motorcentral/VehicleData/GRA-227a639c-c830-4d04-8fc2-479fd70e3d32-6.jpg,https://www.grandemotors.co.nz/Motorcentral/VehicleData/GRA-227a639c-c830-4d04-8fc2-479fd70e3d32-7.jpg,https://www.grandemotors.co.nz/Motorcentral/VehicleData/GRA-227a639c-c830-4d04-8fc2-479fd70e3d32-8.jpg,https://www.grandemotors.co.nz/Motorcentral/VehicleData/GRA-227a639c-c830-4d04-8fc2-479fd70e3d32-9.jpg,https://www.grandemotors.co.nz/Motorcentral/VehicleData/GRA-227a639c-c830-4d04-8fc2-479fd70e3d32-10.jpg,https://www.grandemotors.co.nz/Motorcentral/VehicleData/GRA-227a639c-c830-4d04-8fc2-479fd70e3d32-11.jpg,https://www.grandemotors.co.nz/Motorcentral/VehicleData/GRA-227a639c-c830-4d04-8fc2-479fd70e3d32-12.jpg,https://www.grandemotors.co.nz/Motorcentral/VehicleData/GRA-227a639c-c830-4d04-8fc2-479fd70e3d32-13.jpg,https://www.grandemotors.co.nz/Motorcentral/VehicleData/GRA-227a639c-c830-4d04-8fc2-479fd70e3d32-14.jpg,https://www.grandemotors.co.nz/Motorcentral/VehicleData/GRA-227a639c-c830-4d04-8fc2-479fd70e3d32-15.jpg,https://www.grandemotors.co.nz/Motorcentral/VehicleData/GRA-227a639c-c830-4d04-8fc2-479fd70e3d32-16.jpg,https://www.grandemotors.co.nz/Motorcentral/VehicleData/GRA-227a639c-c830-4d04-8fc2-479fd70e3d32-17.jpg,https://www.grandemotors.co.nz/Motorcentral/VehicleData/GRA-227a639c-c830-4d04-8fc2-479fd70e3d32-18.jpg,https://www.grandemotors.co.nz/Motorcentral/VehicleData/GRA-227a639c-c830-4d04-8fc2-479fd70e3d32-19.jpg,https://www.grandemotors.co.nz/Motorcentral/VehicleData/GRA-227a639c-c830-4d04-8fc2-479fd70e3d32-20.jpg",Subaru,"Vehicles & Parts > Vehicles > Cars, Trucks & Vans",2018,SUV,OTHER,Automatic,Grande Motors
12858,2019 Subaru XV (Impreza).Advance.Hybrid.4WD.Eyesight.Lane assist.Radar cruise.Park sens.,"Immobilizer. Parking sensors. RCC (Radar Cruise Control). LKA (Lane Keeping Assistance). Pre-Collision Braking system ""Eyesight""- provides autom Available from Grande Motors Ltd, East Tamaki, Auckland.",in stock,used,23400.00 NZD,https://www.grandemotors.co.nz/vehicle/2019-Subaru-XV/12858,https://www.grandemotors.co.nz/Motorcentral/VehicleData/GRA-4b4e8f52-c2e6-4331-b669-561e5f540715-1.jpg,"https://www.grandemotors.co.nz/Motorcentral/VehicleData/GRA-4b4e8f52-c2e6-4331-b669-561e5f540715-2.jpg,https://www.grandemotors.co.nz/Motorcentral/VehicleData/GRA-4b4e8f52-c2e6-4331-b669-561e5f540715-3.jpg,https://www.grandemotors.co.nz/Motorcentral/VehicleData/GRA-4b4e8f52-c2e6-4331-b669-561e5f540715-4.jpg,https://www.grandemotors.co.nz/Motorcentral/VehicleData/GRA-4b4e8f52-c2e6-4331-b669-561e5f540715-5.jpg,https://www.grandemotors.co.nz/Motorcentral/VehicleData/GRA-4b4e8f52-c2e6-4331-b669-561e5f540715-6.jpg,https://www.grandemotors.co.nz/Motorcentral/VehicleData/GRA-4b4e8f52-c2e6-4331-b669-561e5f540715-7.jpg,https://www.grandemotors.co.nz/Motorcentral/VehicleData/GRA-4b4e8f52-c2e6-4331-b669-561e5f540715-8.jpg,https://www.grandemotors.co.nz/Motorcentral/VehicleData/GRA-4b4e8f52-c2e6-4331-b669-561e5f540715-9.jpg,https://www.grandemotors.co.nz/Motorcentral/VehicleData/GRA-4b4e8f52-c2e6-4331-b669-561e5f540715-10.jpg,https://www.grandemotors.co.nz/Motorcentral/VehicleData/GRA-4b4e8f52-c2e6-4331-b669-561e5f540715-11.jpg,https://www.grandemotors.co.nz/Motorcentral/VehicleData/GRA-4b4e8f52-c2e6-4331-b669-561e5f540715-12.jpg,https://www.grandemotors.co.nz/Motorcentral/VehicleData/GRA-4b4e8f52-c2e6-4331-b669-561e5f540715-13.jpg,https://www.grandemotors.co.nz/Motorcentral/VehicleData/GRA-4b4e8f52-c2e6-4331-b669-561e5f540715-14.jpg,https://www.grandemotors.co.nz/Motorcentral/VehicleData/GRA-4b4e8f52-c2e6-4331-b669-561e5f540715-15.jpg,https://www.grandemotors.co.nz/Motorcentral/VehicleData/GRA-4b4e8f52-c2e6-4331-b669-561e5f540715-16.jpg,https://www.grandemotors.co.nz/Motorcentral/VehicleData/GRA-4b4e8f52-c2e6-4331-b669-561e5f540715-17.jpg,https://www.grandemotors.co.nz/Motorcentral/VehicleData/GRA-4b4e8f52-c2e6-4331-b669-561e5f540715-18.jpg,https://www.grandemotors.co.nz/Motorcentral/VehicleData/GRA-4b4e8f52-c2e6-4331-b669-561e5f540715-19.jpg",Subaru,"Vehicles & Parts > Vehicles > Cars, Trucks & Vans",2019,SUV,HYBRID,Automatic,Grande Motors
12869,2019 Subaru XV Hybrid.Eyesight.Blind spot.Radar cruise.Rear camera.Lane assist.,"Immobilizer. Parking sensors. RCC (Radar Cruise Control). BSM (Blind Spot Monitoring). LKA (Lane Keeping Assistance). Pre-Collision Braking sys Available from Grande Motors Ltd, East Tamaki, Auckland.",in stock,used,19900.00 NZD,https://www.grandemotors.co.nz/vehicle/2019-Subaru-XV/12869,https://www.grandemotors.co.nz/Motorcentral/VehicleData/GRA-ebdf26f3-31a9-44bc-94b0-7031b87a6ade-1.jpg,"https://www.grandemotors.co.nz/Motorcentral/VehicleData/GRA-ebdf26f3-31a9-44bc-94b0-7031b87a6ade-2.jpg,https://www.grandemotors.co.nz/Motorcentral/VehicleData/GRA-ebdf26f3-31a9-44bc-94b0-7031b87a6ade-3.jpg,https://www.grandemotors.co.nz/Motorcentral/VehicleData/GRA-ebdf26f3-31a9-44bc-94b0-7031b87a6ade-4.jpg,https://www.grandemotors.co.nz/Motorcentral/VehicleData/GRA-ebdf26f3-31a9-44bc-94b0-7031b87a6ade-5.jpg,https://www.grandemotors.co.nz/Motorcentral/VehicleData/GRA-ebdf26f3-31a9-44bc-94b0-7031b87a6ade-6.jpg,https://www.grandemotors.co.nz/Motorcentral/VehicleData/GRA-ebdf26f3-31a9-44bc-94b0-7031b87a6ade-7.jpg,https://www.grandemotors.co.nz/Motorcentral/VehicleData/GRA-ebdf26f3-31a9-44bc-94b0-7031b87a6ade-8.jpg,https://www.grandemotors.co.nz/Motorcentral/VehicleData/GRA-ebdf26f3-31a9-44bc-94b0-7031b87a6ade-9.jpg,https://www.grandemotors.co.nz/Motorcentral/VehicleData/GRA-ebdf26f3-31a9-44bc-94b0-7031b87a6ade-10.jpg,https://www.grandemotors.co.nz/Motorcentral/VehicleData/GRA-ebdf26f3-31a9-44bc-94b0-7031b87a6ade-11.jpg,https://www.grandemotors.co.nz/Motorcentral/VehicleData/GRA-ebdf26f3-31a9-44bc-94b0-7031b87a6ade-12.jpg,https://www.grandemotors.co.nz/Motorcentral/VehicleData/GRA-ebdf26f3-31a9-44bc-94b0-7031b87a6ade-13.jpg,https://www.grandemotors.co.nz/Motorcentral/VehicleData/GRA-ebdf26f3-31a9-44bc-94b0-7031b87a6ade-14.jpg,https://www.grandemotors.co.nz/Motorcentral/VehicleData/GRA-ebdf26f3-31a9-44bc-94b0-7031b87a6ade-15.jpg,https://www.grandemotors.co.nz/Motorcentral/VehicleData/GRA-ebdf26f3-31a9-44bc-94b0-7031b87a6ade-16.jpg,https://www.grandemotors.co.nz/Motorcentral/VehicleData/GRA-ebdf26f3-31a9-44bc-94b0-7031b87a6ade-17.jpg,https://www.grandemotors.co.nz/Motorcentral/VehicleData/GRA-ebdf26f3-31a9-44bc-94b0-7031b87a6ade-18.jpg,https://www.grandemotors.co.nz/Motorcentral/VehicleData/GRA-ebdf26f3-31a9-44bc-94b0-7031b87a6ade-19.jpg",Subaru,"Vehicles & Parts > Vehicles > Cars, Trucks & Vans",2019,SUV,HYBRID,Automatic,Grande Motors
12914,2019 Subaru XV Hybrid.4WD.Eyesight.Blind spot.Radar cruise.Rear camera.Lane assist.,"Immobilizer. RCC (Radar Cruise Control). BSM (Blind Spot Monitoring). LKA (Lane Keeping Assistance). Alloy wheels with Japanese ""Yokohama"" tires. Available from Grande Motors Ltd, East Tamaki, Auckland.",in stock,used,23500.00 NZD,https://www.grandemotors.co.nz/vehicle/2019-Subaru-XV/12914,https://www.grandemotors.co.nz/Motorcentral/VehicleData/GRA-d148b515-bdea-495d-9bc7-ee196c1f8121-1.jpg,"https://www.grandemotors.co.nz/Motorcentral/VehicleData/GRA-d148b515-bdea-495d-9bc7-ee196c1f8121-2.jpg,https://www.grandemotors.co.nz/Motorcentral/VehicleData/GRA-d148b515-bdea-495d-9bc7-ee196c1f8121-3.jpg,https://www.grandemotors.co.nz/Motorcentral/VehicleData/GRA-d148b515-bdea-495d-9bc7-ee196c1f8121-4.jpg,https://www.grandemotors.co.nz/Motorcentral/VehicleData/GRA-d148b515-bdea-495d-9bc7-ee196c1f8121-5.jpg,https://www.grandemotors.co.nz/Motorcentral/VehicleData/GRA-d148b515-bdea-495d-9bc7-ee196c1f8121-6.jpg,https://www.grandemotors.co.nz/Motorcentral/VehicleData/GRA-d148b515-bdea-495d-9bc7-ee196c1f8121-7.jpg,https://www.grandemotors.co.nz/Motorcentral/VehicleData/GRA-d148b515-bdea-495d-9bc7-ee196c1f8121-8.jpg,https://www.grandemotors.co.nz/Motorcentral/VehicleData/GRA-d148b515-bdea-495d-9bc7-ee196c1f8121-9.jpg,https://www.grandemotors.co.nz/Motorcentral/VehicleData/GRA-d148b515-bdea-495d-9bc7-ee196c1f8121-10.jpg,https://www.grandemotors.co.nz/Motorcentral/VehicleData/GRA-d148b515-bdea-495d-9bc7-ee196c1f8121-11.jpg,https://www.grandemotors.co.nz/Motorcentral/VehicleData/GRA-d148b515-bdea-495d-9bc7-ee196c1f8121-12.jpg,https://www.grandemotors.co.nz/Motorcentral/VehicleData/GRA-d148b515-bdea-495d-9bc7-ee196c1f8121-13.jpg,https://www.grandemotors.co.nz/Motorcentral/VehicleData/GRA-d148b515-bdea-495d-9bc7-ee196c1f8121-14.jpg,https://www.grandemotors.co.nz/Motorcentral/VehicleData/GRA-d148b515-bdea-495d-9bc7-ee196c1f8121-15.jpg,https://www.grandemotors.co.nz/Motorcentral/VehicleData/GRA-d148b515-bdea-495d-9bc7-ee196c1f8121-16.jpg,https://www.grandemotors.co.nz/Motorcentral/VehicleData/GRA-d148b515-bdea-495d-9bc7-ee196c1f8121-17.jpg,https://www.grandemotors.co.nz/Motorcentral/VehicleData/GRA-d148b515-bdea-495d-9bc7-ee196c1f8121-18.jpg,https://www.grandemotors.co.nz/Motorcentral/VehicleData/GRA-d148b515-bdea-495d-9bc7-ee196c1f8121-19.jpg,https://www.grandemotors.co.nz/Motorcentral/VehicleData/GRA-d148b515-bdea-495d-9bc7-ee196c1f8121-20.jpg",Subaru,"Vehicles & Parts > Vehicles > Cars, Trucks & Vans",2019,SUV,HYBRID,Automatic,Grande Motors
12995,2019 Subaru XV Eyesight.4WD.Lane assist.Blind spot.Radar cruise.Rear camera.,"Immobilizer. Parking sensors. RCC (Radar Cruise Control). BSM (Blind Spot monitoring). LKA (Lane Keeping Assistance). Alloy wheels with brand new Available from Grande Motors Ltd, East Tamaki, Auckland.",in stock,used,21500.00 NZD,https://www.grandemotors.co.nz/vehicle/2019-Subaru-XV/12995,https://www.grandemotors.co.nz/Motorcentral/VehicleData/GRA-02853617-b80f-4b44-989a-893f05418e2c-1.jpg,"https://www.grandemotors.co.nz/Motorcentral/VehicleData/GRA-02853617-b80f-4b44-989a-893f05418e2c-2.jpg,https://www.grandemotors.co.nz/Motorcentral/VehicleData/GRA-02853617-b80f-4b44-989a-893f05418e2c-3.jpg,https://www.grandemotors.co.nz/Motorcentral/VehicleData/GRA-02853617-b80f-4b44-989a-893f05418e2c-4.jpg,https://www.grandemotors.co.nz/Motorcentral/VehicleData/GRA-02853617-b80f-4b44-989a-893f05418e2c-5.jpg,https://www.grandemotors.co.nz/Motorcentral/VehicleData/GRA-02853617-b80f-4b44-989a-893f05418e2c-6.jpg,https://www.grandemotors.co.nz/Motorcentral/VehicleData/GRA-02853617-b80f-4b44-989a-893f05418e2c-7.jpg,https://www.grandemotors.co.nz/Motorcentral/VehicleData/GRA-02853617-b80f-4b44-989a-893f05418e2c-8.jpg,https://www.grandemotors.co.nz/Motorcentral/VehicleData/GRA-02853617-b80f-4b44-989a-893f05418e2c-9.jpg,https://www.grandemotors.co.nz/Motorcentral/VehicleData/GRA-02853617-b80f-4b44-989a-893f05418e2c-10.jpg,https://www.grandemotors.co.nz/Motorcentral/VehicleData/GRA-02853617-b80f-4b44-989a-893f05418e2c-11.jpg,https://www.grandemotors.co.nz/Motorcentral/VehicleData/GRA-02853617-b80f-4b44-989a-893f05418e2c-12.jpg,https://www.grandemotors.co.nz/Motorcentral/VehicleData/GRA-02853617-b80f-4b44-989a-893f05418e2c-13.jpg,https://www.grandemotors.co.nz/Motorcentral/VehicleData/GRA-02853617-b80f-4b44-989a-893f05418e2c-14.jpg,https://www.grandemotors.co.nz/Motorcentral/VehicleData/GRA-02853617-b80f-4b44-989a-893f05418e2c-15.jpg,https://www.grandemotors.co.nz/Motorcentral/VehicleData/GRA-02853617-b80f-4b44-989a-893f05418e2c-16.jpg,https://www.grandemotors.co.nz/Motorcentral/VehicleData/GRA-02853617-b80f-4b44-989a-893f05418e2c-17.jpg,https://www.grandemotors.co.nz/Motorcentral/VehicleData/GRA-02853617-b80f-4b44-989a-893f05418e2c-18.jpg,https://www.grandemotors.co.nz/Motorcentral/VehicleData/GRA-02853617-b80f-4b44-989a-893f05418e2c-19.jpg,https://www.grandemotors.co.nz/Motorcentral/VehicleData/GRA-02853617-b80f-4b44-989a-893f05418e2c-20.jpg",Subaru,"Vehicles & Parts > Vehicles > Cars, Trucks & Vans",2019,SUV,OTHER,Automatic,Grande Motors
13512,2019 Subaru XV 4WD.Eyesight.Blind spot.Radar cruise.Rear camera.Lane assist.,"Immobilizer. Parking sensors. RCC (Radar Cruise Control). BSM (Blind Spot Monitoring). LKA (Lane Keeping Assistance). Pre-Collision Braking sys Available from Grande Motors Ltd, East Tamaki, Auckland.",in stock,used,22900.00 NZD,https://www.grandemotors.co.nz/vehicle/2019-Subaru-XV/13512,https://www.grandemotors.co.nz/Motorcentral/VehicleData/GRA-c0ca0b68-e461-49fd-b57c-adaa153ce248-1.jpg,"https://www.grandemotors.co.nz/Motorcentral/VehicleData/GRA-c0ca0b68-e461-49fd-b57c-adaa153ce248-2.jpg,https://www.grandemotors.co.nz/Motorcentral/VehicleData/GRA-c0ca0b68-e461-49fd-b57c-adaa153ce248-3.jpg,https://www.grandemotors.co.nz/Motorcentral/VehicleData/GRA-c0ca0b68-e461-49fd-b57c-adaa153ce248-4.jpg,https://www.grandemotors.co.nz/Motorcentral/VehicleData/GRA-c0ca0b68-e461-49fd-b57c-adaa153ce248-5.jpg,https://www.grandemotors.co.nz/Motorcentral/VehicleData/GRA-c0ca0b68-e461-49fd-b57c-adaa153ce248-6.jpg,https://www.grandemotors.co.nz/Motorcentral/VehicleData/GRA-c0ca0b68-e461-49fd-b57c-adaa153ce248-7.jpg,https://www.grandemotors.co.nz/Motorcentral/VehicleData/GRA-c0ca0b68-e461-49fd-b57c-adaa153ce248-8.jpg,https://www.grandemotors.co.nz/Motorcentral/VehicleData/GRA-c0ca0b68-e461-49fd-b57c-adaa153ce248-9.jpg,https://www.grandemotors.co.nz/Motorcentral/VehicleData/GRA-c0ca0b68-e461-49fd-b57c-adaa153ce248-10.jpg,https://www.grandemotors.co.nz/Motorcentral/VehicleData/GRA-c0ca0b68-e461-49fd-b57c-adaa153ce248-11.jpg,https://www.grandemotors.co.nz/Motorcentral/VehicleData/GRA-c0ca0b68-e461-49fd-b57c-adaa153ce248-12.jpg,https://www.grandemotors.co.nz/Motorcentral/VehicleData/GRA-c0ca0b68-e461-49fd-b57c-adaa153ce248-13.jpg,https://www.grandemotors.co.nz/Motorcentral/VehicleData/GRA-c0ca0b68-e461-49fd-b57c-adaa153ce248-14.jpg,https://www.grandemotors.co.nz/Motorcentral/VehicleData/GRA-c0ca0b68-e461-49fd-b57c-adaa153ce248-15.jpg,https://www.grandemotors.co.nz/Motorcentral/VehicleData/GRA-c0ca0b68-e461-49fd-b57c-adaa153ce248-16.jpg,https://www.grandemotors.co.nz/Motorcentral/VehicleData/GRA-c0ca0b68-e461-49fd-b57c-adaa153ce248-17.jpg,https://www.grandemotors.co.nz/Motorcentral/VehicleData/GRA-c0ca0b68-e461-49fd-b57c-adaa153ce248-18.jpg,https://www.grandemotors.co.nz/Motorcentral/VehicleData/GRA-c0ca0b68-e461-49fd-b57c-adaa153ce248-19.jpg,https://www.grandemotors.co.nz/Motorcentral/VehicleData/GRA-c0ca0b68-e461-49fd-b57c-adaa153ce248-20.jpg",Subaru,"Vehicles & Parts > Vehicles > Cars, Trucks & Vans",2019,SUV,GASOLINE,Automatic,Grande Motors
13127,2021 Subaru XV Hybrid.Advance.4WD.Eyesight.Radar cruise.Lane assist.Park sens.Rear cam.,"Immobilizer. RCC (Radar Cruise Control). BSM (Blind Spot Monitoring). LKA (Lane Keeping Assistance). Pre-Collision Braking system ""Eyesight""- pr Available from Grande Motors Ltd, East Tamaki, Auckland.",in stock,used,24900.00 NZD,https://www.grandemotors.co.nz/vehicle/2021-Subaru-XV/13127,https://www.grandemotors.co.nz/Motorcentral/VehicleData/GRA-486bc7a5-26d4-4c5d-883e-15c3370f2d53-1.jpg,"https://www.grandemotors.co.nz/Motorcentral/VehicleData/GRA-486bc7a5-26d4-4c5d-883e-15c3370f2d53-2.jpg,https://www.grandemotors.co.nz/Motorcentral/VehicleData/GRA-486bc7a5-26d4-4c5d-883e-15c3370f2d53-3.jpg,https://www.grandemotors.co.nz/Motorcentral/VehicleData/GRA-486bc7a5-26d4-4c5d-883e-15c3370f2d53-4.jpg,https://www.grandemotors.co.nz/Motorcentral/VehicleData/GRA-486bc7a5-26d4-4c5d-883e-15c3370f2d53-5.jpg,https://www.grandemotors.co.nz/Motorcentral/VehicleData/GRA-486bc7a5-26d4-4c5d-883e-15c3370f2d53-6.jpg,https://www.grandemotors.co.nz/Motorcentral/VehicleData/GRA-486bc7a5-26d4-4c5d-883e-15c3370f2d53-7.jpg,https://www.grandemotors.co.nz/Motorcentral/VehicleData/GRA-486bc7a5-26d4-4c5d-883e-15c3370f2d53-8.jpg,https://www.grandemotors.co.nz/Motorcentral/VehicleData/GRA-486bc7a5-26d4-4c5d-883e-15c3370f2d53-9.jpg,https://www.grandemotors.co.nz/Motorcentral/VehicleData/GRA-486bc7a5-26d4-4c5d-883e-15c3370f2d53-10.jpg,https://www.grandemotors.co.nz/Motorcentral/VehicleData/GRA-486bc7a5-26d4-4c5d-883e-15c3370f2d53-11.jpg,https://www.grandemotors.co.nz/Motorcentral/VehicleData/GRA-486bc7a5-26d4-4c5d-883e-15c3370f2d53-12.jpg,https://www.grandemotors.co.nz/Motorcentral/VehicleData/GRA-486bc7a5-26d4-4c5d-883e-15c3370f2d53-13.jpg,https://www.grandemotors.co.nz/Motorcentral/VehicleData/GRA-486bc7a5-26d4-4c5d-883e-15c3370f2d53-14.jpg,https://www.grandemotors.co.nz/Motorcentral/VehicleData/GRA-486bc7a5-26d4-4c5d-883e-15c3370f2d53-15.jpg,https://www.grandemotors.co.nz/Motorcentral/VehicleData/GRA-486bc7a5-26d4-4c5d-883e-15c3370f2d53-16.jpg,https://www.grandemotors.co.nz/Motorcentral/VehicleData/GRA-486bc7a5-26d4-4c5d-883e-15c3370f2d53-17.jpg,https://www.grandemotors.co.nz/Motorcentral/VehicleData/GRA-486bc7a5-26d4-4c5d-883e-15c3370f2d53-18.jpg,https://www.grandemotors.co.nz/Motorcentral/VehicleData/GRA-486bc7a5-26d4-4c5d-883e-15c3370f2d53-19.jpg,https://www.grandemotors.co.nz/Motorcentral/VehicleData/GRA-486bc7a5-26d4-4c5d-883e-15c3370f2d53-20.jpg",Subaru,"Vehicles & Parts > Vehicles > Cars, Trucks & Vans",2021,SUV,HYBRID,Automatic,Grande Motors
13151,2021 Subaru XV HYBRID ADVANCE 4WD,"2021 Subaru XV RV-SUV in Red Japanese import, 2000 engine, done 83000kms,Automatic. E- boxer 2021 nice red colour ,Hybrid. 4WD. Grey and blue ha Available from Grande Motors Ltd, East Tamaki, Auckland.",in stock,used,24600.00 NZD,https://www.grandemotors.co.nz/vehicle/2021-Subaru-XV/13151,https://www.grandemotors.co.nz/Motorcentral/VehicleData/GRA-5d69bef4-1679-462b-adb4-c543075c8735-1.jpg,"https://www.grandemotors.co.nz/Motorcentral/VehicleData/GRA-5d69bef4-1679-462b-adb4-c543075c8735-2.jpg,https://www.grandemotors.co.nz/Motorcentral/VehicleData/GRA-5d69bef4-1679-462b-adb4-c543075c8735-3.jpg,https://www.grandemotors.co.nz/Motorcentral/VehicleData/GRA-5d69bef4-1679-462b-adb4-c543075c8735-4.jpg,https://www.grandemotors.co.nz/Motorcentral/VehicleData/GRA-5d69bef4-1679-462b-adb4-c543075c8735-5.jpg,https://www.grandemotors.co.nz/Motorcentral/VehicleData/GRA-5d69bef4-1679-462b-adb4-c543075c8735-6.jpg,https://www.grandemotors.co.nz/Motorcentral/VehicleData/GRA-5d69bef4-1679-462b-adb4-c543075c8735-7.jpg,https://www.grandemotors.co.nz/Motorcentral/VehicleData/GRA-5d69bef4-1679-462b-adb4-c543075c8735-8.jpg,https://www.grandemotors.co.nz/Motorcentral/VehicleData/GRA-5d69bef4-1679-462b-adb4-c543075c8735-9.jpg,https://www.grandemotors.co.nz/Motorcentral/VehicleData/GRA-5d69bef4-1679-462b-adb4-c543075c8735-10.jpg,https://www.grandemotors.co.nz/Motorcentral/VehicleData/GRA-5d69bef4-1679-462b-adb4-c543075c8735-11.jpg,https://www.grandemotors.co.nz/Motorcentral/VehicleData/GRA-5d69bef4-1679-462b-adb4-c543075c8735-12.jpg,https://www.grandemotors.co.nz/Motorcentral/VehicleData/GRA-5d69bef4-1679-462b-adb4-c543075c8735-13.jpg,https://www.grandemotors.co.nz/Motorcentral/VehicleData/GRA-5d69bef4-1679-462b-adb4-c543075c8735-14.jpg,https://www.grandemotors.co.nz/Motorcentral/VehicleData/GRA-5d69bef4-1679-462b-adb4-c543075c8735-15.jpg,https://www.grandemotors.co.nz/Motorcentral/VehicleData/GRA-5d69bef4-1679-462b-adb4-c543075c8735-16.jpg,https://www.grandemotors.co.nz/Motorcentral/VehicleData/GRA-5d69bef4-1679-462b-adb4-c543075c8735-17.jpg,https://www.grandemotors.co.nz/Motorcentral/VehicleData/GRA-5d69bef4-1679-462b-adb4-c543075c8735-18.jpg",Subaru,"Vehicles & Parts > Vehicles > Cars, Trucks & Vans",2021,SUV,HYBRID,Automatic,Grande Motors
13572,2016 Suzuki Swift RS.Cruise control.Button start.Alloy wheels.,"Alarm. Immobilizer. Engine button start. 2016 Suzuki Swift RS in Pearl White colour with black interior. Japanese import, 1200cc chain driven Available from Grande Motors Ltd, East Tamaki, Auckland.",in stock,used,12900.00 NZD,https://www.grandemotors.co.nz/vehicle/2016-Suzuki-Swift/13572,https://www.grandemotors.co.nz/Motorcentral/VehicleData/GRA-5697e0aa-f54e-4c4f-a12e-f78d0af5b69b-1.jpg,"https://www.grandemotors.co.nz/Motorcentral/VehicleData/GRA-5697e0aa-f54e-4c4f-a12e-f78d0af5b69b-2.jpg,https://www.grandemotors.co.nz/Motorcentral/VehicleData/GRA-5697e0aa-f54e-4c4f-a12e-f78d0af5b69b-3.jpg,https://www.grandemotors.co.nz/Motorcentral/VehicleData/GRA-5697e0aa-f54e-4c4f-a12e-f78d0af5b69b-4.jpg,https://www.grandemotors.co.nz/Motorcentral/VehicleData/GRA-5697e0aa-f54e-4c4f-a12e-f78d0af5b69b-5.jpg,https://www.grandemotors.co.nz/Motorcentral/VehicleData/GRA-5697e0aa-f54e-4c4f-a12e-f78d0af5b69b-6.jpg,https://www.grandemotors.co.nz/Motorcentral/VehicleData/GRA-5697e0aa-f54e-4c4f-a12e-f78d0af5b69b-7.jpg,https://www.grandemotors.co.nz/Motorcentral/VehicleData/GRA-5697e0aa-f54e-4c4f-a12e-f78d0af5b69b-8.jpg,https://www.grandemotors.co.nz/Motorcentral/VehicleData/GRA-5697e0aa-f54e-4c4f-a12e-f78d0af5b69b-9.jpg,https://www.grandemotors.co.nz/Motorcentral/VehicleData/GRA-5697e0aa-f54e-4c4f-a12e-f78d0af5b69b-10.jpg,https://www.grandemotors.co.nz/Motorcentral/VehicleData/GRA-5697e0aa-f54e-4c4f-a12e-f78d0af5b69b-11.jpg,https://www.grandemotors.co.nz/Motorcentral/VehicleData/GRA-5697e0aa-f54e-4c4f-a12e-f78d0af5b69b-12.jpg,https://www.grandemotors.co.nz/Motorcentral/VehicleData/GRA-5697e0aa-f54e-4c4f-a12e-f78d0af5b69b-13.jpg,https://www.grandemotors.co.nz/Motorcentral/VehicleData/GRA-5697e0aa-f54e-4c4f-a12e-f78d0af5b69b-14.jpg,https://www.grandemotors.co.nz/Motorcentral/VehicleData/GRA-5697e0aa-f54e-4c4f-a12e-f78d0af5b69b-15.jpg,https://www.grandemotors.co.nz/Motorcentral/VehicleData/GRA-5697e0aa-f54e-4c4f-a12e-f78d0af5b69b-16.jpg,https://www.grandemotors.co.nz/Motorcentral/VehicleData/GRA-5697e0aa-f54e-4c4f-a12e-f78d0af5b69b-17.jpg,https://www.grandemotors.co.nz/Motorcentral/VehicleData/GRA-5697e0aa-f54e-4c4f-a12e-f78d0af5b69b-18.jpg",Suzuki,"Vehicles & Parts > Vehicles > Cars, Trucks & Vans",2016,HATCHBACK,GASOLINE,Automatic,Grande Motors
13514,2017 Suzuki Swift RS.Cruise control.Rear camera.Button start.,"Alarm. Immobilizer. Engine button start. 5-speed manual transmission. 2017 Suzuki Swift RS in black colour with black interior. Japanese impo Available from Grande Motors Ltd, East Tamaki, Auckland.",in stock,used,14800.00 NZD,https://www.grandemotors.co.nz/vehicle/2017-Suzuki-Swift/13514,https://www.grandemotors.co.nz/Motorcentral/VehicleData/GRA-a2bc25c4-e7eb-4d7a-ada5-9f387c5cc37b-1.jpg,"https://www.grandemotors.co.nz/Motorcentral/VehicleData/GRA-a2bc25c4-e7eb-4d7a-ada5-9f387c5cc37b-2.jpg,https://www.grandemotors.co.nz/Motorcentral/VehicleData/GRA-a2bc25c4-e7eb-4d7a-ada5-9f387c5cc37b-3.jpg,https://www.grandemotors.co.nz/Motorcentral/VehicleData/GRA-a2bc25c4-e7eb-4d7a-ada5-9f387c5cc37b-4.jpg,https://www.grandemotors.co.nz/Motorcentral/VehicleData/GRA-a2bc25c4-e7eb-4d7a-ada5-9f387c5cc37b-5.jpg,https://www.grandemotors.co.nz/Motorcentral/VehicleData/GRA-a2bc25c4-e7eb-4d7a-ada5-9f387c5cc37b-6.jpg,https://www.grandemotors.co.nz/Motorcentral/VehicleData/GRA-a2bc25c4-e7eb-4d7a-ada5-9f387c5cc37b-7.jpg,https://www.grandemotors.co.nz/Motorcentral/VehicleData/GRA-a2bc25c4-e7eb-4d7a-ada5-9f387c5cc37b-8.jpg,https://www.grandemotors.co.nz/Motorcentral/VehicleData/GRA-a2bc25c4-e7eb-4d7a-ada5-9f387c5cc37b-9.jpg,https://www.grandemotors.co.nz/Motorcentral/VehicleData/GRA-a2bc25c4-e7eb-4d7a-ada5-9f387c5cc37b-10.jpg,https://www.grandemotors.co.nz/Motorcentral/VehicleData/GRA-a2bc25c4-e7eb-4d7a-ada5-9f387c5cc37b-11.jpg,https://www.grandemotors.co.nz/Motorcentral/VehicleData/GRA-a2bc25c4-e7eb-4d7a-ada5-9f387c5cc37b-12.jpg,https://www.grandemotors.co.nz/Motorcentral/VehicleData/GRA-a2bc25c4-e7eb-4d7a-ada5-9f387c5cc37b-13.jpg,https://www.grandemotors.co.nz/Motorcentral/VehicleData/GRA-a2bc25c4-e7eb-4d7a-ada5-9f387c5cc37b-14.jpg,https://www.grandemotors.co.nz/Motorcentral/VehicleData/GRA-a2bc25c4-e7eb-4d7a-ada5-9f387c5cc37b-15.jpg,https://www.grandemotors.co.nz/Motorcentral/VehicleData/GRA-a2bc25c4-e7eb-4d7a-ada5-9f387c5cc37b-16.jpg,https://www.grandemotors.co.nz/Motorcentral/VehicleData/GRA-a2bc25c4-e7eb-4d7a-ada5-9f387c5cc37b-17.jpg,https://www.grandemotors.co.nz/Motorcentral/VehicleData/GRA-a2bc25c4-e7eb-4d7a-ada5-9f387c5cc37b-18.jpg,https://www.grandemotors.co.nz/Motorcentral/VehicleData/GRA-a2bc25c4-e7eb-4d7a-ada5-9f387c5cc37b-19.jpg",Suzuki,"Vehicles & Parts > Vehicles > Cars, Trucks & Vans",2017,HATCHBACK,GASOLINE,Manual,Grande Motors
13539,2017 Suzuki Swift RS.Alloy wheels.Button start engine.,"Alarm. Immobilizer. Engine button start. 2017 Suzuki Swift RS in blue colour with black interior. Japanese import, 1200cc chain driven hybrid Available from Grande Motors Ltd, East Tamaki, Auckland.",in stock,used,13900.00 NZD,https://www.grandemotors.co.nz/vehicle/2017-Suzuki-Swift/13539,https://www.grandemotors.co.nz/Motorcentral/VehicleData/GRA-682d7f6e-e886-4d93-8994-c5c013a1c09c-1.jpg,"https://www.grandemotors.co.nz/Motorcentral/VehicleData/GRA-682d7f6e-e886-4d93-8994-c5c013a1c09c-2.jpg,https://www.grandemotors.co.nz/Motorcentral/VehicleData/GRA-682d7f6e-e886-4d93-8994-c5c013a1c09c-3.jpg,https://www.grandemotors.co.nz/Motorcentral/VehicleData/GRA-682d7f6e-e886-4d93-8994-c5c013a1c09c-4.jpg,https://www.grandemotors.co.nz/Motorcentral/VehicleData/GRA-682d7f6e-e886-4d93-8994-c5c013a1c09c-5.jpg,https://www.grandemotors.co.nz/Motorcentral/VehicleData/GRA-682d7f6e-e886-4d93-8994-c5c013a1c09c-6.jpg,https://www.grandemotors.co.nz/Motorcentral/VehicleData/GRA-682d7f6e-e886-4d93-8994-c5c013a1c09c-7.jpg,https://www.grandemotors.co.nz/Motorcentral/VehicleData/GRA-682d7f6e-e886-4d93-8994-c5c013a1c09c-8.jpg,https://www.grandemotors.co.nz/Motorcentral/VehicleData/GRA-682d7f6e-e886-4d93-8994-c5c013a1c09c-9.jpg,https://www.grandemotors.co.nz/Motorcentral/VehicleData/GRA-682d7f6e-e886-4d93-8994-c5c013a1c09c-10.jpg,https://www.grandemotors.co.nz/Motorcentral/VehicleData/GRA-682d7f6e-e886-4d93-8994-c5c013a1c09c-11.jpg,https://www.grandemotors.co.nz/Motorcentral/VehicleData/GRA-682d7f6e-e886-4d93-8994-c5c013a1c09c-12.jpg,https://www.grandemotors.co.nz/Motorcentral/VehicleData/GRA-682d7f6e-e886-4d93-8994-c5c013a1c09c-13.jpg,https://www.grandemotors.co.nz/Motorcentral/VehicleData/GRA-682d7f6e-e886-4d93-8994-c5c013a1c09c-14.jpg,https://www.grandemotors.co.nz/Motorcentral/VehicleData/GRA-682d7f6e-e886-4d93-8994-c5c013a1c09c-15.jpg,https://www.grandemotors.co.nz/Motorcentral/VehicleData/GRA-682d7f6e-e886-4d93-8994-c5c013a1c09c-16.jpg,https://www.grandemotors.co.nz/Motorcentral/VehicleData/GRA-682d7f6e-e886-4d93-8994-c5c013a1c09c-17.jpg,https://www.grandemotors.co.nz/Motorcentral/VehicleData/GRA-682d7f6e-e886-4d93-8994-c5c013a1c09c-18.jpg,https://www.grandemotors.co.nz/Motorcentral/VehicleData/GRA-682d7f6e-e886-4d93-8994-c5c013a1c09c-19.jpg,https://www.grandemotors.co.nz/Motorcentral/VehicleData/GRA-682d7f6e-e886-4d93-8994-c5c013a1c09c-20.jpg",Suzuki,"Vehicles & Parts > Vehicles > Cars, Trucks & Vans",2017,HATCHBACK,HYBRID,Automatic,Grande Motors
13040,2021 Tesla Model 3 STANDARD RANGE PLUS,"Full battery range is 399km. 2021 Tesla Model 3 Standard Range Plus in red colour with black leather seats. An enjoyable roomy interior that can Available from Grande Motors Ltd, East Tamaki, Auckland.",in stock,used,33900.00 NZD,https://www.grandemotors.co.nz/vehicle/2021-Tesla-Model3/13040,https://www.grandemotors.co.nz/Motorcentral/VehicleData/GRA-6e4228b5-5eba-49f8-83f8-eef1f851010d-1.jpg,"https://www.grandemotors.co.nz/Motorcentral/VehicleData/GRA-6e4228b5-5eba-49f8-83f8-eef1f851010d-2.jpg,https://www.grandemotors.co.nz/Motorcentral/VehicleData/GRA-6e4228b5-5eba-49f8-83f8-eef1f851010d-3.jpg,https://www.grandemotors.co.nz/Motorcentral/VehicleData/GRA-6e4228b5-5eba-49f8-83f8-eef1f851010d-4.jpg,https://www.grandemotors.co.nz/Motorcentral/VehicleData/GRA-6e4228b5-5eba-49f8-83f8-eef1f851010d-5.jpg,https://www.grandemotors.co.nz/Motorcentral/VehicleData/GRA-6e4228b5-5eba-49f8-83f8-eef1f851010d-6.jpg,https://www.grandemotors.co.nz/Motorcentral/VehicleData/GRA-6e4228b5-5eba-49f8-83f8-eef1f851010d-7.jpg,https://www.grandemotors.co.nz/Motorcentral/VehicleData/GRA-6e4228b5-5eba-49f8-83f8-eef1f851010d-8.jpg,https://www.grandemotors.co.nz/Motorcentral/VehicleData/GRA-6e4228b5-5eba-49f8-83f8-eef1f851010d-9.jpg,https://www.grandemotors.co.nz/Motorcentral/VehicleData/GRA-6e4228b5-5eba-49f8-83f8-eef1f851010d-10.jpg,https://www.grandemotors.co.nz/Motorcentral/VehicleData/GRA-6e4228b5-5eba-49f8-83f8-eef1f851010d-11.jpg,https://www.grandemotors.co.nz/Motorcentral/VehicleData/GRA-6e4228b5-5eba-49f8-83f8-eef1f851010d-12.jpg,https://www.grandemotors.co.nz/Motorcentral/VehicleData/GRA-6e4228b5-5eba-49f8-83f8-eef1f851010d-13.jpg,https://www.grandemotors.co.nz/Motorcentral/VehicleData/GRA-6e4228b5-5eba-49f8-83f8-eef1f851010d-14.jpg,https://www.grandemotors.co.nz/Motorcentral/VehicleData/GRA-6e4228b5-5eba-49f8-83f8-eef1f851010d-15.jpg,https://www.grandemotors.co.nz/Motorcentral/VehicleData/GRA-6e4228b5-5eba-49f8-83f8-eef1f851010d-16.jpg,https://www.grandemotors.co.nz/Motorcentral/VehicleData/GRA-6e4228b5-5eba-49f8-83f8-eef1f851010d-17.jpg,https://www.grandemotors.co.nz/Motorcentral/VehicleData/GRA-6e4228b5-5eba-49f8-83f8-eef1f851010d-18.jpg,https://www.grandemotors.co.nz/Motorcentral/VehicleData/GRA-6e4228b5-5eba-49f8-83f8-eef1f851010d-19.jpg",Tesla,"Vehicles & Parts > Vehicles > Cars, Trucks & Vans",2021,HATCHBACK,ELECTRIC,Automatic,Grande Motors
13615,2021 Tesla Model 3 STANDARD RANGE PLUS,"2021 Tesla Model 3 Sedan in White Japanese import, 0 engine, done 46500kms,Automatic. Transit Tesla Model 3 2021/12 Auction Grade 4,5 Hold depo Available from Grande Motors Ltd, East Tamaki, Auckland.",in stock,used,36500.00 NZD,https://www.grandemotors.co.nz/vehicle/2021-Tesla-Model3/13615,https://www.grandemotors.co.nz/Motorcentral/VehicleData/GRA-34c6b5d4-b1e9-45dc-940f-7fe07e961b02-1.jpg,"https://www.grandemotors.co.nz/Motorcentral/VehicleData/GRA-34c6b5d4-b1e9-45dc-940f-7fe07e961b02-2.jpg,https://www.grandemotors.co.nz/Motorcentral/VehicleData/GRA-34c6b5d4-b1e9-45dc-940f-7fe07e961b02-3.jpg,https://www.grandemotors.co.nz/Motorcentral/VehicleData/GRA-34c6b5d4-b1e9-45dc-940f-7fe07e961b02-4.jpg,https://www.grandemotors.co.nz/Motorcentral/VehicleData/GRA-34c6b5d4-b1e9-45dc-940f-7fe07e961b02-5.jpg,https://www.grandemotors.co.nz/Motorcentral/VehicleData/GRA-34c6b5d4-b1e9-45dc-940f-7fe07e961b02-6.jpg,https://www.grandemotors.co.nz/Motorcentral/VehicleData/GRA-34c6b5d4-b1e9-45dc-940f-7fe07e961b02-7.jpg,https://www.grandemotors.co.nz/Motorcentral/VehicleData/GRA-34c6b5d4-b1e9-45dc-940f-7fe07e961b02-8.jpg,https://www.grandemotors.co.nz/Motorcentral/VehicleData/GRA-34c6b5d4-b1e9-45dc-940f-7fe07e961b02-9.jpg,https://www.grandemotors.co.nz/Motorcentral/VehicleData/GRA-34c6b5d4-b1e9-45dc-940f-7fe07e961b02-10.jpg,https://www.grandemotors.co.nz/Motorcentral/VehicleData/GRA-34c6b5d4-b1e9-45dc-940f-7fe07e961b02-11.jpg,https://www.grandemotors.co.nz/Motorcentral/VehicleData/GRA-34c6b5d4-b1e9-45dc-940f-7fe07e961b02-12.jpg,https://www.grandemotors.co.nz/Motorcentral/VehicleData/GRA-34c6b5d4-b1e9-45dc-940f-7fe07e961b02-13.jpg",Tesla,"Vehicles & Parts > Vehicles > Cars, Trucks & Vans",2021,SEDAN,ELECTRIC,Automatic,Grande Motors
13275,2002 Toyota Alphard MS.V6.Lane assist.Rear cam.Alloys.LOW KM.,"CERTIFIED LOW KM. Parking sensors. Sport suspension. LKA (Lane Keeping Assistance). 2002 Toyota Alphard MS 7 seater in grey colour with grey s Available from Grande Motors Ltd, East Tamaki, Auckland.",in stock,used,13900.00 NZD,https://www.grandemotors.co.nz/vehicle/2002-Toyota-Alphard/13275,https://www.grandemotors.co.nz/Motorcentral/VehicleData/GRA-627a4f66-a6b2-4191-8ba4-26c886d4dcf6-1.jpg,"https://www.grandemotors.co.nz/Motorcentral/VehicleData/GRA-627a4f66-a6b2-4191-8ba4-26c886d4dcf6-2.jpg,https://www.grandemotors.co.nz/Motorcentral/VehicleData/GRA-627a4f66-a6b2-4191-8ba4-26c886d4dcf6-3.jpg,https://www.grandemotors.co.nz/Motorcentral/VehicleData/GRA-627a4f66-a6b2-4191-8ba4-26c886d4dcf6-4.jpg,https://www.grandemotors.co.nz/Motorcentral/VehicleData/GRA-627a4f66-a6b2-4191-8ba4-26c886d4dcf6-5.jpg,https://www.grandemotors.co.nz/Motorcentral/VehicleData/GRA-627a4f66-a6b2-4191-8ba4-26c886d4dcf6-6.jpg,https://www.grandemotors.co.nz/Motorcentral/VehicleData/GRA-627a4f66-a6b2-4191-8ba4-26c886d4dcf6-7.jpg,https://www.grandemotors.co.nz/Motorcentral/VehicleData/GRA-627a4f66-a6b2-4191-8ba4-26c886d4dcf6-8.jpg,https://www.grandemotors.co.nz/Motorcentral/VehicleData/GRA-627a4f66-a6b2-4191-8ba4-26c886d4dcf6-9.jpg,https://www.grandemotors.co.nz/Motorcentral/VehicleData/GRA-627a4f66-a6b2-4191-8ba4-26c886d4dcf6-10.jpg,https://www.grandemotors.co.nz/Motorcentral/VehicleData/GRA-627a4f66-a6b2-4191-8ba4-26c886d4dcf6-11.jpg,https://www.grandemotors.co.nz/Motorcentral/VehicleData/GRA-627a4f66-a6b2-4191-8ba4-26c886d4dcf6-12.jpg,https://www.grandemotors.co.nz/Motorcentral/VehicleData/GRA-627a4f66-a6b2-4191-8ba4-26c886d4dcf6-13.jpg,https://www.grandemotors.co.nz/Motorcentral/VehicleData/GRA-627a4f66-a6b2-4191-8ba4-26c886d4dcf6-14.jpg,https://www.grandemotors.co.nz/Motorcentral/VehicleData/GRA-627a4f66-a6b2-4191-8ba4-26c886d4dcf6-15.jpg,https://www.grandemotors.co.nz/Motorcentral/VehicleData/GRA-627a4f66-a6b2-4191-8ba4-26c886d4dcf6-16.jpg,https://www.grandemotors.co.nz/Motorcentral/VehicleData/GRA-627a4f66-a6b2-4191-8ba4-26c886d4dcf6-17.jpg,https://www.grandemotors.co.nz/Motorcentral/VehicleData/GRA-627a4f66-a6b2-4191-8ba4-26c886d4dcf6-18.jpg,https://www.grandemotors.co.nz/Motorcentral/VehicleData/GRA-627a4f66-a6b2-4191-8ba4-26c886d4dcf6-19.jpg,https://www.grandemotors.co.nz/Motorcentral/VehicleData/GRA-627a4f66-a6b2-4191-8ba4-26c886d4dcf6-20.jpg",Toyota,"Vehicles & Parts > Vehicles > Cars, Trucks & Vans",2002,VAN,GASOLINE,Automatic,Grande Motors
12934,2005 Toyota Alphard MS.7 seats.Rear cam.LOW KM.Alloys.,"2005 Toyota Alphard MS 7 seater in grey colour with grey seats. Japanese import, smooth V6 3000cc engine provides perfect compromise between power Available from Grande Motors Ltd, East Tamaki, Auckland.",in stock,used,13900.00 NZD,https://www.grandemotors.co.nz/vehicle/2005-Toyota-Alphard/12934,https://www.grandemotors.co.nz/Motorcentral/VehicleData/GRA-e979df46-56d0-4dc4-8b13-9363b3f0591b-1.jpg,"https://www.grandemotors.co.nz/Motorcentral/VehicleData/GRA-e979df46-56d0-4dc4-8b13-9363b3f0591b-2.jpg,https://www.grandemotors.co.nz/Motorcentral/VehicleData/GRA-e979df46-56d0-4dc4-8b13-9363b3f0591b-3.jpg,https://www.grandemotors.co.nz/Motorcentral/VehicleData/GRA-e979df46-56d0-4dc4-8b13-9363b3f0591b-4.jpg,https://www.grandemotors.co.nz/Motorcentral/VehicleData/GRA-e979df46-56d0-4dc4-8b13-9363b3f0591b-5.jpg,https://www.grandemotors.co.nz/Motorcentral/VehicleData/GRA-e979df46-56d0-4dc4-8b13-9363b3f0591b-6.jpg,https://www.grandemotors.co.nz/Motorcentral/VehicleData/GRA-e979df46-56d0-4dc4-8b13-9363b3f0591b-7.jpg,https://www.grandemotors.co.nz/Motorcentral/VehicleData/GRA-e979df46-56d0-4dc4-8b13-9363b3f0591b-8.jpg,https://www.grandemotors.co.nz/Motorcentral/VehicleData/GRA-e979df46-56d0-4dc4-8b13-9363b3f0591b-9.jpg,https://www.grandemotors.co.nz/Motorcentral/VehicleData/GRA-e979df46-56d0-4dc4-8b13-9363b3f0591b-10.jpg,https://www.grandemotors.co.nz/Motorcentral/VehicleData/GRA-e979df46-56d0-4dc4-8b13-9363b3f0591b-11.jpg,https://www.grandemotors.co.nz/Motorcentral/VehicleData/GRA-e979df46-56d0-4dc4-8b13-9363b3f0591b-12.jpg,https://www.grandemotors.co.nz/Motorcentral/VehicleData/GRA-e979df46-56d0-4dc4-8b13-9363b3f0591b-13.jpg,https://www.grandemotors.co.nz/Motorcentral/VehicleData/GRA-e979df46-56d0-4dc4-8b13-9363b3f0591b-14.jpg,https://www.grandemotors.co.nz/Motorcentral/VehicleData/GRA-e979df46-56d0-4dc4-8b13-9363b3f0591b-15.jpg,https://www.grandemotors.co.nz/Motorcentral/VehicleData/GRA-e979df46-56d0-4dc4-8b13-9363b3f0591b-16.jpg,https://www.grandemotors.co.nz/Motorcentral/VehicleData/GRA-e979df46-56d0-4dc4-8b13-9363b3f0591b-17.jpg,https://www.grandemotors.co.nz/Motorcentral/VehicleData/GRA-e979df46-56d0-4dc4-8b13-9363b3f0591b-18.jpg,https://www.grandemotors.co.nz/Motorcentral/VehicleData/GRA-e979df46-56d0-4dc4-8b13-9363b3f0591b-19.jpg,https://www.grandemotors.co.nz/Motorcentral/VehicleData/GRA-e979df46-56d0-4dc4-8b13-9363b3f0591b-20.jpg",Toyota,"Vehicles & Parts > Vehicles > Cars, Trucks & Vans",2005,VAN,GASOLINE,Automatic,Grande Motors
11764,2012 Toyota Alphard Rear camera.Park sensors.8 SRS Airbags.,"2012 Toyota Alphard 7 seater in black colour with black seats. Japanese import, smooth 2400cc chain driven engine provides perfect compromise betwe Available from Grande Motors Ltd, East Tamaki, Auckland.",in stock,used,13500.00 NZD,https://www.grandemotors.co.nz/vehicle/2012-Toyota-Alphard/11764,https://www.grandemotors.co.nz/Motorcentral/VehicleData/GRA-532aea9d-8b3b-4395-bc30-639091086c52-1.jpg,"https://www.grandemotors.co.nz/Motorcentral/VehicleData/GRA-532aea9d-8b3b-4395-bc30-639091086c52-2.jpg,https://www.grandemotors.co.nz/Motorcentral/VehicleData/GRA-532aea9d-8b3b-4395-bc30-639091086c52-3.jpg,https://www.grandemotors.co.nz/Motorcentral/VehicleData/GRA-532aea9d-8b3b-4395-bc30-639091086c52-4.jpg,https://www.grandemotors.co.nz/Motorcentral/VehicleData/GRA-532aea9d-8b3b-4395-bc30-639091086c52-5.jpg,https://www.grandemotors.co.nz/Motorcentral/VehicleData/GRA-532aea9d-8b3b-4395-bc30-639091086c52-6.jpg,https://www.grandemotors.co.nz/Motorcentral/VehicleData/GRA-532aea9d-8b3b-4395-bc30-639091086c52-7.jpg,https://www.grandemotors.co.nz/Motorcentral/VehicleData/GRA-532aea9d-8b3b-4395-bc30-639091086c52-8.jpg,https://www.grandemotors.co.nz/Motorcentral/VehicleData/GRA-532aea9d-8b3b-4395-bc30-639091086c52-9.jpg,https://www.grandemotors.co.nz/Motorcentral/VehicleData/GRA-532aea9d-8b3b-4395-bc30-639091086c52-10.jpg,https://www.grandemotors.co.nz/Motorcentral/VehicleData/GRA-532aea9d-8b3b-4395-bc30-639091086c52-11.jpg,https://www.grandemotors.co.nz/Motorcentral/VehicleData/GRA-532aea9d-8b3b-4395-bc30-639091086c52-12.jpg,https://www.grandemotors.co.nz/Motorcentral/VehicleData/GRA-532aea9d-8b3b-4395-bc30-639091086c52-13.jpg,https://www.grandemotors.co.nz/Motorcentral/VehicleData/GRA-532aea9d-8b3b-4395-bc30-639091086c52-14.jpg,https://www.grandemotors.co.nz/Motorcentral/VehicleData/GRA-532aea9d-8b3b-4395-bc30-639091086c52-15.jpg,https://www.grandemotors.co.nz/Motorcentral/VehicleData/GRA-532aea9d-8b3b-4395-bc30-639091086c52-16.jpg,https://www.grandemotors.co.nz/Motorcentral/VehicleData/GRA-532aea9d-8b3b-4395-bc30-639091086c52-17.jpg",Toyota,"Vehicles & Parts > Vehicles > Cars, Trucks & Vans",2012,VAN,GASOLINE,Automatic,Grande Motors
13206,2013 Toyota Alphard 8 seater.Rear camera.Park sensors.Cruise control.8 SRS Airbags.,"Immobilizer. Engine button start. Both electric sliding doors. 2013 Toyota Alphard 8 seater in pearl white colour with black interior Japanese Available from Grande Motors Ltd, East Tamaki, Auckland.",in stock,used,18800.00 NZD,https://www.grandemotors.co.nz/vehicle/2013-Toyota-Alphard/13206,https://www.grandemotors.co.nz/Motorcentral/VehicleData/GRA-00cb39e8-2f3e-4b41-8fbc-8815881e25aa-1.jpg,"https://www.grandemotors.co.nz/Motorcentral/VehicleData/GRA-00cb39e8-2f3e-4b41-8fbc-8815881e25aa-2.jpg,https://www.grandemotors.co.nz/Motorcentral/VehicleData/GRA-00cb39e8-2f3e-4b41-8fbc-8815881e25aa-3.jpg,https://www.grandemotors.co.nz/Motorcentral/VehicleData/GRA-00cb39e8-2f3e-4b41-8fbc-8815881e25aa-4.jpg,https://www.grandemotors.co.nz/Motorcentral/VehicleData/GRA-00cb39e8-2f3e-4b41-8fbc-8815881e25aa-5.jpg,https://www.grandemotors.co.nz/Motorcentral/VehicleData/GRA-00cb39e8-2f3e-4b41-8fbc-8815881e25aa-6.jpg,https://www.grandemotors.co.nz/Motorcentral/VehicleData/GRA-00cb39e8-2f3e-4b41-8fbc-8815881e25aa-7.jpg,https://www.grandemotors.co.nz/Motorcentral/VehicleData/GRA-00cb39e8-2f3e-4b41-8fbc-8815881e25aa-8.jpg,https://www.grandemotors.co.nz/Motorcentral/VehicleData/GRA-00cb39e8-2f3e-4b41-8fbc-8815881e25aa-9.jpg,https://www.grandemotors.co.nz/Motorcentral/VehicleData/GRA-00cb39e8-2f3e-4b41-8fbc-8815881e25aa-10.jpg,https://www.grandemotors.co.nz/Motorcentral/VehicleData/GRA-00cb39e8-2f3e-4b41-8fbc-8815881e25aa-11.jpg,https://www.grandemotors.co.nz/Motorcentral/VehicleData/GRA-00cb39e8-2f3e-4b41-8fbc-8815881e25aa-12.jpg,https://www.grandemotors.co.nz/Motorcentral/VehicleData/GRA-00cb39e8-2f3e-4b41-8fbc-8815881e25aa-13.jpg,https://www.grandemotors.co.nz/Motorcentral/VehicleData/GRA-00cb39e8-2f3e-4b41-8fbc-8815881e25aa-14.jpg,https://www.grandemotors.co.nz/Motorcentral/VehicleData/GRA-00cb39e8-2f3e-4b41-8fbc-8815881e25aa-15.jpg,https://www.grandemotors.co.nz/Motorcentral/VehicleData/GRA-00cb39e8-2f3e-4b41-8fbc-8815881e25aa-16.jpg,https://www.grandemotors.co.nz/Motorcentral/VehicleData/GRA-00cb39e8-2f3e-4b41-8fbc-8815881e25aa-17.jpg,https://www.grandemotors.co.nz/Motorcentral/VehicleData/GRA-00cb39e8-2f3e-4b41-8fbc-8815881e25aa-18.jpg,https://www.grandemotors.co.nz/Motorcentral/VehicleData/GRA-00cb39e8-2f3e-4b41-8fbc-8815881e25aa-19.jpg,https://www.grandemotors.co.nz/Motorcentral/VehicleData/GRA-00cb39e8-2f3e-4b41-8fbc-8815881e25aa-20.jpg",Toyota,"Vehicles & Parts > Vehicles > Cars, Trucks & Vans",2013,VAN,GASOLINE,Automatic,Grande Motors
12141,2015 Toyota Alphard 8 seater.Park sensors.SRS Airbags.,"2015 Toyota Alphard in Silver colour. 8 seater Reversing Camera Bluetooth Electric Doors Luxury Japanese import, smooth 2400cc chain driven Available from Grande Motors Ltd, East Tamaki, Auckland.",in stock,used,27900.00 NZD,https://www.grandemotors.co.nz/vehicle/2015-Toyota-Alphard/12141,https://www.grandemotors.co.nz/Motorcentral/VehicleData/GRA-c05052e2-a6ba-4326-a19d-be1e4ee912e6-1.jpg,"https://www.grandemotors.co.nz/Motorcentral/VehicleData/GRA-c05052e2-a6ba-4326-a19d-be1e4ee912e6-2.jpg,https://www.grandemotors.co.nz/Motorcentral/VehicleData/GRA-c05052e2-a6ba-4326-a19d-be1e4ee912e6-3.jpg,https://www.grandemotors.co.nz/Motorcentral/VehicleData/GRA-c05052e2-a6ba-4326-a19d-be1e4ee912e6-4.jpg,https://www.grandemotors.co.nz/Motorcentral/VehicleData/GRA-c05052e2-a6ba-4326-a19d-be1e4ee912e6-5.jpg,https://www.grandemotors.co.nz/Motorcentral/VehicleData/GRA-c05052e2-a6ba-4326-a19d-be1e4ee912e6-6.jpg,https://www.grandemotors.co.nz/Motorcentral/VehicleData/GRA-c05052e2-a6ba-4326-a19d-be1e4ee912e6-7.jpg,https://www.grandemotors.co.nz/Motorcentral/VehicleData/GRA-c05052e2-a6ba-4326-a19d-be1e4ee912e6-8.jpg,https://www.grandemotors.co.nz/Motorcentral/VehicleData/GRA-c05052e2-a6ba-4326-a19d-be1e4ee912e6-9.jpg,https://www.grandemotors.co.nz/Motorcentral/VehicleData/GRA-c05052e2-a6ba-4326-a19d-be1e4ee912e6-10.jpg,https://www.grandemotors.co.nz/Motorcentral/VehicleData/GRA-c05052e2-a6ba-4326-a19d-be1e4ee912e6-11.jpg,https://www.grandemotors.co.nz/Motorcentral/VehicleData/GRA-c05052e2-a6ba-4326-a19d-be1e4ee912e6-12.jpg,https://www.grandemotors.co.nz/Motorcentral/VehicleData/GRA-c05052e2-a6ba-4326-a19d-be1e4ee912e6-13.jpg,https://www.grandemotors.co.nz/Motorcentral/VehicleData/GRA-c05052e2-a6ba-4326-a19d-be1e4ee912e6-14.jpg,https://www.grandemotors.co.nz/Motorcentral/VehicleData/GRA-c05052e2-a6ba-4326-a19d-be1e4ee912e6-15.jpg,https://www.grandemotors.co.nz/Motorcentral/VehicleData/GRA-c05052e2-a6ba-4326-a19d-be1e4ee912e6-16.jpg,https://www.grandemotors.co.nz/Motorcentral/VehicleData/GRA-c05052e2-a6ba-4326-a19d-be1e4ee912e6-17.jpg,https://www.grandemotors.co.nz/Motorcentral/VehicleData/GRA-c05052e2-a6ba-4326-a19d-be1e4ee912e6-18.jpg,https://www.grandemotors.co.nz/Motorcentral/VehicleData/GRA-c05052e2-a6ba-4326-a19d-be1e4ee912e6-19.jpg",Toyota,"Vehicles & Parts > Vehicles > Cars, Trucks & Vans",2015,VAN,GASOLINE,Automatic,Grande Motors
12693,2015 Toyota Alphard Hybrid.Cruise control.Rear cam.Park sensors.Elec doors.8 SRS Airbags,"Immobilizer. Engine button start. Both electric sliding doors. 2015 Toyota Alphard hybrid 7 seater in pearl white colour. Japanese import, smo Available from Grande Motors Ltd, East Tamaki, Auckland.",in stock,used,31800.00 NZD,https://www.grandemotors.co.nz/vehicle/2015-Toyota-Alphard/12693,https://www.grandemotors.co.nz/Motorcentral/VehicleData/GRA-2b23ad53-850e-4a9d-a902-0007b53db759-1.jpg,"https://www.grandemotors.co.nz/Motorcentral/VehicleData/GRA-2b23ad53-850e-4a9d-a902-0007b53db759-2.jpg,https://www.grandemotors.co.nz/Motorcentral/VehicleData/GRA-2b23ad53-850e-4a9d-a902-0007b53db759-3.jpg,https://www.grandemotors.co.nz/Motorcentral/VehicleData/GRA-2b23ad53-850e-4a9d-a902-0007b53db759-4.jpg,https://www.grandemotors.co.nz/Motorcentral/VehicleData/GRA-2b23ad53-850e-4a9d-a902-0007b53db759-5.jpg,https://www.grandemotors.co.nz/Motorcentral/VehicleData/GRA-2b23ad53-850e-4a9d-a902-0007b53db759-6.jpg,https://www.grandemotors.co.nz/Motorcentral/VehicleData/GRA-2b23ad53-850e-4a9d-a902-0007b53db759-7.jpg,https://www.grandemotors.co.nz/Motorcentral/VehicleData/GRA-2b23ad53-850e-4a9d-a902-0007b53db759-8.jpg,https://www.grandemotors.co.nz/Motorcentral/VehicleData/GRA-2b23ad53-850e-4a9d-a902-0007b53db759-9.jpg,https://www.grandemotors.co.nz/Motorcentral/VehicleData/GRA-2b23ad53-850e-4a9d-a902-0007b53db759-10.jpg,https://www.grandemotors.co.nz/Motorcentral/VehicleData/GRA-2b23ad53-850e-4a9d-a902-0007b53db759-11.jpg,https://www.grandemotors.co.nz/Motorcentral/VehicleData/GRA-2b23ad53-850e-4a9d-a902-0007b53db759-12.jpg,https://www.grandemotors.co.nz/Motorcentral/VehicleData/GRA-2b23ad53-850e-4a9d-a902-0007b53db759-13.jpg,https://www.grandemotors.co.nz/Motorcentral/VehicleData/GRA-2b23ad53-850e-4a9d-a902-0007b53db759-14.jpg,https://www.grandemotors.co.nz/Motorcentral/VehicleData/GRA-2b23ad53-850e-4a9d-a902-0007b53db759-15.jpg,https://www.grandemotors.co.nz/Motorcentral/VehicleData/GRA-2b23ad53-850e-4a9d-a902-0007b53db759-16.jpg,https://www.grandemotors.co.nz/Motorcentral/VehicleData/GRA-2b23ad53-850e-4a9d-a902-0007b53db759-17.jpg,https://www.grandemotors.co.nz/Motorcentral/VehicleData/GRA-2b23ad53-850e-4a9d-a902-0007b53db759-18.jpg,https://www.grandemotors.co.nz/Motorcentral/VehicleData/GRA-2b23ad53-850e-4a9d-a902-0007b53db759-19.jpg",Toyota,"Vehicles & Parts > Vehicles > Cars, Trucks & Vans",2015,VAN,HYBRID,Automatic,Grande Motors
12717,2016 Toyota Alphard Hybrid.7seats.Cruise control.Park sensors.Rear cam.Elec doors.Alarm.,"Immobilizer. Engine button start. Both electric sliding doors/Electric back door. 2016 Toyota Alphard hybrid 7 seater in pearl white colour. J Available from Grande Motors Ltd, East Tamaki, Auckland.",in stock,used,34600.00 NZD,https://www.grandemotors.co.nz/vehicle/2016-Toyota-Alphard/12717,https://www.grandemotors.co.nz/Motorcentral/VehicleData/GRA-2ddd45c3-31e6-4f58-b65e-eca94ff9c786-1.jpg,"https://www.grandemotors.co.nz/Motorcentral/VehicleData/GRA-2ddd45c3-31e6-4f58-b65e-eca94ff9c786-2.jpg,https://www.grandemotors.co.nz/Motorcentral/VehicleData/GRA-2ddd45c3-31e6-4f58-b65e-eca94ff9c786-3.jpg,https://www.grandemotors.co.nz/Motorcentral/VehicleData/GRA-2ddd45c3-31e6-4f58-b65e-eca94ff9c786-4.jpg,https://www.grandemotors.co.nz/Motorcentral/VehicleData/GRA-2ddd45c3-31e6-4f58-b65e-eca94ff9c786-5.jpg,https://www.grandemotors.co.nz/Motorcentral/VehicleData/GRA-2ddd45c3-31e6-4f58-b65e-eca94ff9c786-6.jpg,https://www.grandemotors.co.nz/Motorcentral/VehicleData/GRA-2ddd45c3-31e6-4f58-b65e-eca94ff9c786-7.jpg,https://www.grandemotors.co.nz/Motorcentral/VehicleData/GRA-2ddd45c3-31e6-4f58-b65e-eca94ff9c786-8.jpg,https://www.grandemotors.co.nz/Motorcentral/VehicleData/GRA-2ddd45c3-31e6-4f58-b65e-eca94ff9c786-9.jpg,https://www.grandemotors.co.nz/Motorcentral/VehicleData/GRA-2ddd45c3-31e6-4f58-b65e-eca94ff9c786-10.jpg,https://www.grandemotors.co.nz/Motorcentral/VehicleData/GRA-2ddd45c3-31e6-4f58-b65e-eca94ff9c786-11.jpg,https://www.grandemotors.co.nz/Motorcentral/VehicleData/GRA-2ddd45c3-31e6-4f58-b65e-eca94ff9c786-12.jpg,https://www.grandemotors.co.nz/Motorcentral/VehicleData/GRA-2ddd45c3-31e6-4f58-b65e-eca94ff9c786-13.jpg,https://www.grandemotors.co.nz/Motorcentral/VehicleData/GRA-2ddd45c3-31e6-4f58-b65e-eca94ff9c786-14.jpg,https://www.grandemotors.co.nz/Motorcentral/VehicleData/GRA-2ddd45c3-31e6-4f58-b65e-eca94ff9c786-15.jpg,https://www.grandemotors.co.nz/Motorcentral/VehicleData/GRA-2ddd45c3-31e6-4f58-b65e-eca94ff9c786-16.jpg,https://www.grandemotors.co.nz/Motorcentral/VehicleData/GRA-2ddd45c3-31e6-4f58-b65e-eca94ff9c786-17.jpg,https://www.grandemotors.co.nz/Motorcentral/VehicleData/GRA-2ddd45c3-31e6-4f58-b65e-eca94ff9c786-18.jpg,https://www.grandemotors.co.nz/Motorcentral/VehicleData/GRA-2ddd45c3-31e6-4f58-b65e-eca94ff9c786-19.jpg",Toyota,"Vehicles & Parts > Vehicles > Cars, Trucks & Vans",2016,VAN,HYBRID,Automatic,Grande Motors
12816,2017 Toyota Alphard Hybrid.Cruise control.Rear camera.Parking sensors.,"Immobilizer. Engine button start. Both electric sliding doors. 2017 Toyota Alphard hybrid in Pearl White colour. Japanese import, smooth 2500c Available from Grande Motors Ltd, East Tamaki, Auckland.",in stock,used,33900.00 NZD,https://www.grandemotors.co.nz/vehicle/2017-Toyota-Alphard/12816,https://www.grandemotors.co.nz/Motorcentral/VehicleData/GRA-32dfa6e3-9583-498f-b47b-e52931fa11f9-1.jpg,"https://www.grandemotors.co.nz/Motorcentral/VehicleData/GRA-32dfa6e3-9583-498f-b47b-e52931fa11f9-2.jpg,https://www.grandemotors.co.nz/Motorcentral/VehicleData/GRA-32dfa6e3-9583-498f-b47b-e52931fa11f9-3.jpg,https://www.grandemotors.co.nz/Motorcentral/VehicleData/GRA-32dfa6e3-9583-498f-b47b-e52931fa11f9-4.jpg,https://www.grandemotors.co.nz/Motorcentral/VehicleData/GRA-32dfa6e3-9583-498f-b47b-e52931fa11f9-5.jpg,https://www.grandemotors.co.nz/Motorcentral/VehicleData/GRA-32dfa6e3-9583-498f-b47b-e52931fa11f9-6.jpg,https://www.grandemotors.co.nz/Motorcentral/VehicleData/GRA-32dfa6e3-9583-498f-b47b-e52931fa11f9-7.jpg,https://www.grandemotors.co.nz/Motorcentral/VehicleData/GRA-32dfa6e3-9583-498f-b47b-e52931fa11f9-8.jpg,https://www.grandemotors.co.nz/Motorcentral/VehicleData/GRA-32dfa6e3-9583-498f-b47b-e52931fa11f9-9.jpg,https://www.grandemotors.co.nz/Motorcentral/VehicleData/GRA-32dfa6e3-9583-498f-b47b-e52931fa11f9-10.jpg,https://www.grandemotors.co.nz/Motorcentral/VehicleData/GRA-32dfa6e3-9583-498f-b47b-e52931fa11f9-11.jpg,https://www.grandemotors.co.nz/Motorcentral/VehicleData/GRA-32dfa6e3-9583-498f-b47b-e52931fa11f9-12.jpg,https://www.grandemotors.co.nz/Motorcentral/VehicleData/GRA-32dfa6e3-9583-498f-b47b-e52931fa11f9-13.jpg,https://www.grandemotors.co.nz/Motorcentral/VehicleData/GRA-32dfa6e3-9583-498f-b47b-e52931fa11f9-14.jpg,https://www.grandemotors.co.nz/Motorcentral/VehicleData/GRA-32dfa6e3-9583-498f-b47b-e52931fa11f9-15.jpg,https://www.grandemotors.co.nz/Motorcentral/VehicleData/GRA-32dfa6e3-9583-498f-b47b-e52931fa11f9-16.jpg,https://www.grandemotors.co.nz/Motorcentral/VehicleData/GRA-32dfa6e3-9583-498f-b47b-e52931fa11f9-17.jpg,https://www.grandemotors.co.nz/Motorcentral/VehicleData/GRA-32dfa6e3-9583-498f-b47b-e52931fa11f9-18.jpg,https://www.grandemotors.co.nz/Motorcentral/VehicleData/GRA-32dfa6e3-9583-498f-b47b-e52931fa11f9-19.jpg,https://www.grandemotors.co.nz/Motorcentral/VehicleData/GRA-32dfa6e3-9583-498f-b47b-e52931fa11f9-20.jpg",Toyota,"Vehicles & Parts > Vehicles > Cars, Trucks & Vans",2017,VAN,HYBRID,Automatic,Grande Motors
13489,2017 Toyota Alphard Transit Hybrid 8 seaters,"2017 Toyota Alphard Van in White Japanese import, 2500 engine, done 102500kms,Automatic. Transit Hybrid 8 Seaters 2017/12 4WD Clean beige trim Available from Grande Motors Ltd, East Tamaki, Auckland.",in stock,used,36500.00 NZD,https://www.grandemotors.co.nz/vehicle/2017-Toyota-Alphard/13489,https://www.grandemotors.co.nz/Motorcentral/VehicleData/GRA-3304971c-7597-4e5f-8a18-7e08ff561106-1.jpg,"https://www.grandemotors.co.nz/Motorcentral/VehicleData/GRA-3304971c-7597-4e5f-8a18-7e08ff561106-2.jpg,https://www.grandemotors.co.nz/Motorcentral/VehicleData/GRA-3304971c-7597-4e5f-8a18-7e08ff561106-3.jpg,https://www.grandemotors.co.nz/Motorcentral/VehicleData/GRA-3304971c-7597-4e5f-8a18-7e08ff561106-4.jpg,https://www.grandemotors.co.nz/Motorcentral/VehicleData/GRA-3304971c-7597-4e5f-8a18-7e08ff561106-5.jpg,https://www.grandemotors.co.nz/Motorcentral/VehicleData/GRA-3304971c-7597-4e5f-8a18-7e08ff561106-6.jpg,https://www.grandemotors.co.nz/Motorcentral/VehicleData/GRA-3304971c-7597-4e5f-8a18-7e08ff561106-7.jpg",Toyota,"Vehicles & Parts > Vehicles > Cars, Trucks & Vans",2017,VAN,HYBRID,Automatic,Grande Motors
12677,2018 Toyota Alphard 8 seater.Rear camera.8 SRS Airbags.,"2015 Toyota Alphard in Silver colour. 8 seater Reversing Camera Bluetooth Electric Doors Luxury Japanese import, smooth 2400cc chain driven Available from Grande Motors Ltd, East Tamaki, Auckland.",in stock,used,31890.00 NZD,https://www.grandemotors.co.nz/vehicle/2018-Toyota-Alphard/12677,https://www.grandemotors.co.nz/Motorcentral/VehicleData/GRA-6f519352-a404-47f7-b4dc-406bca2f57ae-1.jpg,"https://www.grandemotors.co.nz/Motorcentral/VehicleData/GRA-6f519352-a404-47f7-b4dc-406bca2f57ae-2.jpg,https://www.grandemotors.co.nz/Motorcentral/VehicleData/GRA-6f519352-a404-47f7-b4dc-406bca2f57ae-3.jpg,https://www.grandemotors.co.nz/Motorcentral/VehicleData/GRA-6f519352-a404-47f7-b4dc-406bca2f57ae-4.jpg,https://www.grandemotors.co.nz/Motorcentral/VehicleData/GRA-6f519352-a404-47f7-b4dc-406bca2f57ae-5.jpg,https://www.grandemotors.co.nz/Motorcentral/VehicleData/GRA-6f519352-a404-47f7-b4dc-406bca2f57ae-6.jpg,https://www.grandemotors.co.nz/Motorcentral/VehicleData/GRA-6f519352-a404-47f7-b4dc-406bca2f57ae-7.jpg,https://www.grandemotors.co.nz/Motorcentral/VehicleData/GRA-6f519352-a404-47f7-b4dc-406bca2f57ae-8.jpg,https://www.grandemotors.co.nz/Motorcentral/VehicleData/GRA-6f519352-a404-47f7-b4dc-406bca2f57ae-9.jpg,https://www.grandemotors.co.nz/Motorcentral/VehicleData/GRA-6f519352-a404-47f7-b4dc-406bca2f57ae-10.jpg,https://www.grandemotors.co.nz/Motorcentral/VehicleData/GRA-6f519352-a404-47f7-b4dc-406bca2f57ae-11.jpg,https://www.grandemotors.co.nz/Motorcentral/VehicleData/GRA-6f519352-a404-47f7-b4dc-406bca2f57ae-12.jpg,https://www.grandemotors.co.nz/Motorcentral/VehicleData/GRA-6f519352-a404-47f7-b4dc-406bca2f57ae-13.jpg,https://www.grandemotors.co.nz/Motorcentral/VehicleData/GRA-6f519352-a404-47f7-b4dc-406bca2f57ae-14.jpg,https://www.grandemotors.co.nz/Motorcentral/VehicleData/GRA-6f519352-a404-47f7-b4dc-406bca2f57ae-15.jpg,https://www.grandemotors.co.nz/Motorcentral/VehicleData/GRA-6f519352-a404-47f7-b4dc-406bca2f57ae-16.jpg,https://www.grandemotors.co.nz/Motorcentral/VehicleData/GRA-6f519352-a404-47f7-b4dc-406bca2f57ae-17.jpg,https://www.grandemotors.co.nz/Motorcentral/VehicleData/GRA-6f519352-a404-47f7-b4dc-406bca2f57ae-18.jpg,https://www.grandemotors.co.nz/Motorcentral/VehicleData/GRA-6f519352-a404-47f7-b4dc-406bca2f57ae-19.jpg",Toyota,"Vehicles & Parts > Vehicles > Cars, Trucks & Vans",2018,VAN,GASOLINE,Automatic,Grande Motors
9359,1998 Toyota Altezza Alloy wheels.,"1998 Toyota Altezza in yellow colour with dark interior. Japanese import, 2000cc engine provides perfect compromise between power and economy. A Available from Grande Motors Ltd, East Tamaki, Auckland.",in stock,used,14900.00 NZD,https://www.grandemotors.co.nz/vehicle/1998-Toyota-Altezza/9359,https://www.grandemotors.co.nz/Motorcentral/VehicleData/GRA-eff6febf-c741-4fc8-98e1-21d8f08fb4b9-1.jpg,"https://www.grandemotors.co.nz/Motorcentral/VehicleData/GRA-eff6febf-c741-4fc8-98e1-21d8f08fb4b9-2.jpg,https://www.grandemotors.co.nz/Motorcentral/VehicleData/GRA-eff6febf-c741-4fc8-98e1-21d8f08fb4b9-3.jpg,https://www.grandemotors.co.nz/Motorcentral/VehicleData/GRA-eff6febf-c741-4fc8-98e1-21d8f08fb4b9-4.jpg,https://www.grandemotors.co.nz/Motorcentral/VehicleData/GRA-eff6febf-c741-4fc8-98e1-21d8f08fb4b9-5.jpg,https://www.grandemotors.co.nz/Motorcentral/VehicleData/GRA-eff6febf-c741-4fc8-98e1-21d8f08fb4b9-6.jpg,https://www.grandemotors.co.nz/Motorcentral/VehicleData/GRA-eff6febf-c741-4fc8-98e1-21d8f08fb4b9-7.jpg,https://www.grandemotors.co.nz/Motorcentral/VehicleData/GRA-eff6febf-c741-4fc8-98e1-21d8f08fb4b9-8.jpg,https://www.grandemotors.co.nz/Motorcentral/VehicleData/GRA-eff6febf-c741-4fc8-98e1-21d8f08fb4b9-9.jpg,https://www.grandemotors.co.nz/Motorcentral/VehicleData/GRA-eff6febf-c741-4fc8-98e1-21d8f08fb4b9-10.jpg,https://www.grandemotors.co.nz/Motorcentral/VehicleData/GRA-eff6febf-c741-4fc8-98e1-21d8f08fb4b9-11.jpg,https://www.grandemotors.co.nz/Motorcentral/VehicleData/GRA-eff6febf-c741-4fc8-98e1-21d8f08fb4b9-12.jpg,https://www.grandemotors.co.nz/Motorcentral/VehicleData/GRA-eff6febf-c741-4fc8-98e1-21d8f08fb4b9-13.jpg,https://www.grandemotors.co.nz/Motorcentral/VehicleData/GRA-eff6febf-c741-4fc8-98e1-21d8f08fb4b9-14.jpg,https://www.grandemotors.co.nz/Motorcentral/VehicleData/GRA-eff6febf-c741-4fc8-98e1-21d8f08fb4b9-15.jpg,https://www.grandemotors.co.nz/Motorcentral/VehicleData/GRA-eff6febf-c741-4fc8-98e1-21d8f08fb4b9-16.jpg,https://www.grandemotors.co.nz/Motorcentral/VehicleData/GRA-eff6febf-c741-4fc8-98e1-21d8f08fb4b9-17.jpg,https://www.grandemotors.co.nz/Motorcentral/VehicleData/GRA-eff6febf-c741-4fc8-98e1-21d8f08fb4b9-18.jpg,https://www.grandemotors.co.nz/Motorcentral/VehicleData/GRA-eff6febf-c741-4fc8-98e1-21d8f08fb4b9-19.jpg",Toyota,"Vehicles & Parts > Vehicles > Cars, Trucks & Vans",1998,SEDAN,GASOLINE,Automatic,Grande Motors
13540,2012 Toyota Aqua Engine button start.SRS Airbags.,"Immobilizer. Engine button start. 2012 Toyota Aqua S pack in Grey colour. Japanese import, smooth 1500cc hybrid engine provides a perfect compr Available from Grande Motors Ltd, East Tamaki, Auckland.",in stock,used,8400.00 NZD,https://www.grandemotors.co.nz/vehicle/2012-Toyota-Aqua/13540,https://www.grandemotors.co.nz/Motorcentral/VehicleData/GRA-f929f656-ad73-4dd9-bd5a-cdda8d4776da-1.jpg,"https://www.grandemotors.co.nz/Motorcentral/VehicleData/GRA-f929f656-ad73-4dd9-bd5a-cdda8d4776da-2.jpg,https://www.grandemotors.co.nz/Motorcentral/VehicleData/GRA-f929f656-ad73-4dd9-bd5a-cdda8d4776da-3.jpg,https://www.grandemotors.co.nz/Motorcentral/VehicleData/GRA-f929f656-ad73-4dd9-bd5a-cdda8d4776da-4.jpg,https://www.grandemotors.co.nz/Motorcentral/VehicleData/GRA-f929f656-ad73-4dd9-bd5a-cdda8d4776da-5.jpg,https://www.grandemotors.co.nz/Motorcentral/VehicleData/GRA-f929f656-ad73-4dd9-bd5a-cdda8d4776da-6.jpg,https://www.grandemotors.co.nz/Motorcentral/VehicleData/GRA-f929f656-ad73-4dd9-bd5a-cdda8d4776da-7.jpg,https://www.grandemotors.co.nz/Motorcentral/VehicleData/GRA-f929f656-ad73-4dd9-bd5a-cdda8d4776da-8.jpg,https://www.grandemotors.co.nz/Motorcentral/VehicleData/GRA-f929f656-ad73-4dd9-bd5a-cdda8d4776da-9.jpg,https://www.grandemotors.co.nz/Motorcentral/VehicleData/GRA-f929f656-ad73-4dd9-bd5a-cdda8d4776da-10.jpg,https://www.grandemotors.co.nz/Motorcentral/VehicleData/GRA-f929f656-ad73-4dd9-bd5a-cdda8d4776da-11.jpg,https://www.grandemotors.co.nz/Motorcentral/VehicleData/GRA-f929f656-ad73-4dd9-bd5a-cdda8d4776da-12.jpg,https://www.grandemotors.co.nz/Motorcentral/VehicleData/GRA-f929f656-ad73-4dd9-bd5a-cdda8d4776da-13.jpg,https://www.grandemotors.co.nz/Motorcentral/VehicleData/GRA-f929f656-ad73-4dd9-bd5a-cdda8d4776da-14.jpg,https://www.grandemotors.co.nz/Motorcentral/VehicleData/GRA-f929f656-ad73-4dd9-bd5a-cdda8d4776da-15.jpg,https://www.grandemotors.co.nz/Motorcentral/VehicleData/GRA-f929f656-ad73-4dd9-bd5a-cdda8d4776da-16.jpg,https://www.grandemotors.co.nz/Motorcentral/VehicleData/GRA-f929f656-ad73-4dd9-bd5a-cdda8d4776da-17.jpg,https://www.grandemotors.co.nz/Motorcentral/VehicleData/GRA-f929f656-ad73-4dd9-bd5a-cdda8d4776da-18.jpg",Toyota,"Vehicles & Parts > Vehicles > Cars, Trucks & Vans",2012,HATCHBACK,HYBRID,Automatic,Grande Motors
13567,2012 Toyota Aqua S package.Button start.Airbags.,"Immobilizer. Engine button start. 2012 Toyota Aqua S spec in blue colour with dark interior. Japanese import, smooth 1500cc hybrid engine provi Available from Grande Motors Ltd, East Tamaki, Auckland.",in stock,used,9400.00 NZD,https://www.grandemotors.co.nz/vehicle/2012-Toyota-Aqua/13567,https://www.grandemotors.co.nz/Motorcentral/VehicleData/GRA-c322f21f-6215-49e2-b041-202bb6aaa489-1.jpg,"https://www.grandemotors.co.nz/Motorcentral/VehicleData/GRA-c322f21f-6215-49e2-b041-202bb6aaa489-2.jpg,https://www.grandemotors.co.nz/Motorcentral/VehicleData/GRA-c322f21f-6215-49e2-b041-202bb6aaa489-3.jpg,https://www.grandemotors.co.nz/Motorcentral/VehicleData/GRA-c322f21f-6215-49e2-b041-202bb6aaa489-4.jpg,https://www.grandemotors.co.nz/Motorcentral/VehicleData/GRA-c322f21f-6215-49e2-b041-202bb6aaa489-5.jpg,https://www.grandemotors.co.nz/Motorcentral/VehicleData/GRA-c322f21f-6215-49e2-b041-202bb6aaa489-6.jpg,https://www.grandemotors.co.nz/Motorcentral/VehicleData/GRA-c322f21f-6215-49e2-b041-202bb6aaa489-7.jpg,https://www.grandemotors.co.nz/Motorcentral/VehicleData/GRA-c322f21f-6215-49e2-b041-202bb6aaa489-8.jpg,https://www.grandemotors.co.nz/Motorcentral/VehicleData/GRA-c322f21f-6215-49e2-b041-202bb6aaa489-9.jpg,https://www.grandemotors.co.nz/Motorcentral/VehicleData/GRA-c322f21f-6215-49e2-b041-202bb6aaa489-10.jpg,https://www.grandemotors.co.nz/Motorcentral/VehicleData/GRA-c322f21f-6215-49e2-b041-202bb6aaa489-11.jpg,https://www.grandemotors.co.nz/Motorcentral/VehicleData/GRA-c322f21f-6215-49e2-b041-202bb6aaa489-12.jpg,https://www.grandemotors.co.nz/Motorcentral/VehicleData/GRA-c322f21f-6215-49e2-b041-202bb6aaa489-13.jpg,https://www.grandemotors.co.nz/Motorcentral/VehicleData/GRA-c322f21f-6215-49e2-b041-202bb6aaa489-14.jpg,https://www.grandemotors.co.nz/Motorcentral/VehicleData/GRA-c322f21f-6215-49e2-b041-202bb6aaa489-15.jpg,https://www.grandemotors.co.nz/Motorcentral/VehicleData/GRA-c322f21f-6215-49e2-b041-202bb6aaa489-16.jpg",Toyota,"Vehicles & Parts > Vehicles > Cars, Trucks & Vans",2012,HATCHBACK,HYBRID,Automatic,Grande Motors
13394,2013 Toyota Aqua G spec.Leather.Button Start.SRS Airbags.,"Immobilizer. Engine button start. 2013 Toyota Aqua G spec in red colour with black leather seats . Japanese import, smooth 1500cc hybrid engine Available from Grande Motors Ltd, East Tamaki, Auckland.",in stock,used,11900.00 NZD,https://www.grandemotors.co.nz/vehicle/2013-Toyota-Aqua/13394,https://www.grandemotors.co.nz/Motorcentral/VehicleData/GRA-ffe3248a-ec50-4a29-bf2d-fcdec25e45b4-1.jpg,"https://www.grandemotors.co.nz/Motorcentral/VehicleData/GRA-ffe3248a-ec50-4a29-bf2d-fcdec25e45b4-2.jpg,https://www.grandemotors.co.nz/Motorcentral/VehicleData/GRA-ffe3248a-ec50-4a29-bf2d-fcdec25e45b4-3.jpg,https://www.grandemotors.co.nz/Motorcentral/VehicleData/GRA-ffe3248a-ec50-4a29-bf2d-fcdec25e45b4-4.jpg,https://www.grandemotors.co.nz/Motorcentral/VehicleData/GRA-ffe3248a-ec50-4a29-bf2d-fcdec25e45b4-5.jpg,https://www.grandemotors.co.nz/Motorcentral/VehicleData/GRA-ffe3248a-ec50-4a29-bf2d-fcdec25e45b4-6.jpg,https://www.grandemotors.co.nz/Motorcentral/VehicleData/GRA-ffe3248a-ec50-4a29-bf2d-fcdec25e45b4-7.jpg,https://www.grandemotors.co.nz/Motorcentral/VehicleData/GRA-ffe3248a-ec50-4a29-bf2d-fcdec25e45b4-8.jpg,https://www.grandemotors.co.nz/Motorcentral/VehicleData/GRA-ffe3248a-ec50-4a29-bf2d-fcdec25e45b4-9.jpg,https://www.grandemotors.co.nz/Motorcentral/VehicleData/GRA-ffe3248a-ec50-4a29-bf2d-fcdec25e45b4-10.jpg,https://www.grandemotors.co.nz/Motorcentral/VehicleData/GRA-ffe3248a-ec50-4a29-bf2d-fcdec25e45b4-11.jpg,https://www.grandemotors.co.nz/Motorcentral/VehicleData/GRA-ffe3248a-ec50-4a29-bf2d-fcdec25e45b4-12.jpg,https://www.grandemotors.co.nz/Motorcentral/VehicleData/GRA-ffe3248a-ec50-4a29-bf2d-fcdec25e45b4-13.jpg,https://www.grandemotors.co.nz/Motorcentral/VehicleData/GRA-ffe3248a-ec50-4a29-bf2d-fcdec25e45b4-14.jpg,https://www.grandemotors.co.nz/Motorcentral/VehicleData/GRA-ffe3248a-ec50-4a29-bf2d-fcdec25e45b4-15.jpg",Toyota,"Vehicles & Parts > Vehicles > Cars, Trucks & Vans",2013,HATCHBACK,HYBRID,Automatic,Grande Motors
13541,2013 Toyota Aqua G spec.Leather.Button Start.SRS Airbags.,"Immobilizer. Engine button start. 2013 Toyota Aqua G spec in white colour with black leather seats . Japanese import, smooth 1500cc hybrid engi Available from Grande Motors Ltd, East Tamaki, Auckland.",in stock,used,8900.00 NZD,https://www.grandemotors.co.nz/vehicle/2013-Toyota-Aqua/13541,https://www.grandemotors.co.nz/Motorcentral/VehicleData/GRA-bc7c893b-08c5-4e3c-93c6-b9d3437c67d7-1.jpg,"https://www.grandemotors.co.nz/Motorcentral/VehicleData/GRA-bc7c893b-08c5-4e3c-93c6-b9d3437c67d7-2.jpg,https://www.grandemotors.co.nz/Motorcentral/VehicleData/GRA-bc7c893b-08c5-4e3c-93c6-b9d3437c67d7-3.jpg,https://www.grandemotors.co.nz/Motorcentral/VehicleData/GRA-bc7c893b-08c5-4e3c-93c6-b9d3437c67d7-4.jpg,https://www.grandemotors.co.nz/Motorcentral/VehicleData/GRA-bc7c893b-08c5-4e3c-93c6-b9d3437c67d7-5.jpg,https://www.grandemotors.co.nz/Motorcentral/VehicleData/GRA-bc7c893b-08c5-4e3c-93c6-b9d3437c67d7-6.jpg,https://www.grandemotors.co.nz/Motorcentral/VehicleData/GRA-bc7c893b-08c5-4e3c-93c6-b9d3437c67d7-7.jpg,https://www.grandemotors.co.nz/Motorcentral/VehicleData/GRA-bc7c893b-08c5-4e3c-93c6-b9d3437c67d7-8.jpg,https://www.grandemotors.co.nz/Motorcentral/VehicleData/GRA-bc7c893b-08c5-4e3c-93c6-b9d3437c67d7-9.jpg,https://www.grandemotors.co.nz/Motorcentral/VehicleData/GRA-bc7c893b-08c5-4e3c-93c6-b9d3437c67d7-10.jpg,https://www.grandemotors.co.nz/Motorcentral/VehicleData/GRA-bc7c893b-08c5-4e3c-93c6-b9d3437c67d7-11.jpg,https://www.grandemotors.co.nz/Motorcentral/VehicleData/GRA-bc7c893b-08c5-4e3c-93c6-b9d3437c67d7-12.jpg,https://www.grandemotors.co.nz/Motorcentral/VehicleData/GRA-bc7c893b-08c5-4e3c-93c6-b9d3437c67d7-13.jpg,https://www.grandemotors.co.nz/Motorcentral/VehicleData/GRA-bc7c893b-08c5-4e3c-93c6-b9d3437c67d7-14.jpg,https://www.grandemotors.co.nz/Motorcentral/VehicleData/GRA-bc7c893b-08c5-4e3c-93c6-b9d3437c67d7-15.jpg",Toyota,"Vehicles & Parts > Vehicles > Cars, Trucks & Vans",2013,HATCHBACK,HYBRID,Automatic,Grande Motors
13542,2013 Toyota Aqua S package.Button start.Rear camera.,"Immobilizer. Engine button start. 2013 Toyota Aqua S pack in blue colour. Japanese import, smooth 1500cc hybrid engine provides a perfect compr Available from Grande Motors Ltd, East Tamaki, Auckland.",in stock,used,8900.00 NZD,https://www.grandemotors.co.nz/vehicle/2013-Toyota-Aqua/13542,https://www.grandemotors.co.nz/Motorcentral/VehicleData/GRA-d54ac92a-840e-48fa-a920-206f4e0cbcbe-1.jpg,"https://www.grandemotors.co.nz/Motorcentral/VehicleData/GRA-d54ac92a-840e-48fa-a920-206f4e0cbcbe-2.jpg,https://www.grandemotors.co.nz/Motorcentral/VehicleData/GRA-d54ac92a-840e-48fa-a920-206f4e0cbcbe-3.jpg,https://www.grandemotors.co.nz/Motorcentral/VehicleData/GRA-d54ac92a-840e-48fa-a920-206f4e0cbcbe-4.jpg,https://www.grandemotors.co.nz/Motorcentral/VehicleData/GRA-d54ac92a-840e-48fa-a920-206f4e0cbcbe-5.jpg,https://www.grandemotors.co.nz/Motorcentral/VehicleData/GRA-d54ac92a-840e-48fa-a920-206f4e0cbcbe-6.jpg,https://www.grandemotors.co.nz/Motorcentral/VehicleData/GRA-d54ac92a-840e-48fa-a920-206f4e0cbcbe-7.jpg,https://www.grandemotors.co.nz/Motorcentral/VehicleData/GRA-d54ac92a-840e-48fa-a920-206f4e0cbcbe-8.jpg,https://www.grandemotors.co.nz/Motorcentral/VehicleData/GRA-d54ac92a-840e-48fa-a920-206f4e0cbcbe-9.jpg,https://www.grandemotors.co.nz/Motorcentral/VehicleData/GRA-d54ac92a-840e-48fa-a920-206f4e0cbcbe-10.jpg,https://www.grandemotors.co.nz/Motorcentral/VehicleData/GRA-d54ac92a-840e-48fa-a920-206f4e0cbcbe-11.jpg,https://www.grandemotors.co.nz/Motorcentral/VehicleData/GRA-d54ac92a-840e-48fa-a920-206f4e0cbcbe-12.jpg,https://www.grandemotors.co.nz/Motorcentral/VehicleData/GRA-d54ac92a-840e-48fa-a920-206f4e0cbcbe-13.jpg,https://www.grandemotors.co.nz/Motorcentral/VehicleData/GRA-d54ac92a-840e-48fa-a920-206f4e0cbcbe-14.jpg,https://www.grandemotors.co.nz/Motorcentral/VehicleData/GRA-d54ac92a-840e-48fa-a920-206f4e0cbcbe-15.jpg,https://www.grandemotors.co.nz/Motorcentral/VehicleData/GRA-d54ac92a-840e-48fa-a920-206f4e0cbcbe-16.jpg,https://www.grandemotors.co.nz/Motorcentral/VehicleData/GRA-d54ac92a-840e-48fa-a920-206f4e0cbcbe-17.jpg,https://www.grandemotors.co.nz/Motorcentral/VehicleData/GRA-d54ac92a-840e-48fa-a920-206f4e0cbcbe-18.jpg",Toyota,"Vehicles & Parts > Vehicles > Cars, Trucks & Vans",2013,HATCHBACK,HYBRID,Automatic,Grande Motors
13573,2014 Toyota Aqua G spec.Button start.Rear camera.,"Immobilizer. Engine button start. 2014 Toyota Aqua G spec in blue colour with dark interior. Japanese import, smooth 1500cc hybrid engine provi Available from Grande Motors Ltd, East Tamaki, Auckland.",in stock,used,9600.00 NZD,https://www.grandemotors.co.nz/vehicle/2014-Toyota-Aqua/13573,https://www.grandemotors.co.nz/Motorcentral/VehicleData/GRA-a2e0ee56-7ce5-48fa-a617-66a5c80c89e9-1.jpg,"https://www.grandemotors.co.nz/Motorcentral/VehicleData/GRA-a2e0ee56-7ce5-48fa-a617-66a5c80c89e9-2.jpg,https://www.grandemotors.co.nz/Motorcentral/VehicleData/GRA-a2e0ee56-7ce5-48fa-a617-66a5c80c89e9-3.jpg,https://www.grandemotors.co.nz/Motorcentral/VehicleData/GRA-a2e0ee56-7ce5-48fa-a617-66a5c80c89e9-4.jpg,https://www.grandemotors.co.nz/Motorcentral/VehicleData/GRA-a2e0ee56-7ce5-48fa-a617-66a5c80c89e9-5.jpg,https://www.grandemotors.co.nz/Motorcentral/VehicleData/GRA-a2e0ee56-7ce5-48fa-a617-66a5c80c89e9-6.jpg,https://www.grandemotors.co.nz/Motorcentral/VehicleData/GRA-a2e0ee56-7ce5-48fa-a617-66a5c80c89e9-7.jpg,https://www.grandemotors.co.nz/Motorcentral/VehicleData/GRA-a2e0ee56-7ce5-48fa-a617-66a5c80c89e9-8.jpg,https://www.grandemotors.co.nz/Motorcentral/VehicleData/GRA-a2e0ee56-7ce5-48fa-a617-66a5c80c89e9-9.jpg,https://www.grandemotors.co.nz/Motorcentral/VehicleData/GRA-a2e0ee56-7ce5-48fa-a617-66a5c80c89e9-10.jpg,https://www.grandemotors.co.nz/Motorcentral/VehicleData/GRA-a2e0ee56-7ce5-48fa-a617-66a5c80c89e9-11.jpg,https://www.grandemotors.co.nz/Motorcentral/VehicleData/GRA-a2e0ee56-7ce5-48fa-a617-66a5c80c89e9-12.jpg,https://www.grandemotors.co.nz/Motorcentral/VehicleData/GRA-a2e0ee56-7ce5-48fa-a617-66a5c80c89e9-13.jpg,https://www.grandemotors.co.nz/Motorcentral/VehicleData/GRA-a2e0ee56-7ce5-48fa-a617-66a5c80c89e9-14.jpg,https://www.grandemotors.co.nz/Motorcentral/VehicleData/GRA-a2e0ee56-7ce5-48fa-a617-66a5c80c89e9-15.jpg,https://www.grandemotors.co.nz/Motorcentral/VehicleData/GRA-a2e0ee56-7ce5-48fa-a617-66a5c80c89e9-16.jpg,https://www.grandemotors.co.nz/Motorcentral/VehicleData/GRA-a2e0ee56-7ce5-48fa-a617-66a5c80c89e9-17.jpg,https://www.grandemotors.co.nz/Motorcentral/VehicleData/GRA-a2e0ee56-7ce5-48fa-a617-66a5c80c89e9-18.jpg,https://www.grandemotors.co.nz/Motorcentral/VehicleData/GRA-a2e0ee56-7ce5-48fa-a617-66a5c80c89e9-19.jpg,https://www.grandemotors.co.nz/Motorcentral/VehicleData/GRA-a2e0ee56-7ce5-48fa-a617-66a5c80c89e9-20.jpg",Toyota,"Vehicles & Parts > Vehicles > Cars, Trucks & Vans",2014,HATCHBACK,HYBRID,Automatic,Grande Motors
13626,2014 Toyota Aqua G spec.Leather.Button Start.SRS Airbags.,"Immobilizer. Safety radar. 2014 Toyota Aqua red colour with black leather interior. Japanese import, smooth 1500cc hybrid engine provides a per Available from Grande Motors Ltd, East Tamaki, Auckland.",in stock,used,10900.00 NZD,https://www.grandemotors.co.nz/vehicle/2014-Toyota-Aqua/13626,https://www.grandemotors.co.nz/Motorcentral/VehicleData/GRA-35d17116-fe78-4b53-a260-0e764f11640a-1.jpg,"https://www.grandemotors.co.nz/Motorcentral/VehicleData/GRA-35d17116-fe78-4b53-a260-0e764f11640a-2.jpg,https://www.grandemotors.co.nz/Motorcentral/VehicleData/GRA-35d17116-fe78-4b53-a260-0e764f11640a-3.jpg,https://www.grandemotors.co.nz/Motorcentral/VehicleData/GRA-35d17116-fe78-4b53-a260-0e764f11640a-4.jpg,https://www.grandemotors.co.nz/Motorcentral/VehicleData/GRA-35d17116-fe78-4b53-a260-0e764f11640a-5.jpg,https://www.grandemotors.co.nz/Motorcentral/VehicleData/GRA-35d17116-fe78-4b53-a260-0e764f11640a-6.jpg,https://www.grandemotors.co.nz/Motorcentral/VehicleData/GRA-35d17116-fe78-4b53-a260-0e764f11640a-7.jpg,https://www.grandemotors.co.nz/Motorcentral/VehicleData/GRA-35d17116-fe78-4b53-a260-0e764f11640a-8.jpg,https://www.grandemotors.co.nz/Motorcentral/VehicleData/GRA-35d17116-fe78-4b53-a260-0e764f11640a-9.jpg,https://www.grandemotors.co.nz/Motorcentral/VehicleData/GRA-35d17116-fe78-4b53-a260-0e764f11640a-10.jpg,https://www.grandemotors.co.nz/Motorcentral/VehicleData/GRA-35d17116-fe78-4b53-a260-0e764f11640a-11.jpg,https://www.grandemotors.co.nz/Motorcentral/VehicleData/GRA-35d17116-fe78-4b53-a260-0e764f11640a-12.jpg,https://www.grandemotors.co.nz/Motorcentral/VehicleData/GRA-35d17116-fe78-4b53-a260-0e764f11640a-13.jpg,https://www.grandemotors.co.nz/Motorcentral/VehicleData/GRA-35d17116-fe78-4b53-a260-0e764f11640a-14.jpg,https://www.grandemotors.co.nz/Motorcentral/VehicleData/GRA-35d17116-fe78-4b53-a260-0e764f11640a-15.jpg,https://www.grandemotors.co.nz/Motorcentral/VehicleData/GRA-35d17116-fe78-4b53-a260-0e764f11640a-16.jpg,https://www.grandemotors.co.nz/Motorcentral/VehicleData/GRA-35d17116-fe78-4b53-a260-0e764f11640a-17.jpg,https://www.grandemotors.co.nz/Motorcentral/VehicleData/GRA-35d17116-fe78-4b53-a260-0e764f11640a-18.jpg,https://www.grandemotors.co.nz/Motorcentral/VehicleData/GRA-35d17116-fe78-4b53-a260-0e764f11640a-19.jpg",Toyota,"Vehicles & Parts > Vehicles > Cars, Trucks & Vans",2014,HATCHBACK,HYBRID,Automatic,Grande Motors
13092,2015 Toyota Aqua Urban.Rear camera.Button start.Alloys.New tires.,"Immobilizer. Engine button start. Alloy wheels with brand new tires. 2015 Toyota Aqua Urban edition in blue colour with black interior. Japane Available from Grande Motors Ltd, East Tamaki, Auckland.",in stock,used,12900.00 NZD,https://www.grandemotors.co.nz/vehicle/2015-Toyota-Aqua/13092,https://www.grandemotors.co.nz/Motorcentral/VehicleData/GRA-3a8c67a9-5cda-40b0-8e51-611d3f44e22e-1.jpg,"https://www.grandemotors.co.nz/Motorcentral/VehicleData/GRA-3a8c67a9-5cda-40b0-8e51-611d3f44e22e-2.jpg,https://www.grandemotors.co.nz/Motorcentral/VehicleData/GRA-3a8c67a9-5cda-40b0-8e51-611d3f44e22e-3.jpg,https://www.grandemotors.co.nz/Motorcentral/VehicleData/GRA-3a8c67a9-5cda-40b0-8e51-611d3f44e22e-4.jpg,https://www.grandemotors.co.nz/Motorcentral/VehicleData/GRA-3a8c67a9-5cda-40b0-8e51-611d3f44e22e-5.jpg,https://www.grandemotors.co.nz/Motorcentral/VehicleData/GRA-3a8c67a9-5cda-40b0-8e51-611d3f44e22e-6.jpg,https://www.grandemotors.co.nz/Motorcentral/VehicleData/GRA-3a8c67a9-5cda-40b0-8e51-611d3f44e22e-7.jpg,https://www.grandemotors.co.nz/Motorcentral/VehicleData/GRA-3a8c67a9-5cda-40b0-8e51-611d3f44e22e-8.jpg,https://www.grandemotors.co.nz/Motorcentral/VehicleData/GRA-3a8c67a9-5cda-40b0-8e51-611d3f44e22e-9.jpg,https://www.grandemotors.co.nz/Motorcentral/VehicleData/GRA-3a8c67a9-5cda-40b0-8e51-611d3f44e22e-10.jpg,https://www.grandemotors.co.nz/Motorcentral/VehicleData/GRA-3a8c67a9-5cda-40b0-8e51-611d3f44e22e-11.jpg,https://www.grandemotors.co.nz/Motorcentral/VehicleData/GRA-3a8c67a9-5cda-40b0-8e51-611d3f44e22e-12.jpg,https://www.grandemotors.co.nz/Motorcentral/VehicleData/GRA-3a8c67a9-5cda-40b0-8e51-611d3f44e22e-13.jpg,https://www.grandemotors.co.nz/Motorcentral/VehicleData/GRA-3a8c67a9-5cda-40b0-8e51-611d3f44e22e-14.jpg,https://www.grandemotors.co.nz/Motorcentral/VehicleData/GRA-3a8c67a9-5cda-40b0-8e51-611d3f44e22e-15.jpg,https://www.grandemotors.co.nz/Motorcentral/VehicleData/GRA-3a8c67a9-5cda-40b0-8e51-611d3f44e22e-16.jpg,https://www.grandemotors.co.nz/Motorcentral/VehicleData/GRA-3a8c67a9-5cda-40b0-8e51-611d3f44e22e-17.jpg,https://www.grandemotors.co.nz/Motorcentral/VehicleData/GRA-3a8c67a9-5cda-40b0-8e51-611d3f44e22e-18.jpg,https://www.grandemotors.co.nz/Motorcentral/VehicleData/GRA-3a8c67a9-5cda-40b0-8e51-611d3f44e22e-19.jpg",Toyota,"Vehicles & Parts > Vehicles > Cars, Trucks & Vans",2015,HATCHBACK,HYBRID,Automatic,Grande Motors
13175,2015 Toyota Aqua G spec.Button start.SRS Airbags.,"Immobilizer. Engine button start. 2015 Toyota Aqua S spec in purple colour. Japanese import, smooth 1500cc hybrid engine provides a perfect com Available from Grande Motors Ltd, East Tamaki, Auckland.",in stock,used,9500.00 NZD,https://www.grandemotors.co.nz/vehicle/2015-Toyota-Aqua/13175,https://www.grandemotors.co.nz/Motorcentral/VehicleData/GRA-c07801b5-bc61-460d-a5d4-a8a485fecfec-1.jpg,"https://www.grandemotors.co.nz/Motorcentral/VehicleData/GRA-c07801b5-bc61-460d-a5d4-a8a485fecfec-2.jpg,https://www.grandemotors.co.nz/Motorcentral/VehicleData/GRA-c07801b5-bc61-460d-a5d4-a8a485fecfec-3.jpg,https://www.grandemotors.co.nz/Motorcentral/VehicleData/GRA-c07801b5-bc61-460d-a5d4-a8a485fecfec-4.jpg,https://www.grandemotors.co.nz/Motorcentral/VehicleData/GRA-c07801b5-bc61-460d-a5d4-a8a485fecfec-5.jpg,https://www.grandemotors.co.nz/Motorcentral/VehicleData/GRA-c07801b5-bc61-460d-a5d4-a8a485fecfec-6.jpg,https://www.grandemotors.co.nz/Motorcentral/VehicleData/GRA-c07801b5-bc61-460d-a5d4-a8a485fecfec-7.jpg,https://www.grandemotors.co.nz/Motorcentral/VehicleData/GRA-c07801b5-bc61-460d-a5d4-a8a485fecfec-8.jpg,https://www.grandemotors.co.nz/Motorcentral/VehicleData/GRA-c07801b5-bc61-460d-a5d4-a8a485fecfec-9.jpg,https://www.grandemotors.co.nz/Motorcentral/VehicleData/GRA-c07801b5-bc61-460d-a5d4-a8a485fecfec-10.jpg,https://www.grandemotors.co.nz/Motorcentral/VehicleData/GRA-c07801b5-bc61-460d-a5d4-a8a485fecfec-11.jpg,https://www.grandemotors.co.nz/Motorcentral/VehicleData/GRA-c07801b5-bc61-460d-a5d4-a8a485fecfec-12.jpg,https://www.grandemotors.co.nz/Motorcentral/VehicleData/GRA-c07801b5-bc61-460d-a5d4-a8a485fecfec-13.jpg,https://www.grandemotors.co.nz/Motorcentral/VehicleData/GRA-c07801b5-bc61-460d-a5d4-a8a485fecfec-14.jpg,https://www.grandemotors.co.nz/Motorcentral/VehicleData/GRA-c07801b5-bc61-460d-a5d4-a8a485fecfec-15.jpg,https://www.grandemotors.co.nz/Motorcentral/VehicleData/GRA-c07801b5-bc61-460d-a5d4-a8a485fecfec-16.jpg",Toyota,"Vehicles & Parts > Vehicles > Cars, Trucks & Vans",2015,HATCHBACK,HYBRID,Automatic,Grande Motors
13256,2015 Toyota Aqua Hybrid. SRS Airbags.,"2013 Toyota Aqua in grey colour with dark interior . Japanese import, smooth 1500cc hybrid engine provides a perfect compromise between power and e Available from Grande Motors Ltd, East Tamaki, Auckland.",in stock,used,11500.00 NZD,https://www.grandemotors.co.nz/vehicle/2015-Toyota-Aqua/13256,https://www.grandemotors.co.nz/Motorcentral/VehicleData/GRA-23d1dead-c174-4ec9-9524-6f629623e7e7-1.jpg,"https://www.grandemotors.co.nz/Motorcentral/VehicleData/GRA-23d1dead-c174-4ec9-9524-6f629623e7e7-2.jpg,https://www.grandemotors.co.nz/Motorcentral/VehicleData/GRA-23d1dead-c174-4ec9-9524-6f629623e7e7-3.jpg,https://www.grandemotors.co.nz/Motorcentral/VehicleData/GRA-23d1dead-c174-4ec9-9524-6f629623e7e7-4.jpg,https://www.grandemotors.co.nz/Motorcentral/VehicleData/GRA-23d1dead-c174-4ec9-9524-6f629623e7e7-5.jpg,https://www.grandemotors.co.nz/Motorcentral/VehicleData/GRA-23d1dead-c174-4ec9-9524-6f629623e7e7-6.jpg,https://www.grandemotors.co.nz/Motorcentral/VehicleData/GRA-23d1dead-c174-4ec9-9524-6f629623e7e7-7.jpg,https://www.grandemotors.co.nz/Motorcentral/VehicleData/GRA-23d1dead-c174-4ec9-9524-6f629623e7e7-8.jpg,https://www.grandemotors.co.nz/Motorcentral/VehicleData/GRA-23d1dead-c174-4ec9-9524-6f629623e7e7-9.jpg,https://www.grandemotors.co.nz/Motorcentral/VehicleData/GRA-23d1dead-c174-4ec9-9524-6f629623e7e7-10.jpg,https://www.grandemotors.co.nz/Motorcentral/VehicleData/GRA-23d1dead-c174-4ec9-9524-6f629623e7e7-11.jpg,https://www.grandemotors.co.nz/Motorcentral/VehicleData/GRA-23d1dead-c174-4ec9-9524-6f629623e7e7-12.jpg,https://www.grandemotors.co.nz/Motorcentral/VehicleData/GRA-23d1dead-c174-4ec9-9524-6f629623e7e7-13.jpg,https://www.grandemotors.co.nz/Motorcentral/VehicleData/GRA-23d1dead-c174-4ec9-9524-6f629623e7e7-14.jpg,https://www.grandemotors.co.nz/Motorcentral/VehicleData/GRA-23d1dead-c174-4ec9-9524-6f629623e7e7-15.jpg,https://www.grandemotors.co.nz/Motorcentral/VehicleData/GRA-23d1dead-c174-4ec9-9524-6f629623e7e7-16.jpg",Toyota,"Vehicles & Parts > Vehicles > Cars, Trucks & Vans",2015,HATCHBACK,HYBRID,Automatic,Grande Motors
13574,2015 Toyota Aqua Hybrid.Button start.Airbags.,"Immobilizer. Engine button start. 2015 Toyota Aqua S pack in green colour. Japanese import, smooth 1500cc hybrid engine provides a perfect comp Available from Grande Motors Ltd, East Tamaki, Auckland.",in stock,used,10500.00 NZD,https://www.grandemotors.co.nz/vehicle/2015-Toyota-Aqua/13574,https://www.grandemotors.co.nz/Motorcentral/VehicleData/GRA-b3b1aabb-44f6-43b8-a20d-3f4eb1571643-1.jpg,"https://www.grandemotors.co.nz/Motorcentral/VehicleData/GRA-b3b1aabb-44f6-43b8-a20d-3f4eb1571643-2.jpg,https://www.grandemotors.co.nz/Motorcentral/VehicleData/GRA-b3b1aabb-44f6-43b8-a20d-3f4eb1571643-3.jpg,https://www.grandemotors.co.nz/Motorcentral/VehicleData/GRA-b3b1aabb-44f6-43b8-a20d-3f4eb1571643-4.jpg,https://www.grandemotors.co.nz/Motorcentral/VehicleData/GRA-b3b1aabb-44f6-43b8-a20d-3f4eb1571643-5.jpg,https://www.grandemotors.co.nz/Motorcentral/VehicleData/GRA-b3b1aabb-44f6-43b8-a20d-3f4eb1571643-6.jpg,https://www.grandemotors.co.nz/Motorcentral/VehicleData/GRA-b3b1aabb-44f6-43b8-a20d-3f4eb1571643-7.jpg,https://www.grandemotors.co.nz/Motorcentral/VehicleData/GRA-b3b1aabb-44f6-43b8-a20d-3f4eb1571643-8.jpg,https://www.grandemotors.co.nz/Motorcentral/VehicleData/GRA-b3b1aabb-44f6-43b8-a20d-3f4eb1571643-9.jpg,https://www.grandemotors.co.nz/Motorcentral/VehicleData/GRA-b3b1aabb-44f6-43b8-a20d-3f4eb1571643-10.jpg,https://www.grandemotors.co.nz/Motorcentral/VehicleData/GRA-b3b1aabb-44f6-43b8-a20d-3f4eb1571643-11.jpg,https://www.grandemotors.co.nz/Motorcentral/VehicleData/GRA-b3b1aabb-44f6-43b8-a20d-3f4eb1571643-12.jpg,https://www.grandemotors.co.nz/Motorcentral/VehicleData/GRA-b3b1aabb-44f6-43b8-a20d-3f4eb1571643-13.jpg,https://www.grandemotors.co.nz/Motorcentral/VehicleData/GRA-b3b1aabb-44f6-43b8-a20d-3f4eb1571643-14.jpg,https://www.grandemotors.co.nz/Motorcentral/VehicleData/GRA-b3b1aabb-44f6-43b8-a20d-3f4eb1571643-15.jpg,https://www.grandemotors.co.nz/Motorcentral/VehicleData/GRA-b3b1aabb-44f6-43b8-a20d-3f4eb1571643-16.jpg,https://www.grandemotors.co.nz/Motorcentral/VehicleData/GRA-b3b1aabb-44f6-43b8-a20d-3f4eb1571643-17.jpg,https://www.grandemotors.co.nz/Motorcentral/VehicleData/GRA-b3b1aabb-44f6-43b8-a20d-3f4eb1571643-18.jpg",Toyota,"Vehicles & Parts > Vehicles > Cars, Trucks & Vans",2015,HATCHBACK,HYBRID,Automatic,Grande Motors
13585,2016 Toyota Aqua G.Leather.Cruise control.Lane assist.Safety radar.Rear cam.Button start.,"Immobilizer. Safety radar. Cruise control. Engine button start. LKA (Lane Keeping Assistance). 2016 Toyota Aqua black colour with black leather Available from Grande Motors Ltd, East Tamaki, Auckland.",in stock,used,11500.00 NZD,https://www.grandemotors.co.nz/vehicle/2016-Toyota-Aqua/13585,https://www.grandemotors.co.nz/Motorcentral/VehicleData/GRA-93cd80ce-74b4-453d-aed8-caa41679484d-1.jpg,"https://www.grandemotors.co.nz/Motorcentral/VehicleData/GRA-93cd80ce-74b4-453d-aed8-caa41679484d-2.jpg,https://www.grandemotors.co.nz/Motorcentral/VehicleData/GRA-93cd80ce-74b4-453d-aed8-caa41679484d-3.jpg,https://www.grandemotors.co.nz/Motorcentral/VehicleData/GRA-93cd80ce-74b4-453d-aed8-caa41679484d-4.jpg,https://www.grandemotors.co.nz/Motorcentral/VehicleData/GRA-93cd80ce-74b4-453d-aed8-caa41679484d-5.jpg,https://www.grandemotors.co.nz/Motorcentral/VehicleData/GRA-93cd80ce-74b4-453d-aed8-caa41679484d-6.jpg,https://www.grandemotors.co.nz/Motorcentral/VehicleData/GRA-93cd80ce-74b4-453d-aed8-caa41679484d-7.jpg,https://www.grandemotors.co.nz/Motorcentral/VehicleData/GRA-93cd80ce-74b4-453d-aed8-caa41679484d-8.jpg,https://www.grandemotors.co.nz/Motorcentral/VehicleData/GRA-93cd80ce-74b4-453d-aed8-caa41679484d-9.jpg,https://www.grandemotors.co.nz/Motorcentral/VehicleData/GRA-93cd80ce-74b4-453d-aed8-caa41679484d-10.jpg,https://www.grandemotors.co.nz/Motorcentral/VehicleData/GRA-93cd80ce-74b4-453d-aed8-caa41679484d-11.jpg,https://www.grandemotors.co.nz/Motorcentral/VehicleData/GRA-93cd80ce-74b4-453d-aed8-caa41679484d-12.jpg,https://www.grandemotors.co.nz/Motorcentral/VehicleData/GRA-93cd80ce-74b4-453d-aed8-caa41679484d-13.jpg,https://www.grandemotors.co.nz/Motorcentral/VehicleData/GRA-93cd80ce-74b4-453d-aed8-caa41679484d-14.jpg,https://www.grandemotors.co.nz/Motorcentral/VehicleData/GRA-93cd80ce-74b4-453d-aed8-caa41679484d-15.jpg,https://www.grandemotors.co.nz/Motorcentral/VehicleData/GRA-93cd80ce-74b4-453d-aed8-caa41679484d-16.jpg,https://www.grandemotors.co.nz/Motorcentral/VehicleData/GRA-93cd80ce-74b4-453d-aed8-caa41679484d-17.jpg,https://www.grandemotors.co.nz/Motorcentral/VehicleData/GRA-93cd80ce-74b4-453d-aed8-caa41679484d-18.jpg",Toyota,"Vehicles & Parts > Vehicles > Cars, Trucks & Vans",2016,HATCHBACK,HYBRID,Automatic,Grande Motors
13587,2018 Toyota Aqua Crossover.Lane assist.Rear cam.Safety radar.Park sens.Button start.,"Immobilizer. Safety radar. Parking sensors. Engine button start. LKA (Lane Keeping Assistance). 2018 Toyota Aqua Crossover in beige colour with Available from Grande Motors Ltd, East Tamaki, Auckland.",in stock,used,13500.00 NZD,https://www.grandemotors.co.nz/vehicle/2018-Toyota-Aqua/13587,https://www.grandemotors.co.nz/Motorcentral/VehicleData/GRA-c3ebb1ef-8643-46de-8370-e6e7c65d6ba2-1.jpg,"https://www.grandemotors.co.nz/Motorcentral/VehicleData/GRA-c3ebb1ef-8643-46de-8370-e6e7c65d6ba2-2.jpg,https://www.grandemotors.co.nz/Motorcentral/VehicleData/GRA-c3ebb1ef-8643-46de-8370-e6e7c65d6ba2-3.jpg,https://www.grandemotors.co.nz/Motorcentral/VehicleData/GRA-c3ebb1ef-8643-46de-8370-e6e7c65d6ba2-4.jpg,https://www.grandemotors.co.nz/Motorcentral/VehicleData/GRA-c3ebb1ef-8643-46de-8370-e6e7c65d6ba2-5.jpg,https://www.grandemotors.co.nz/Motorcentral/VehicleData/GRA-c3ebb1ef-8643-46de-8370-e6e7c65d6ba2-6.jpg,https://www.grandemotors.co.nz/Motorcentral/VehicleData/GRA-c3ebb1ef-8643-46de-8370-e6e7c65d6ba2-7.jpg,https://www.grandemotors.co.nz/Motorcentral/VehicleData/GRA-c3ebb1ef-8643-46de-8370-e6e7c65d6ba2-8.jpg,https://www.grandemotors.co.nz/Motorcentral/VehicleData/GRA-c3ebb1ef-8643-46de-8370-e6e7c65d6ba2-9.jpg,https://www.grandemotors.co.nz/Motorcentral/VehicleData/GRA-c3ebb1ef-8643-46de-8370-e6e7c65d6ba2-10.jpg,https://www.grandemotors.co.nz/Motorcentral/VehicleData/GRA-c3ebb1ef-8643-46de-8370-e6e7c65d6ba2-11.jpg,https://www.grandemotors.co.nz/Motorcentral/VehicleData/GRA-c3ebb1ef-8643-46de-8370-e6e7c65d6ba2-12.jpg,https://www.grandemotors.co.nz/Motorcentral/VehicleData/GRA-c3ebb1ef-8643-46de-8370-e6e7c65d6ba2-13.jpg,https://www.grandemotors.co.nz/Motorcentral/VehicleData/GRA-c3ebb1ef-8643-46de-8370-e6e7c65d6ba2-14.jpg,https://www.grandemotors.co.nz/Motorcentral/VehicleData/GRA-c3ebb1ef-8643-46de-8370-e6e7c65d6ba2-15.jpg,https://www.grandemotors.co.nz/Motorcentral/VehicleData/GRA-c3ebb1ef-8643-46de-8370-e6e7c65d6ba2-16.jpg,https://www.grandemotors.co.nz/Motorcentral/VehicleData/GRA-c3ebb1ef-8643-46de-8370-e6e7c65d6ba2-17.jpg,https://www.grandemotors.co.nz/Motorcentral/VehicleData/GRA-c3ebb1ef-8643-46de-8370-e6e7c65d6ba2-18.jpg",Toyota,"Vehicles & Parts > Vehicles > Cars, Trucks & Vans",2018,HATCHBACK,HYBRID,Automatic,Grande Motors
13644,2019 Toyota Aqua Facelift. SRS Airbags.,"2019 Toyota Aqua in white colour. Japanese import, smooth 1500cc hybrid engine provides a perfect compromise between power and economy. An enjo Available from Grande Motors Ltd, East Tamaki, Auckland.",in stock,used,12800.00 NZD,https://www.grandemotors.co.nz/vehicle/2019-Toyota-Aqua/13644,https://www.grandemotors.co.nz/Motorcentral/VehicleData/GRA-b5c096b7-56fa-4882-beb7-299f3a322381-1.jpg,"https://www.grandemotors.co.nz/Motorcentral/VehicleData/GRA-b5c096b7-56fa-4882-beb7-299f3a322381-2.jpg,https://www.grandemotors.co.nz/Motorcentral/VehicleData/GRA-b5c096b7-56fa-4882-beb7-299f3a322381-3.jpg,https://www.grandemotors.co.nz/Motorcentral/VehicleData/GRA-b5c096b7-56fa-4882-beb7-299f3a322381-4.jpg,https://www.grandemotors.co.nz/Motorcentral/VehicleData/GRA-b5c096b7-56fa-4882-beb7-299f3a322381-5.jpg,https://www.grandemotors.co.nz/Motorcentral/VehicleData/GRA-b5c096b7-56fa-4882-beb7-299f3a322381-6.jpg,https://www.grandemotors.co.nz/Motorcentral/VehicleData/GRA-b5c096b7-56fa-4882-beb7-299f3a322381-7.jpg,https://www.grandemotors.co.nz/Motorcentral/VehicleData/GRA-b5c096b7-56fa-4882-beb7-299f3a322381-8.jpg,https://www.grandemotors.co.nz/Motorcentral/VehicleData/GRA-b5c096b7-56fa-4882-beb7-299f3a322381-9.jpg,https://www.grandemotors.co.nz/Motorcentral/VehicleData/GRA-b5c096b7-56fa-4882-beb7-299f3a322381-10.jpg,https://www.grandemotors.co.nz/Motorcentral/VehicleData/GRA-b5c096b7-56fa-4882-beb7-299f3a322381-11.jpg,https://www.grandemotors.co.nz/Motorcentral/VehicleData/GRA-b5c096b7-56fa-4882-beb7-299f3a322381-12.jpg,https://www.grandemotors.co.nz/Motorcentral/VehicleData/GRA-b5c096b7-56fa-4882-beb7-299f3a322381-13.jpg,https://www.grandemotors.co.nz/Motorcentral/VehicleData/GRA-b5c096b7-56fa-4882-beb7-299f3a322381-14.jpg,https://www.grandemotors.co.nz/Motorcentral/VehicleData/GRA-b5c096b7-56fa-4882-beb7-299f3a322381-15.jpg,https://www.grandemotors.co.nz/Motorcentral/VehicleData/GRA-b5c096b7-56fa-4882-beb7-299f3a322381-16.jpg,https://www.grandemotors.co.nz/Motorcentral/VehicleData/GRA-b5c096b7-56fa-4882-beb7-299f3a322381-17.jpg",Toyota,"Vehicles & Parts > Vehicles > Cars, Trucks & Vans",2019,HATCHBACK,HYBRID,Automatic,Grande Motors
9112,2001 Toyota Aristo S300 2JZ-GE.New tires.Airbags,"LOW KM. Alloy wheels with brand new tires. 2001 Toyota Aristo S300 facelift in Silver colour with grey interior in very tidy condition. Japanes Available from Grande Motors Ltd, East Tamaki, Auckland.",in stock,used,12900.00 NZD,https://www.grandemotors.co.nz/vehicle/2001-Toyota-Aristo/9112,https://www.grandemotors.co.nz/Motorcentral/VehicleData/GRA-90fabac4-3016-4830-bdbe-36e157a106a4-1.jpg,"https://www.grandemotors.co.nz/Motorcentral/VehicleData/GRA-90fabac4-3016-4830-bdbe-36e157a106a4-2.jpg,https://www.grandemotors.co.nz/Motorcentral/VehicleData/GRA-90fabac4-3016-4830-bdbe-36e157a106a4-3.jpg,https://www.grandemotors.co.nz/Motorcentral/VehicleData/GRA-90fabac4-3016-4830-bdbe-36e157a106a4-4.jpg,https://www.grandemotors.co.nz/Motorcentral/VehicleData/GRA-90fabac4-3016-4830-bdbe-36e157a106a4-5.jpg,https://www.grandemotors.co.nz/Motorcentral/VehicleData/GRA-90fabac4-3016-4830-bdbe-36e157a106a4-6.jpg,https://www.grandemotors.co.nz/Motorcentral/VehicleData/GRA-90fabac4-3016-4830-bdbe-36e157a106a4-7.jpg,https://www.grandemotors.co.nz/Motorcentral/VehicleData/GRA-90fabac4-3016-4830-bdbe-36e157a106a4-8.jpg,https://www.grandemotors.co.nz/Motorcentral/VehicleData/GRA-90fabac4-3016-4830-bdbe-36e157a106a4-9.jpg,https://www.grandemotors.co.nz/Motorcentral/VehicleData/GRA-90fabac4-3016-4830-bdbe-36e157a106a4-10.jpg,https://www.grandemotors.co.nz/Motorcentral/VehicleData/GRA-90fabac4-3016-4830-bdbe-36e157a106a4-11.jpg,https://www.grandemotors.co.nz/Motorcentral/VehicleData/GRA-90fabac4-3016-4830-bdbe-36e157a106a4-12.jpg,https://www.grandemotors.co.nz/Motorcentral/VehicleData/GRA-90fabac4-3016-4830-bdbe-36e157a106a4-13.jpg,https://www.grandemotors.co.nz/Motorcentral/VehicleData/GRA-90fabac4-3016-4830-bdbe-36e157a106a4-14.jpg,https://www.grandemotors.co.nz/Motorcentral/VehicleData/GRA-90fabac4-3016-4830-bdbe-36e157a106a4-15.jpg,https://www.grandemotors.co.nz/Motorcentral/VehicleData/GRA-90fabac4-3016-4830-bdbe-36e157a106a4-16.jpg,https://www.grandemotors.co.nz/Motorcentral/VehicleData/GRA-90fabac4-3016-4830-bdbe-36e157a106a4-17.jpg,https://www.grandemotors.co.nz/Motorcentral/VehicleData/GRA-90fabac4-3016-4830-bdbe-36e157a106a4-18.jpg,https://www.grandemotors.co.nz/Motorcentral/VehicleData/GRA-90fabac4-3016-4830-bdbe-36e157a106a4-19.jpg",Toyota,"Vehicles & Parts > Vehicles > Cars, Trucks & Vans",2001,SEDAN,GASOLINE,Automatic,Grande Motors
11944,2017 Toyota C-HR G spec.Hybrid.BSM.LKA.Safety radar.Rear cam.Alarm.,"Immobilizer. Engine button start. RCC (Radar Cruise Control). BSM (Blind Spot Monitoring). LKA (Lane Keeping Assistance). 2017 Toyota C-HR G sp Available from Grande Motors Ltd, East Tamaki, Auckland.",in stock,used,20790.00 NZD,https://www.grandemotors.co.nz/vehicle/2017-Toyota-C-HR/11944,https://www.grandemotors.co.nz/Motorcentral/VehicleData/GRA-b0a3de67-7e9f-460e-b476-b3b6e592c4aa-1.jpg,"https://www.grandemotors.co.nz/Motorcentral/VehicleData/GRA-b0a3de67-7e9f-460e-b476-b3b6e592c4aa-2.jpg,https://www.grandemotors.co.nz/Motorcentral/VehicleData/GRA-b0a3de67-7e9f-460e-b476-b3b6e592c4aa-3.jpg,https://www.grandemotors.co.nz/Motorcentral/VehicleData/GRA-b0a3de67-7e9f-460e-b476-b3b6e592c4aa-4.jpg,https://www.grandemotors.co.nz/Motorcentral/VehicleData/GRA-b0a3de67-7e9f-460e-b476-b3b6e592c4aa-5.jpg,https://www.grandemotors.co.nz/Motorcentral/VehicleData/GRA-b0a3de67-7e9f-460e-b476-b3b6e592c4aa-6.jpg,https://www.grandemotors.co.nz/Motorcentral/VehicleData/GRA-b0a3de67-7e9f-460e-b476-b3b6e592c4aa-7.jpg,https://www.grandemotors.co.nz/Motorcentral/VehicleData/GRA-b0a3de67-7e9f-460e-b476-b3b6e592c4aa-8.jpg,https://www.grandemotors.co.nz/Motorcentral/VehicleData/GRA-b0a3de67-7e9f-460e-b476-b3b6e592c4aa-9.jpg,https://www.grandemotors.co.nz/Motorcentral/VehicleData/GRA-b0a3de67-7e9f-460e-b476-b3b6e592c4aa-10.jpg,https://www.grandemotors.co.nz/Motorcentral/VehicleData/GRA-b0a3de67-7e9f-460e-b476-b3b6e592c4aa-11.jpg,https://www.grandemotors.co.nz/Motorcentral/VehicleData/GRA-b0a3de67-7e9f-460e-b476-b3b6e592c4aa-12.jpg,https://www.grandemotors.co.nz/Motorcentral/VehicleData/GRA-b0a3de67-7e9f-460e-b476-b3b6e592c4aa-13.jpg,https://www.grandemotors.co.nz/Motorcentral/VehicleData/GRA-b0a3de67-7e9f-460e-b476-b3b6e592c4aa-14.jpg,https://www.grandemotors.co.nz/Motorcentral/VehicleData/GRA-b0a3de67-7e9f-460e-b476-b3b6e592c4aa-15.jpg,https://www.grandemotors.co.nz/Motorcentral/VehicleData/GRA-b0a3de67-7e9f-460e-b476-b3b6e592c4aa-16.jpg,https://www.grandemotors.co.nz/Motorcentral/VehicleData/GRA-b0a3de67-7e9f-460e-b476-b3b6e592c4aa-17.jpg,https://www.grandemotors.co.nz/Motorcentral/VehicleData/GRA-b0a3de67-7e9f-460e-b476-b3b6e592c4aa-18.jpg",Toyota,"Vehicles & Parts > Vehicles > Cars, Trucks & Vans",2017,SUV,HYBRID,Automatic,Grande Motors
13469,2017 Toyota C-HR G.Hybrid.Android/ApplePlay.Radar cruise.Lane assist.Park sens.Rear camera.8 Airbags.,"Immobilizer. Engine button start. RCC (Radar Cruise Control). BSM (Blind Spot Monitoring). LKA (Lane Keeping Assistance). NZ Android/Apple CarPla Available from Grande Motors Ltd, East Tamaki, Auckland.",in stock,used,22900.00 NZD,https://www.grandemotors.co.nz/vehicle/2017-Toyota-C-HR/13469,https://www.grandemotors.co.nz/Motorcentral/VehicleData/GRA-5c5f9439-fd7d-43d2-a010-6341fa102830-1.jpg,"https://www.grandemotors.co.nz/Motorcentral/VehicleData/GRA-5c5f9439-fd7d-43d2-a010-6341fa102830-2.jpg,https://www.grandemotors.co.nz/Motorcentral/VehicleData/GRA-5c5f9439-fd7d-43d2-a010-6341fa102830-3.jpg,https://www.grandemotors.co.nz/Motorcentral/VehicleData/GRA-5c5f9439-fd7d-43d2-a010-6341fa102830-4.jpg,https://www.grandemotors.co.nz/Motorcentral/VehicleData/GRA-5c5f9439-fd7d-43d2-a010-6341fa102830-5.jpg,https://www.grandemotors.co.nz/Motorcentral/VehicleData/GRA-5c5f9439-fd7d-43d2-a010-6341fa102830-6.jpg,https://www.grandemotors.co.nz/Motorcentral/VehicleData/GRA-5c5f9439-fd7d-43d2-a010-6341fa102830-7.jpg,https://www.grandemotors.co.nz/Motorcentral/VehicleData/GRA-5c5f9439-fd7d-43d2-a010-6341fa102830-8.jpg,https://www.grandemotors.co.nz/Motorcentral/VehicleData/GRA-5c5f9439-fd7d-43d2-a010-6341fa102830-9.jpg,https://www.grandemotors.co.nz/Motorcentral/VehicleData/GRA-5c5f9439-fd7d-43d2-a010-6341fa102830-10.jpg,https://www.grandemotors.co.nz/Motorcentral/VehicleData/GRA-5c5f9439-fd7d-43d2-a010-6341fa102830-11.jpg,https://www.grandemotors.co.nz/Motorcentral/VehicleData/GRA-5c5f9439-fd7d-43d2-a010-6341fa102830-12.jpg,https://www.grandemotors.co.nz/Motorcentral/VehicleData/GRA-5c5f9439-fd7d-43d2-a010-6341fa102830-13.jpg,https://www.grandemotors.co.nz/Motorcentral/VehicleData/GRA-5c5f9439-fd7d-43d2-a010-6341fa102830-14.jpg,https://www.grandemotors.co.nz/Motorcentral/VehicleData/GRA-5c5f9439-fd7d-43d2-a010-6341fa102830-15.jpg,https://www.grandemotors.co.nz/Motorcentral/VehicleData/GRA-5c5f9439-fd7d-43d2-a010-6341fa102830-16.jpg,https://www.grandemotors.co.nz/Motorcentral/VehicleData/GRA-5c5f9439-fd7d-43d2-a010-6341fa102830-17.jpg,https://www.grandemotors.co.nz/Motorcentral/VehicleData/GRA-5c5f9439-fd7d-43d2-a010-6341fa102830-18.jpg,https://www.grandemotors.co.nz/Motorcentral/VehicleData/GRA-5c5f9439-fd7d-43d2-a010-6341fa102830-19.jpg",Toyota,"Vehicles & Parts > Vehicles > Cars, Trucks & Vans",2017,SUV,HYBRID,Automatic,Grande Motors
13568,2017 Toyota C-HR G.Hybrid.Radar cruise.Lane assist.Park sens.Rear camera.8 Airbags.,"Immobilizer. Engine button start. Full ""Modelista"" bodykit. RCC (Radar Cruise Control). BSM (Blind Spot Monitoring). LKA (Lane Keeping Assistance Available from Grande Motors Ltd, East Tamaki, Auckland.",in stock,used,20900.00 NZD,https://www.grandemotors.co.nz/vehicle/2017-Toyota-C-HR/13568,https://www.grandemotors.co.nz/Motorcentral/VehicleData/GRA-4df16d30-75ca-4eab-9f61-7703c524622f-1.jpg,"https://www.grandemotors.co.nz/Motorcentral/VehicleData/GRA-4df16d30-75ca-4eab-9f61-7703c524622f-2.jpg,https://www.grandemotors.co.nz/Motorcentral/VehicleData/GRA-4df16d30-75ca-4eab-9f61-7703c524622f-3.jpg,https://www.grandemotors.co.nz/Motorcentral/VehicleData/GRA-4df16d30-75ca-4eab-9f61-7703c524622f-4.jpg,https://www.grandemotors.co.nz/Motorcentral/VehicleData/GRA-4df16d30-75ca-4eab-9f61-7703c524622f-5.jpg,https://www.grandemotors.co.nz/Motorcentral/VehicleData/GRA-4df16d30-75ca-4eab-9f61-7703c524622f-6.jpg,https://www.grandemotors.co.nz/Motorcentral/VehicleData/GRA-4df16d30-75ca-4eab-9f61-7703c524622f-7.jpg,https://www.grandemotors.co.nz/Motorcentral/VehicleData/GRA-4df16d30-75ca-4eab-9f61-7703c524622f-8.jpg,https://www.grandemotors.co.nz/Motorcentral/VehicleData/GRA-4df16d30-75ca-4eab-9f61-7703c524622f-9.jpg,https://www.grandemotors.co.nz/Motorcentral/VehicleData/GRA-4df16d30-75ca-4eab-9f61-7703c524622f-10.jpg,https://www.grandemotors.co.nz/Motorcentral/VehicleData/GRA-4df16d30-75ca-4eab-9f61-7703c524622f-11.jpg,https://www.grandemotors.co.nz/Motorcentral/VehicleData/GRA-4df16d30-75ca-4eab-9f61-7703c524622f-12.jpg,https://www.grandemotors.co.nz/Motorcentral/VehicleData/GRA-4df16d30-75ca-4eab-9f61-7703c524622f-13.jpg,https://www.grandemotors.co.nz/Motorcentral/VehicleData/GRA-4df16d30-75ca-4eab-9f61-7703c524622f-14.jpg,https://www.grandemotors.co.nz/Motorcentral/VehicleData/GRA-4df16d30-75ca-4eab-9f61-7703c524622f-15.jpg,https://www.grandemotors.co.nz/Motorcentral/VehicleData/GRA-4df16d30-75ca-4eab-9f61-7703c524622f-16.jpg,https://www.grandemotors.co.nz/Motorcentral/VehicleData/GRA-4df16d30-75ca-4eab-9f61-7703c524622f-17.jpg,https://www.grandemotors.co.nz/Motorcentral/VehicleData/GRA-4df16d30-75ca-4eab-9f61-7703c524622f-18.jpg",Toyota,"Vehicles & Parts > Vehicles > Cars, Trucks & Vans",2017,SUV,HYBRID,Automatic,Grande Motors
13500,2018 Toyota C-HR G.Hybrid.LED.Blind spot.Lane assist.Safety radar.Rear cam.Alarm.,"Immobilizer. Engine button start. RCC (Radar Cruise Control). BSM (Blind Spot Monitoring). LKA (Lane Keeping Assistance). 2018 Toyota C-HR G in Available from Grande Motors Ltd, East Tamaki, Auckland.",in stock,used,24500.00 NZD,https://www.grandemotors.co.nz/vehicle/2018-Toyota-C-HR/13500,https://www.grandemotors.co.nz/Motorcentral/VehicleData/GRA-2b9783de-a770-4ff1-9120-ab2b511ec4f0-1.jpg,"https://www.grandemotors.co.nz/Motorcentral/VehicleData/GRA-2b9783de-a770-4ff1-9120-ab2b511ec4f0-2.jpg,https://www.grandemotors.co.nz/Motorcentral/VehicleData/GRA-2b9783de-a770-4ff1-9120-ab2b511ec4f0-3.jpg,https://www.grandemotors.co.nz/Motorcentral/VehicleData/GRA-2b9783de-a770-4ff1-9120-ab2b511ec4f0-4.jpg,https://www.grandemotors.co.nz/Motorcentral/VehicleData/GRA-2b9783de-a770-4ff1-9120-ab2b511ec4f0-5.jpg,https://www.grandemotors.co.nz/Motorcentral/VehicleData/GRA-2b9783de-a770-4ff1-9120-ab2b511ec4f0-6.jpg,https://www.grandemotors.co.nz/Motorcentral/VehicleData/GRA-2b9783de-a770-4ff1-9120-ab2b511ec4f0-7.jpg,https://www.grandemotors.co.nz/Motorcentral/VehicleData/GRA-2b9783de-a770-4ff1-9120-ab2b511ec4f0-8.jpg,https://www.grandemotors.co.nz/Motorcentral/VehicleData/GRA-2b9783de-a770-4ff1-9120-ab2b511ec4f0-9.jpg,https://www.grandemotors.co.nz/Motorcentral/VehicleData/GRA-2b9783de-a770-4ff1-9120-ab2b511ec4f0-10.jpg,https://www.grandemotors.co.nz/Motorcentral/VehicleData/GRA-2b9783de-a770-4ff1-9120-ab2b511ec4f0-11.jpg,https://www.grandemotors.co.nz/Motorcentral/VehicleData/GRA-2b9783de-a770-4ff1-9120-ab2b511ec4f0-12.jpg,https://www.grandemotors.co.nz/Motorcentral/VehicleData/GRA-2b9783de-a770-4ff1-9120-ab2b511ec4f0-13.jpg,https://www.grandemotors.co.nz/Motorcentral/VehicleData/GRA-2b9783de-a770-4ff1-9120-ab2b511ec4f0-14.jpg,https://www.grandemotors.co.nz/Motorcentral/VehicleData/GRA-2b9783de-a770-4ff1-9120-ab2b511ec4f0-15.jpg,https://www.grandemotors.co.nz/Motorcentral/VehicleData/GRA-2b9783de-a770-4ff1-9120-ab2b511ec4f0-16.jpg,https://www.grandemotors.co.nz/Motorcentral/VehicleData/GRA-2b9783de-a770-4ff1-9120-ab2b511ec4f0-17.jpg,https://www.grandemotors.co.nz/Motorcentral/VehicleData/GRA-2b9783de-a770-4ff1-9120-ab2b511ec4f0-18.jpg,https://www.grandemotors.co.nz/Motorcentral/VehicleData/GRA-2b9783de-a770-4ff1-9120-ab2b511ec4f0-19.jpg,https://www.grandemotors.co.nz/Motorcentral/VehicleData/GRA-2b9783de-a770-4ff1-9120-ab2b511ec4f0-20.jpg",Toyota,"Vehicles & Parts > Vehicles > Cars, Trucks & Vans",2018,SUV,HYBRID,Automatic,Grande Motors
13475,2019 Toyota C-HR G.Hybrid.MODE NIRO.Radar cruise.Lane assist.Park sens.Rear cam.8 Airbags.,"Auction grade 4,5. Immobilizer. Engine button start. RCC (Radar Cruise Control). BSM (Blind Spot Monitoring). LKA (Lane Keeping Assistance). Available from Grande Motors Ltd, East Tamaki, Auckland.",in stock,used,25900.00 NZD,https://www.grandemotors.co.nz/vehicle/2019-Toyota-C-HR/13475,https://www.grandemotors.co.nz/Motorcentral/VehicleData/GRA-aa05ca63-bdd4-4ef0-9ded-212db74a4791-1.jpg,"https://www.grandemotors.co.nz/Motorcentral/VehicleData/GRA-aa05ca63-bdd4-4ef0-9ded-212db74a4791-2.jpg,https://www.grandemotors.co.nz/Motorcentral/VehicleData/GRA-aa05ca63-bdd4-4ef0-9ded-212db74a4791-3.jpg,https://www.grandemotors.co.nz/Motorcentral/VehicleData/GRA-aa05ca63-bdd4-4ef0-9ded-212db74a4791-4.jpg,https://www.grandemotors.co.nz/Motorcentral/VehicleData/GRA-aa05ca63-bdd4-4ef0-9ded-212db74a4791-5.jpg,https://www.grandemotors.co.nz/Motorcentral/VehicleData/GRA-aa05ca63-bdd4-4ef0-9ded-212db74a4791-6.jpg,https://www.grandemotors.co.nz/Motorcentral/VehicleData/GRA-aa05ca63-bdd4-4ef0-9ded-212db74a4791-7.jpg,https://www.grandemotors.co.nz/Motorcentral/VehicleData/GRA-aa05ca63-bdd4-4ef0-9ded-212db74a4791-8.jpg,https://www.grandemotors.co.nz/Motorcentral/VehicleData/GRA-aa05ca63-bdd4-4ef0-9ded-212db74a4791-9.jpg,https://www.grandemotors.co.nz/Motorcentral/VehicleData/GRA-aa05ca63-bdd4-4ef0-9ded-212db74a4791-10.jpg,https://www.grandemotors.co.nz/Motorcentral/VehicleData/GRA-aa05ca63-bdd4-4ef0-9ded-212db74a4791-11.jpg,https://www.grandemotors.co.nz/Motorcentral/VehicleData/GRA-aa05ca63-bdd4-4ef0-9ded-212db74a4791-12.jpg,https://www.grandemotors.co.nz/Motorcentral/VehicleData/GRA-aa05ca63-bdd4-4ef0-9ded-212db74a4791-13.jpg,https://www.grandemotors.co.nz/Motorcentral/VehicleData/GRA-aa05ca63-bdd4-4ef0-9ded-212db74a4791-14.jpg,https://www.grandemotors.co.nz/Motorcentral/VehicleData/GRA-aa05ca63-bdd4-4ef0-9ded-212db74a4791-15.jpg,https://www.grandemotors.co.nz/Motorcentral/VehicleData/GRA-aa05ca63-bdd4-4ef0-9ded-212db74a4791-16.jpg,https://www.grandemotors.co.nz/Motorcentral/VehicleData/GRA-aa05ca63-bdd4-4ef0-9ded-212db74a4791-17.jpg,https://www.grandemotors.co.nz/Motorcentral/VehicleData/GRA-aa05ca63-bdd4-4ef0-9ded-212db74a4791-18.jpg,https://www.grandemotors.co.nz/Motorcentral/VehicleData/GRA-aa05ca63-bdd4-4ef0-9ded-212db74a4791-19.jpg",Toyota,"Vehicles & Parts > Vehicles > Cars, Trucks & Vans",2019,SUV,HYBRID,Automatic,Grande Motors
13661,2022 Toyota C-HR Hybrid In Transit S Model Cruise control,"2022 Toyota C-HR RV-SUV in Yellow Japanese import, 1800 engine, done 131000kms,Automatic. C-HR In Transit S model hybrid 2022! Yellow Hold Depos Available from Grande Motors Ltd, East Tamaki, Auckland.",in stock,used,23800.00 NZD,https://www.grandemotors.co.nz/vehicle/2022-Toyota-C-HR/13661,https://www.grandemotors.co.nz/Motorcentral/VehicleData/GRA-17daec12-6993-4408-93c4-9ce980276d57-1.jpg,"https://www.grandemotors.co.nz/Motorcentral/VehicleData/GRA-17daec12-6993-4408-93c4-9ce980276d57-2.jpg,https://www.grandemotors.co.nz/Motorcentral/VehicleData/GRA-17daec12-6993-4408-93c4-9ce980276d57-3.jpg,https://www.grandemotors.co.nz/Motorcentral/VehicleData/GRA-17daec12-6993-4408-93c4-9ce980276d57-4.jpg,https://www.grandemotors.co.nz/Motorcentral/VehicleData/GRA-17daec12-6993-4408-93c4-9ce980276d57-5.jpg,https://www.grandemotors.co.nz/Motorcentral/VehicleData/GRA-17daec12-6993-4408-93c4-9ce980276d57-6.jpg,https://www.grandemotors.co.nz/Motorcentral/VehicleData/GRA-17daec12-6993-4408-93c4-9ce980276d57-7.jpg,https://www.grandemotors.co.nz/Motorcentral/VehicleData/GRA-17daec12-6993-4408-93c4-9ce980276d57-8.jpg,https://www.grandemotors.co.nz/Motorcentral/VehicleData/GRA-17daec12-6993-4408-93c4-9ce980276d57-9.jpg,https://www.grandemotors.co.nz/Motorcentral/VehicleData/GRA-17daec12-6993-4408-93c4-9ce980276d57-10.jpg,https://www.grandemotors.co.nz/Motorcentral/VehicleData/GRA-17daec12-6993-4408-93c4-9ce980276d57-11.jpg",Toyota,"Vehicles & Parts > Vehicles > Cars, Trucks & Vans",2022,SUV,HYBRID,Automatic,Grande Motors
13182,2012 Toyota Camry Hybrid.Gspec.Leather.Cruise control.8 Airbags,"Immobilizer. Engine button start. 8 SRS Airbags (front, side, rear). Alloy wheels with brand new tires. 2012 Toyota Camry G spec hybrid in Pearl Available from Grande Motors Ltd, East Tamaki, Auckland.",in stock,used,14800.00 NZD,https://www.grandemotors.co.nz/vehicle/2012-Toyota-Camry/13182,https://www.grandemotors.co.nz/Motorcentral/VehicleData/GRA-727c6849-5619-4dfb-aa1f-7993a9d4e4cd-1.jpg,"https://www.grandemotors.co.nz/Motorcentral/VehicleData/GRA-727c6849-5619-4dfb-aa1f-7993a9d4e4cd-2.jpg,https://www.grandemotors.co.nz/Motorcentral/VehicleData/GRA-727c6849-5619-4dfb-aa1f-7993a9d4e4cd-3.jpg,https://www.grandemotors.co.nz/Motorcentral/VehicleData/GRA-727c6849-5619-4dfb-aa1f-7993a9d4e4cd-4.jpg,https://www.grandemotors.co.nz/Motorcentral/VehicleData/GRA-727c6849-5619-4dfb-aa1f-7993a9d4e4cd-5.jpg,https://www.grandemotors.co.nz/Motorcentral/VehicleData/GRA-727c6849-5619-4dfb-aa1f-7993a9d4e4cd-6.jpg,https://www.grandemotors.co.nz/Motorcentral/VehicleData/GRA-727c6849-5619-4dfb-aa1f-7993a9d4e4cd-7.jpg,https://www.grandemotors.co.nz/Motorcentral/VehicleData/GRA-727c6849-5619-4dfb-aa1f-7993a9d4e4cd-8.jpg,https://www.grandemotors.co.nz/Motorcentral/VehicleData/GRA-727c6849-5619-4dfb-aa1f-7993a9d4e4cd-9.jpg,https://www.grandemotors.co.nz/Motorcentral/VehicleData/GRA-727c6849-5619-4dfb-aa1f-7993a9d4e4cd-10.jpg,https://www.grandemotors.co.nz/Motorcentral/VehicleData/GRA-727c6849-5619-4dfb-aa1f-7993a9d4e4cd-11.jpg,https://www.grandemotors.co.nz/Motorcentral/VehicleData/GRA-727c6849-5619-4dfb-aa1f-7993a9d4e4cd-12.jpg,https://www.grandemotors.co.nz/Motorcentral/VehicleData/GRA-727c6849-5619-4dfb-aa1f-7993a9d4e4cd-13.jpg,https://www.grandemotors.co.nz/Motorcentral/VehicleData/GRA-727c6849-5619-4dfb-aa1f-7993a9d4e4cd-14.jpg,https://www.grandemotors.co.nz/Motorcentral/VehicleData/GRA-727c6849-5619-4dfb-aa1f-7993a9d4e4cd-15.jpg,https://www.grandemotors.co.nz/Motorcentral/VehicleData/GRA-727c6849-5619-4dfb-aa1f-7993a9d4e4cd-16.jpg,https://www.grandemotors.co.nz/Motorcentral/VehicleData/GRA-727c6849-5619-4dfb-aa1f-7993a9d4e4cd-17.jpg,https://www.grandemotors.co.nz/Motorcentral/VehicleData/GRA-727c6849-5619-4dfb-aa1f-7993a9d4e4cd-18.jpg,https://www.grandemotors.co.nz/Motorcentral/VehicleData/GRA-727c6849-5619-4dfb-aa1f-7993a9d4e4cd-19.jpg",Toyota,"Vehicles & Parts > Vehicles > Cars, Trucks & Vans",2012,SEDAN,HYBRID,Automatic,Grande Motors
13637,2012 Toyota Camry Hybrid NZ Andoid /Apple car stereo,"2012 Toyota Camry Sedan in DARKGRAY Japanese import, 2500 engine, done 92900kms,Automatic. Hybrid Nz Apple car An enjoyable roomy interior E Available from Grande Motors Ltd, East Tamaki, Auckland.",in stock,used,13500.00 NZD,https://www.grandemotors.co.nz/vehicle/2012-Toyota-Camry/13637,https://www.grandemotors.co.nz/Motorcentral/VehicleData/GRA-08056bcd-82c8-4606-b2cd-86c19d0043a6-1.jpg,"https://www.grandemotors.co.nz/Motorcentral/VehicleData/GRA-08056bcd-82c8-4606-b2cd-86c19d0043a6-2.jpg,https://www.grandemotors.co.nz/Motorcentral/VehicleData/GRA-08056bcd-82c8-4606-b2cd-86c19d0043a6-3.jpg,https://www.grandemotors.co.nz/Motorcentral/VehicleData/GRA-08056bcd-82c8-4606-b2cd-86c19d0043a6-4.jpg,https://www.grandemotors.co.nz/Motorcentral/VehicleData/GRA-08056bcd-82c8-4606-b2cd-86c19d0043a6-5.jpg,https://www.grandemotors.co.nz/Motorcentral/VehicleData/GRA-08056bcd-82c8-4606-b2cd-86c19d0043a6-6.jpg,https://www.grandemotors.co.nz/Motorcentral/VehicleData/GRA-08056bcd-82c8-4606-b2cd-86c19d0043a6-7.jpg,https://www.grandemotors.co.nz/Motorcentral/VehicleData/GRA-08056bcd-82c8-4606-b2cd-86c19d0043a6-8.jpg,https://www.grandemotors.co.nz/Motorcentral/VehicleData/GRA-08056bcd-82c8-4606-b2cd-86c19d0043a6-9.jpg,https://www.grandemotors.co.nz/Motorcentral/VehicleData/GRA-08056bcd-82c8-4606-b2cd-86c19d0043a6-10.jpg,https://www.grandemotors.co.nz/Motorcentral/VehicleData/GRA-08056bcd-82c8-4606-b2cd-86c19d0043a6-11.jpg,https://www.grandemotors.co.nz/Motorcentral/VehicleData/GRA-08056bcd-82c8-4606-b2cd-86c19d0043a6-12.jpg,https://www.grandemotors.co.nz/Motorcentral/VehicleData/GRA-08056bcd-82c8-4606-b2cd-86c19d0043a6-13.jpg,https://www.grandemotors.co.nz/Motorcentral/VehicleData/GRA-08056bcd-82c8-4606-b2cd-86c19d0043a6-14.jpg,https://www.grandemotors.co.nz/Motorcentral/VehicleData/GRA-08056bcd-82c8-4606-b2cd-86c19d0043a6-15.jpg",Toyota,"Vehicles & Parts > Vehicles > Cars, Trucks & Vans",2012,SEDAN,HYBRID,Automatic,Grande Motors
13486,2014 Toyota Camry Hybrid.G.Rear cam.Blind spot.Cruise control.9 Airbags.,"Immobilizer. Engine button start. 8 SRS Airbags (front, side, rear). 2014 Toyota Camry G spec hybrid in Black colour with black interior. Japa Available from Grande Motors Ltd, East Tamaki, Auckland.",in stock,used,16900.00 NZD,https://www.grandemotors.co.nz/vehicle/2014-Toyota-Camry/13486,https://www.grandemotors.co.nz/Motorcentral/VehicleData/GRA-1dfe92c9-da48-41e2-8f5f-435320895a0f-1.jpg,"https://www.grandemotors.co.nz/Motorcentral/VehicleData/GRA-1dfe92c9-da48-41e2-8f5f-435320895a0f-2.jpg,https://www.grandemotors.co.nz/Motorcentral/VehicleData/GRA-1dfe92c9-da48-41e2-8f5f-435320895a0f-3.jpg,https://www.grandemotors.co.nz/Motorcentral/VehicleData/GRA-1dfe92c9-da48-41e2-8f5f-435320895a0f-4.jpg,https://www.grandemotors.co.nz/Motorcentral/VehicleData/GRA-1dfe92c9-da48-41e2-8f5f-435320895a0f-5.jpg,https://www.grandemotors.co.nz/Motorcentral/VehicleData/GRA-1dfe92c9-da48-41e2-8f5f-435320895a0f-6.jpg,https://www.grandemotors.co.nz/Motorcentral/VehicleData/GRA-1dfe92c9-da48-41e2-8f5f-435320895a0f-7.jpg,https://www.grandemotors.co.nz/Motorcentral/VehicleData/GRA-1dfe92c9-da48-41e2-8f5f-435320895a0f-8.jpg,https://www.grandemotors.co.nz/Motorcentral/VehicleData/GRA-1dfe92c9-da48-41e2-8f5f-435320895a0f-9.jpg,https://www.grandemotors.co.nz/Motorcentral/VehicleData/GRA-1dfe92c9-da48-41e2-8f5f-435320895a0f-10.jpg,https://www.grandemotors.co.nz/Motorcentral/VehicleData/GRA-1dfe92c9-da48-41e2-8f5f-435320895a0f-11.jpg,https://www.grandemotors.co.nz/Motorcentral/VehicleData/GRA-1dfe92c9-da48-41e2-8f5f-435320895a0f-12.jpg,https://www.grandemotors.co.nz/Motorcentral/VehicleData/GRA-1dfe92c9-da48-41e2-8f5f-435320895a0f-13.jpg,https://www.grandemotors.co.nz/Motorcentral/VehicleData/GRA-1dfe92c9-da48-41e2-8f5f-435320895a0f-14.jpg,https://www.grandemotors.co.nz/Motorcentral/VehicleData/GRA-1dfe92c9-da48-41e2-8f5f-435320895a0f-15.jpg,https://www.grandemotors.co.nz/Motorcentral/VehicleData/GRA-1dfe92c9-da48-41e2-8f5f-435320895a0f-16.jpg,https://www.grandemotors.co.nz/Motorcentral/VehicleData/GRA-1dfe92c9-da48-41e2-8f5f-435320895a0f-17.jpg,https://www.grandemotors.co.nz/Motorcentral/VehicleData/GRA-1dfe92c9-da48-41e2-8f5f-435320895a0f-18.jpg,https://www.grandemotors.co.nz/Motorcentral/VehicleData/GRA-1dfe92c9-da48-41e2-8f5f-435320895a0f-19.jpg,https://www.grandemotors.co.nz/Motorcentral/VehicleData/GRA-1dfe92c9-da48-41e2-8f5f-435320895a0f-20.jpg",Toyota,"Vehicles & Parts > Vehicles > Cars, Trucks & Vans",2014,SEDAN,HYBRID,Automatic,Grande Motors
9147,2001 Toyota Celica Manual.Sunroof.Alloys.New tires.LOW KM.,"LOW KM. 5-speed manual transmission. 2001 Toyota Celica in silver colour with dark interior. Smooth 1800cc chain driven engine provides a perfe Available from Grande Motors Ltd, East Tamaki, Auckland.",in stock,used,13900.00 NZD,https://www.grandemotors.co.nz/vehicle/2001-Toyota-Celica/9147,https://www.grandemotors.co.nz/Motorcentral/VehicleData/GRA-5c6be452-5fbb-4c61-baee-53e9aff924d0-1.jpg,"https://www.grandemotors.co.nz/Motorcentral/VehicleData/GRA-5c6be452-5fbb-4c61-baee-53e9aff924d0-2.jpg,https://www.grandemotors.co.nz/Motorcentral/VehicleData/GRA-5c6be452-5fbb-4c61-baee-53e9aff924d0-3.jpg,https://www.grandemotors.co.nz/Motorcentral/VehicleData/GRA-5c6be452-5fbb-4c61-baee-53e9aff924d0-4.jpg,https://www.grandemotors.co.nz/Motorcentral/VehicleData/GRA-5c6be452-5fbb-4c61-baee-53e9aff924d0-5.jpg,https://www.grandemotors.co.nz/Motorcentral/VehicleData/GRA-5c6be452-5fbb-4c61-baee-53e9aff924d0-6.jpg,https://www.grandemotors.co.nz/Motorcentral/VehicleData/GRA-5c6be452-5fbb-4c61-baee-53e9aff924d0-7.jpg,https://www.grandemotors.co.nz/Motorcentral/VehicleData/GRA-5c6be452-5fbb-4c61-baee-53e9aff924d0-8.jpg,https://www.grandemotors.co.nz/Motorcentral/VehicleData/GRA-5c6be452-5fbb-4c61-baee-53e9aff924d0-9.jpg,https://www.grandemotors.co.nz/Motorcentral/VehicleData/GRA-5c6be452-5fbb-4c61-baee-53e9aff924d0-10.jpg,https://www.grandemotors.co.nz/Motorcentral/VehicleData/GRA-5c6be452-5fbb-4c61-baee-53e9aff924d0-11.jpg,https://www.grandemotors.co.nz/Motorcentral/VehicleData/GRA-5c6be452-5fbb-4c61-baee-53e9aff924d0-12.jpg,https://www.grandemotors.co.nz/Motorcentral/VehicleData/GRA-5c6be452-5fbb-4c61-baee-53e9aff924d0-13.jpg,https://www.grandemotors.co.nz/Motorcentral/VehicleData/GRA-5c6be452-5fbb-4c61-baee-53e9aff924d0-14.jpg,https://www.grandemotors.co.nz/Motorcentral/VehicleData/GRA-5c6be452-5fbb-4c61-baee-53e9aff924d0-15.jpg,https://www.grandemotors.co.nz/Motorcentral/VehicleData/GRA-5c6be452-5fbb-4c61-baee-53e9aff924d0-16.jpg,https://www.grandemotors.co.nz/Motorcentral/VehicleData/GRA-5c6be452-5fbb-4c61-baee-53e9aff924d0-17.jpg,https://www.grandemotors.co.nz/Motorcentral/VehicleData/GRA-5c6be452-5fbb-4c61-baee-53e9aff924d0-18.jpg",Toyota,"Vehicles & Parts > Vehicles > Cars, Trucks & Vans",2001,COUPE,GASOLINE,Manual,Grande Motors
9349,1998 Toyota Chaser Avante. 1G-FE.,"1998 Toyota Chaser Avante in silver colour with dark interior. An enjoyable roomy interior that can seat 5 in total comfort. Great vehicle for wor Available from Grande Motors Ltd, East Tamaki, Auckland.",in stock,used,13900.00 NZD,https://www.grandemotors.co.nz/vehicle/1998-Toyota-Chaser/9349,https://www.grandemotors.co.nz/Motorcentral/VehicleData/GRA-16b8bedd-265a-4507-bf1b-b361e41a7d79-1.jpg,"https://www.grandemotors.co.nz/Motorcentral/VehicleData/GRA-16b8bedd-265a-4507-bf1b-b361e41a7d79-2.jpg,https://www.grandemotors.co.nz/Motorcentral/VehicleData/GRA-16b8bedd-265a-4507-bf1b-b361e41a7d79-3.jpg,https://www.grandemotors.co.nz/Motorcentral/VehicleData/GRA-16b8bedd-265a-4507-bf1b-b361e41a7d79-4.jpg,https://www.grandemotors.co.nz/Motorcentral/VehicleData/GRA-16b8bedd-265a-4507-bf1b-b361e41a7d79-5.jpg,https://www.grandemotors.co.nz/Motorcentral/VehicleData/GRA-16b8bedd-265a-4507-bf1b-b361e41a7d79-6.jpg,https://www.grandemotors.co.nz/Motorcentral/VehicleData/GRA-16b8bedd-265a-4507-bf1b-b361e41a7d79-7.jpg,https://www.grandemotors.co.nz/Motorcentral/VehicleData/GRA-16b8bedd-265a-4507-bf1b-b361e41a7d79-8.jpg,https://www.grandemotors.co.nz/Motorcentral/VehicleData/GRA-16b8bedd-265a-4507-bf1b-b361e41a7d79-9.jpg,https://www.grandemotors.co.nz/Motorcentral/VehicleData/GRA-16b8bedd-265a-4507-bf1b-b361e41a7d79-10.jpg,https://www.grandemotors.co.nz/Motorcentral/VehicleData/GRA-16b8bedd-265a-4507-bf1b-b361e41a7d79-11.jpg,https://www.grandemotors.co.nz/Motorcentral/VehicleData/GRA-16b8bedd-265a-4507-bf1b-b361e41a7d79-12.jpg,https://www.grandemotors.co.nz/Motorcentral/VehicleData/GRA-16b8bedd-265a-4507-bf1b-b361e41a7d79-13.jpg,https://www.grandemotors.co.nz/Motorcentral/VehicleData/GRA-16b8bedd-265a-4507-bf1b-b361e41a7d79-14.jpg,https://www.grandemotors.co.nz/Motorcentral/VehicleData/GRA-16b8bedd-265a-4507-bf1b-b361e41a7d79-15.jpg,https://www.grandemotors.co.nz/Motorcentral/VehicleData/GRA-16b8bedd-265a-4507-bf1b-b361e41a7d79-16.jpg",Toyota,"Vehicles & Parts > Vehicles > Cars, Trucks & Vans",1998,SEDAN,GASOLINE,Automatic,Grande Motors
10606,1999 Toyota Chaser Avante. 1G-FE.,"LOW KM. 1999 Toyota Chaser Tourer in silver colour with dark interior. An enjoyable roomy interior that can seat 5 in total comfort. Economical Available from Grande Motors Ltd, East Tamaki, Auckland.",in stock,used,13900.00 NZD,https://www.grandemotors.co.nz/vehicle/1999-Toyota-Chaser/10606,https://www.grandemotors.co.nz/Motorcentral/VehicleData/GRA-581cabb5-70d5-4f55-b423-9f7e67ad7b67-1.jpg,"https://www.grandemotors.co.nz/Motorcentral/VehicleData/GRA-581cabb5-70d5-4f55-b423-9f7e67ad7b67-2.jpg,https://www.grandemotors.co.nz/Motorcentral/VehicleData/GRA-581cabb5-70d5-4f55-b423-9f7e67ad7b67-3.jpg,https://www.grandemotors.co.nz/Motorcentral/VehicleData/GRA-581cabb5-70d5-4f55-b423-9f7e67ad7b67-4.jpg,https://www.grandemotors.co.nz/Motorcentral/VehicleData/GRA-581cabb5-70d5-4f55-b423-9f7e67ad7b67-5.jpg,https://www.grandemotors.co.nz/Motorcentral/VehicleData/GRA-581cabb5-70d5-4f55-b423-9f7e67ad7b67-6.jpg,https://www.grandemotors.co.nz/Motorcentral/VehicleData/GRA-581cabb5-70d5-4f55-b423-9f7e67ad7b67-7.jpg,https://www.grandemotors.co.nz/Motorcentral/VehicleData/GRA-581cabb5-70d5-4f55-b423-9f7e67ad7b67-8.jpg,https://www.grandemotors.co.nz/Motorcentral/VehicleData/GRA-581cabb5-70d5-4f55-b423-9f7e67ad7b67-9.jpg,https://www.grandemotors.co.nz/Motorcentral/VehicleData/GRA-581cabb5-70d5-4f55-b423-9f7e67ad7b67-10.jpg,https://www.grandemotors.co.nz/Motorcentral/VehicleData/GRA-581cabb5-70d5-4f55-b423-9f7e67ad7b67-11.jpg,https://www.grandemotors.co.nz/Motorcentral/VehicleData/GRA-581cabb5-70d5-4f55-b423-9f7e67ad7b67-12.jpg,https://www.grandemotors.co.nz/Motorcentral/VehicleData/GRA-581cabb5-70d5-4f55-b423-9f7e67ad7b67-13.jpg,https://www.grandemotors.co.nz/Motorcentral/VehicleData/GRA-581cabb5-70d5-4f55-b423-9f7e67ad7b67-14.jpg,https://www.grandemotors.co.nz/Motorcentral/VehicleData/GRA-581cabb5-70d5-4f55-b423-9f7e67ad7b67-15.jpg,https://www.grandemotors.co.nz/Motorcentral/VehicleData/GRA-581cabb5-70d5-4f55-b423-9f7e67ad7b67-16.jpg,https://www.grandemotors.co.nz/Motorcentral/VehicleData/GRA-581cabb5-70d5-4f55-b423-9f7e67ad7b67-17.jpg",Toyota,"Vehicles & Parts > Vehicles > Cars, Trucks & Vans",1999,SEDAN,GASOLINE,Automatic,Grande Motors
13287,2016 Toyota Corolla Fielder.Hybrid.Rear camera.New tires.,"Reversing camera. 8 SRS Airbags (front, side, rear). 2016 Toyota Corolla Fielder wagon hybrid in white colour with dark interior. Japanese impo Available from Grande Motors Ltd, East Tamaki, Auckland.",in stock,used,12900.00 NZD,https://www.grandemotors.co.nz/vehicle/2016-Toyota-Corolla/13287,https://www.grandemotors.co.nz/Motorcentral/VehicleData/GRA-ccee8049-994b-4bf5-9fab-0a62b8049836-1.jpg,"https://www.grandemotors.co.nz/Motorcentral/VehicleData/GRA-ccee8049-994b-4bf5-9fab-0a62b8049836-2.jpg,https://www.grandemotors.co.nz/Motorcentral/VehicleData/GRA-ccee8049-994b-4bf5-9fab-0a62b8049836-3.jpg,https://www.grandemotors.co.nz/Motorcentral/VehicleData/GRA-ccee8049-994b-4bf5-9fab-0a62b8049836-4.jpg,https://www.grandemotors.co.nz/Motorcentral/VehicleData/GRA-ccee8049-994b-4bf5-9fab-0a62b8049836-5.jpg,https://www.grandemotors.co.nz/Motorcentral/VehicleData/GRA-ccee8049-994b-4bf5-9fab-0a62b8049836-6.jpg,https://www.grandemotors.co.nz/Motorcentral/VehicleData/GRA-ccee8049-994b-4bf5-9fab-0a62b8049836-7.jpg,https://www.grandemotors.co.nz/Motorcentral/VehicleData/GRA-ccee8049-994b-4bf5-9fab-0a62b8049836-8.jpg,https://www.grandemotors.co.nz/Motorcentral/VehicleData/GRA-ccee8049-994b-4bf5-9fab-0a62b8049836-9.jpg,https://www.grandemotors.co.nz/Motorcentral/VehicleData/GRA-ccee8049-994b-4bf5-9fab-0a62b8049836-10.jpg,https://www.grandemotors.co.nz/Motorcentral/VehicleData/GRA-ccee8049-994b-4bf5-9fab-0a62b8049836-11.jpg,https://www.grandemotors.co.nz/Motorcentral/VehicleData/GRA-ccee8049-994b-4bf5-9fab-0a62b8049836-12.jpg,https://www.grandemotors.co.nz/Motorcentral/VehicleData/GRA-ccee8049-994b-4bf5-9fab-0a62b8049836-13.jpg,https://www.grandemotors.co.nz/Motorcentral/VehicleData/GRA-ccee8049-994b-4bf5-9fab-0a62b8049836-14.jpg,https://www.grandemotors.co.nz/Motorcentral/VehicleData/GRA-ccee8049-994b-4bf5-9fab-0a62b8049836-15.jpg,https://www.grandemotors.co.nz/Motorcentral/VehicleData/GRA-ccee8049-994b-4bf5-9fab-0a62b8049836-16.jpg,https://www.grandemotors.co.nz/Motorcentral/VehicleData/GRA-ccee8049-994b-4bf5-9fab-0a62b8049836-17.jpg,https://www.grandemotors.co.nz/Motorcentral/VehicleData/GRA-ccee8049-994b-4bf5-9fab-0a62b8049836-18.jpg",Toyota,"Vehicles & Parts > Vehicles > Cars, Trucks & Vans",2016,WAGON,HYBRID,Automatic,Grande Motors
13570,2016 Toyota Corolla Axio.Hybrid.Rear camera.8 SRS Airbags.,"Reversing camera. 8 SRS Airbags (front, side, rear). 2016 Toyota Corolla Axio hybrid in silver colour with dark interior. Japanese import, 1500 Available from Grande Motors Ltd, East Tamaki, Auckland.",in stock,used,14500.00 NZD,https://www.grandemotors.co.nz/vehicle/2016-Toyota-Corolla/13570,https://www.grandemotors.co.nz/Motorcentral/VehicleData/GRA-b7a17666-116c-4b29-8dad-53cf4e22e267-1.jpg,"https://www.grandemotors.co.nz/Motorcentral/VehicleData/GRA-b7a17666-116c-4b29-8dad-53cf4e22e267-2.jpg,https://www.grandemotors.co.nz/Motorcentral/VehicleData/GRA-b7a17666-116c-4b29-8dad-53cf4e22e267-3.jpg,https://www.grandemotors.co.nz/Motorcentral/VehicleData/GRA-b7a17666-116c-4b29-8dad-53cf4e22e267-4.jpg,https://www.grandemotors.co.nz/Motorcentral/VehicleData/GRA-b7a17666-116c-4b29-8dad-53cf4e22e267-5.jpg,https://www.grandemotors.co.nz/Motorcentral/VehicleData/GRA-b7a17666-116c-4b29-8dad-53cf4e22e267-6.jpg,https://www.grandemotors.co.nz/Motorcentral/VehicleData/GRA-b7a17666-116c-4b29-8dad-53cf4e22e267-7.jpg,https://www.grandemotors.co.nz/Motorcentral/VehicleData/GRA-b7a17666-116c-4b29-8dad-53cf4e22e267-8.jpg,https://www.grandemotors.co.nz/Motorcentral/VehicleData/GRA-b7a17666-116c-4b29-8dad-53cf4e22e267-9.jpg,https://www.grandemotors.co.nz/Motorcentral/VehicleData/GRA-b7a17666-116c-4b29-8dad-53cf4e22e267-10.jpg,https://www.grandemotors.co.nz/Motorcentral/VehicleData/GRA-b7a17666-116c-4b29-8dad-53cf4e22e267-11.jpg,https://www.grandemotors.co.nz/Motorcentral/VehicleData/GRA-b7a17666-116c-4b29-8dad-53cf4e22e267-12.jpg,https://www.grandemotors.co.nz/Motorcentral/VehicleData/GRA-b7a17666-116c-4b29-8dad-53cf4e22e267-13.jpg,https://www.grandemotors.co.nz/Motorcentral/VehicleData/GRA-b7a17666-116c-4b29-8dad-53cf4e22e267-14.jpg,https://www.grandemotors.co.nz/Motorcentral/VehicleData/GRA-b7a17666-116c-4b29-8dad-53cf4e22e267-15.jpg,https://www.grandemotors.co.nz/Motorcentral/VehicleData/GRA-b7a17666-116c-4b29-8dad-53cf4e22e267-16.jpg,https://www.grandemotors.co.nz/Motorcentral/VehicleData/GRA-b7a17666-116c-4b29-8dad-53cf4e22e267-17.jpg,https://www.grandemotors.co.nz/Motorcentral/VehicleData/GRA-b7a17666-116c-4b29-8dad-53cf4e22e267-18.jpg,https://www.grandemotors.co.nz/Motorcentral/VehicleData/GRA-b7a17666-116c-4b29-8dad-53cf4e22e267-19.jpg,https://www.grandemotors.co.nz/Motorcentral/VehicleData/GRA-b7a17666-116c-4b29-8dad-53cf4e22e267-20.jpg",Toyota,"Vehicles & Parts > Vehicles > Cars, Trucks & Vans",2016,SEDAN,HYBRID,Automatic,Grande Motors
13282,2017 Toyota Corolla Fielder.WXB.Hybrid.Safety radar.Lane assist.Rear camera.8 Airbags.Button start.,"Immobilizer. Safety Radar. Engine button start. LKA (Lane Keeping Assistance). 8 SRS Airbags (front, side, rear). 2017 Toyota Corolla Fielder w Available from Grande Motors Ltd, East Tamaki, Auckland.",in stock,used,16900.00 NZD,https://www.grandemotors.co.nz/vehicle/2017-Toyota-Corolla/13282,https://www.grandemotors.co.nz/Motorcentral/VehicleData/GRA-3528ceb6-32b9-44b8-a06c-0dbc9ab517f7-1.jpg,"https://www.grandemotors.co.nz/Motorcentral/VehicleData/GRA-3528ceb6-32b9-44b8-a06c-0dbc9ab517f7-2.jpg,https://www.grandemotors.co.nz/Motorcentral/VehicleData/GRA-3528ceb6-32b9-44b8-a06c-0dbc9ab517f7-3.jpg,https://www.grandemotors.co.nz/Motorcentral/VehicleData/GRA-3528ceb6-32b9-44b8-a06c-0dbc9ab517f7-4.jpg,https://www.grandemotors.co.nz/Motorcentral/VehicleData/GRA-3528ceb6-32b9-44b8-a06c-0dbc9ab517f7-5.jpg,https://www.grandemotors.co.nz/Motorcentral/VehicleData/GRA-3528ceb6-32b9-44b8-a06c-0dbc9ab517f7-6.jpg,https://www.grandemotors.co.nz/Motorcentral/VehicleData/GRA-3528ceb6-32b9-44b8-a06c-0dbc9ab517f7-7.jpg,https://www.grandemotors.co.nz/Motorcentral/VehicleData/GRA-3528ceb6-32b9-44b8-a06c-0dbc9ab517f7-8.jpg,https://www.grandemotors.co.nz/Motorcentral/VehicleData/GRA-3528ceb6-32b9-44b8-a06c-0dbc9ab517f7-9.jpg,https://www.grandemotors.co.nz/Motorcentral/VehicleData/GRA-3528ceb6-32b9-44b8-a06c-0dbc9ab517f7-10.jpg,https://www.grandemotors.co.nz/Motorcentral/VehicleData/GRA-3528ceb6-32b9-44b8-a06c-0dbc9ab517f7-11.jpg,https://www.grandemotors.co.nz/Motorcentral/VehicleData/GRA-3528ceb6-32b9-44b8-a06c-0dbc9ab517f7-12.jpg,https://www.grandemotors.co.nz/Motorcentral/VehicleData/GRA-3528ceb6-32b9-44b8-a06c-0dbc9ab517f7-13.jpg,https://www.grandemotors.co.nz/Motorcentral/VehicleData/GRA-3528ceb6-32b9-44b8-a06c-0dbc9ab517f7-14.jpg,https://www.grandemotors.co.nz/Motorcentral/VehicleData/GRA-3528ceb6-32b9-44b8-a06c-0dbc9ab517f7-15.jpg,https://www.grandemotors.co.nz/Motorcentral/VehicleData/GRA-3528ceb6-32b9-44b8-a06c-0dbc9ab517f7-16.jpg,https://www.grandemotors.co.nz/Motorcentral/VehicleData/GRA-3528ceb6-32b9-44b8-a06c-0dbc9ab517f7-17.jpg,https://www.grandemotors.co.nz/Motorcentral/VehicleData/GRA-3528ceb6-32b9-44b8-a06c-0dbc9ab517f7-18.jpg,https://www.grandemotors.co.nz/Motorcentral/VehicleData/GRA-3528ceb6-32b9-44b8-a06c-0dbc9ab517f7-19.jpg",Toyota,"Vehicles & Parts > Vehicles > Cars, Trucks & Vans",2017,WAGON,HYBRID,Automatic,Grande Motors
13409,2017 Toyota Corolla Fielder.Hybrid.Lane assist.Safety radar.8 Airbags.,"Safety Radar. Engine button start. LKA (Lane Keeping Assistance). 8 SRS Airbags (front, side, rear). 2017 Toyota Corolla Fielder wagon hybrid in Available from Grande Motors Ltd, East Tamaki, Auckland.",in stock,used,16200.00 NZD,https://www.grandemotors.co.nz/vehicle/2017-Toyota-Corolla/13409,https://www.grandemotors.co.nz/Motorcentral/VehicleData/GRA-0f8420aa-2120-4db0-83f6-fcab593652df-1.jpg,"https://www.grandemotors.co.nz/Motorcentral/VehicleData/GRA-0f8420aa-2120-4db0-83f6-fcab593652df-2.jpg,https://www.grandemotors.co.nz/Motorcentral/VehicleData/GRA-0f8420aa-2120-4db0-83f6-fcab593652df-3.jpg,https://www.grandemotors.co.nz/Motorcentral/VehicleData/GRA-0f8420aa-2120-4db0-83f6-fcab593652df-4.jpg,https://www.grandemotors.co.nz/Motorcentral/VehicleData/GRA-0f8420aa-2120-4db0-83f6-fcab593652df-5.jpg,https://www.grandemotors.co.nz/Motorcentral/VehicleData/GRA-0f8420aa-2120-4db0-83f6-fcab593652df-6.jpg,https://www.grandemotors.co.nz/Motorcentral/VehicleData/GRA-0f8420aa-2120-4db0-83f6-fcab593652df-7.jpg,https://www.grandemotors.co.nz/Motorcentral/VehicleData/GRA-0f8420aa-2120-4db0-83f6-fcab593652df-8.jpg,https://www.grandemotors.co.nz/Motorcentral/VehicleData/GRA-0f8420aa-2120-4db0-83f6-fcab593652df-9.jpg,https://www.grandemotors.co.nz/Motorcentral/VehicleData/GRA-0f8420aa-2120-4db0-83f6-fcab593652df-10.jpg,https://www.grandemotors.co.nz/Motorcentral/VehicleData/GRA-0f8420aa-2120-4db0-83f6-fcab593652df-11.jpg,https://www.grandemotors.co.nz/Motorcentral/VehicleData/GRA-0f8420aa-2120-4db0-83f6-fcab593652df-12.jpg,https://www.grandemotors.co.nz/Motorcentral/VehicleData/GRA-0f8420aa-2120-4db0-83f6-fcab593652df-13.jpg,https://www.grandemotors.co.nz/Motorcentral/VehicleData/GRA-0f8420aa-2120-4db0-83f6-fcab593652df-14.jpg,https://www.grandemotors.co.nz/Motorcentral/VehicleData/GRA-0f8420aa-2120-4db0-83f6-fcab593652df-15.jpg,https://www.grandemotors.co.nz/Motorcentral/VehicleData/GRA-0f8420aa-2120-4db0-83f6-fcab593652df-16.jpg,https://www.grandemotors.co.nz/Motorcentral/VehicleData/GRA-0f8420aa-2120-4db0-83f6-fcab593652df-17.jpg,https://www.grandemotors.co.nz/Motorcentral/VehicleData/GRA-0f8420aa-2120-4db0-83f6-fcab593652df-18.jpg,https://www.grandemotors.co.nz/Motorcentral/VehicleData/GRA-0f8420aa-2120-4db0-83f6-fcab593652df-19.jpg",Toyota,"Vehicles & Parts > Vehicles > Cars, Trucks & Vans",2017,WAGON,HYBRID,Automatic,Grande Motors
13491,2017 Toyota Corolla Fielder.Hybrid.Rear camera.8 Airbags.,"Reversing camera. 8 SRS Airbags (front, side, rear). 2017 Toyota Corolla Fielder wagon hybrid in silver colour with dark interior. Japanese imp Available from Grande Motors Ltd, East Tamaki, Auckland.",in stock,used,13900.00 NZD,https://www.grandemotors.co.nz/vehicle/2017-Toyota-Corolla/13491,https://www.grandemotors.co.nz/Motorcentral/VehicleData/GRA-b0ac7812-5389-41ad-b1ec-ddfbe9c47c65-1.jpg,"https://www.grandemotors.co.nz/Motorcentral/VehicleData/GRA-b0ac7812-5389-41ad-b1ec-ddfbe9c47c65-2.jpg,https://www.grandemotors.co.nz/Motorcentral/VehicleData/GRA-b0ac7812-5389-41ad-b1ec-ddfbe9c47c65-3.jpg,https://www.grandemotors.co.nz/Motorcentral/VehicleData/GRA-b0ac7812-5389-41ad-b1ec-ddfbe9c47c65-4.jpg,https://www.grandemotors.co.nz/Motorcentral/VehicleData/GRA-b0ac7812-5389-41ad-b1ec-ddfbe9c47c65-5.jpg,https://www.grandemotors.co.nz/Motorcentral/VehicleData/GRA-b0ac7812-5389-41ad-b1ec-ddfbe9c47c65-6.jpg,https://www.grandemotors.co.nz/Motorcentral/VehicleData/GRA-b0ac7812-5389-41ad-b1ec-ddfbe9c47c65-7.jpg,https://www.grandemotors.co.nz/Motorcentral/VehicleData/GRA-b0ac7812-5389-41ad-b1ec-ddfbe9c47c65-8.jpg,https://www.grandemotors.co.nz/Motorcentral/VehicleData/GRA-b0ac7812-5389-41ad-b1ec-ddfbe9c47c65-9.jpg,https://www.grandemotors.co.nz/Motorcentral/VehicleData/GRA-b0ac7812-5389-41ad-b1ec-ddfbe9c47c65-10.jpg,https://www.grandemotors.co.nz/Motorcentral/VehicleData/GRA-b0ac7812-5389-41ad-b1ec-ddfbe9c47c65-11.jpg,https://www.grandemotors.co.nz/Motorcentral/VehicleData/GRA-b0ac7812-5389-41ad-b1ec-ddfbe9c47c65-12.jpg,https://www.grandemotors.co.nz/Motorcentral/VehicleData/GRA-b0ac7812-5389-41ad-b1ec-ddfbe9c47c65-13.jpg,https://www.grandemotors.co.nz/Motorcentral/VehicleData/GRA-b0ac7812-5389-41ad-b1ec-ddfbe9c47c65-14.jpg,https://www.grandemotors.co.nz/Motorcentral/VehicleData/GRA-b0ac7812-5389-41ad-b1ec-ddfbe9c47c65-15.jpg,https://www.grandemotors.co.nz/Motorcentral/VehicleData/GRA-b0ac7812-5389-41ad-b1ec-ddfbe9c47c65-16.jpg,https://www.grandemotors.co.nz/Motorcentral/VehicleData/GRA-b0ac7812-5389-41ad-b1ec-ddfbe9c47c65-17.jpg,https://www.grandemotors.co.nz/Motorcentral/VehicleData/GRA-b0ac7812-5389-41ad-b1ec-ddfbe9c47c65-18.jpg,https://www.grandemotors.co.nz/Motorcentral/VehicleData/GRA-b0ac7812-5389-41ad-b1ec-ddfbe9c47c65-19.jpg",Toyota,"Vehicles & Parts > Vehicles > Cars, Trucks & Vans",2017,WAGON,HYBRID,Automatic,Grande Motors
13220,2021 Toyota Corolla Fielder.Hybrid.Lane assist.Rear cam.Park sensors.Safety radar.,"Immobilizer. Safety Radar. Engine button start. LKA (Lane Keeping Assistance). 8 SRS Airbags (front, side, rear). 2021 Toyota Corolla Fielder w Available from Grande Motors Ltd, East Tamaki, Auckland.",in stock,used,16500.00 NZD,https://www.grandemotors.co.nz/vehicle/2021-Toyota-Corolla/13220,https://www.grandemotors.co.nz/Motorcentral/VehicleData/GRA-5da0ee09-5e31-4ea8-918b-f51739dfb74d-1.jpg,"https://www.grandemotors.co.nz/Motorcentral/VehicleData/GRA-5da0ee09-5e31-4ea8-918b-f51739dfb74d-2.jpg,https://www.grandemotors.co.nz/Motorcentral/VehicleData/GRA-5da0ee09-5e31-4ea8-918b-f51739dfb74d-3.jpg,https://www.grandemotors.co.nz/Motorcentral/VehicleData/GRA-5da0ee09-5e31-4ea8-918b-f51739dfb74d-4.jpg,https://www.grandemotors.co.nz/Motorcentral/VehicleData/GRA-5da0ee09-5e31-4ea8-918b-f51739dfb74d-5.jpg,https://www.grandemotors.co.nz/Motorcentral/VehicleData/GRA-5da0ee09-5e31-4ea8-918b-f51739dfb74d-6.jpg,https://www.grandemotors.co.nz/Motorcentral/VehicleData/GRA-5da0ee09-5e31-4ea8-918b-f51739dfb74d-7.jpg,https://www.grandemotors.co.nz/Motorcentral/VehicleData/GRA-5da0ee09-5e31-4ea8-918b-f51739dfb74d-8.jpg,https://www.grandemotors.co.nz/Motorcentral/VehicleData/GRA-5da0ee09-5e31-4ea8-918b-f51739dfb74d-9.jpg,https://www.grandemotors.co.nz/Motorcentral/VehicleData/GRA-5da0ee09-5e31-4ea8-918b-f51739dfb74d-10.jpg,https://www.grandemotors.co.nz/Motorcentral/VehicleData/GRA-5da0ee09-5e31-4ea8-918b-f51739dfb74d-11.jpg,https://www.grandemotors.co.nz/Motorcentral/VehicleData/GRA-5da0ee09-5e31-4ea8-918b-f51739dfb74d-12.jpg,https://www.grandemotors.co.nz/Motorcentral/VehicleData/GRA-5da0ee09-5e31-4ea8-918b-f51739dfb74d-13.jpg,https://www.grandemotors.co.nz/Motorcentral/VehicleData/GRA-5da0ee09-5e31-4ea8-918b-f51739dfb74d-14.jpg,https://www.grandemotors.co.nz/Motorcentral/VehicleData/GRA-5da0ee09-5e31-4ea8-918b-f51739dfb74d-15.jpg,https://www.grandemotors.co.nz/Motorcentral/VehicleData/GRA-5da0ee09-5e31-4ea8-918b-f51739dfb74d-16.jpg,https://www.grandemotors.co.nz/Motorcentral/VehicleData/GRA-5da0ee09-5e31-4ea8-918b-f51739dfb74d-17.jpg,https://www.grandemotors.co.nz/Motorcentral/VehicleData/GRA-5da0ee09-5e31-4ea8-918b-f51739dfb74d-18.jpg,https://www.grandemotors.co.nz/Motorcentral/VehicleData/GRA-5da0ee09-5e31-4ea8-918b-f51739dfb74d-19.jpg",Toyota,"Vehicles & Parts > Vehicles > Cars, Trucks & Vans",2021,HATCHBACK,HYBRID,Automatic,Grande Motors
13569,2021 Toyota Corolla G.Touring.Hybrid.Lane assist.Radar cruise.Park sens.Rear cam.,"Immobilizer. Engine button start. RCC (Radar Cruise Control). LKA (Lane Keeping Assistance). 8 SRS Airbags (front, side, rear). 2021 Toyota Cor Available from Grande Motors Ltd, East Tamaki, Auckland.",in stock,used,22900.00 NZD,https://www.grandemotors.co.nz/vehicle/2021-Toyota-Corolla/13569,https://www.grandemotors.co.nz/Motorcentral/VehicleData/GRA-2ba4569c-1422-4b91-b35d-ae5f407ce07a-1.jpg,"https://www.grandemotors.co.nz/Motorcentral/VehicleData/GRA-2ba4569c-1422-4b91-b35d-ae5f407ce07a-2.jpg,https://www.grandemotors.co.nz/Motorcentral/VehicleData/GRA-2ba4569c-1422-4b91-b35d-ae5f407ce07a-3.jpg,https://www.grandemotors.co.nz/Motorcentral/VehicleData/GRA-2ba4569c-1422-4b91-b35d-ae5f407ce07a-4.jpg,https://www.grandemotors.co.nz/Motorcentral/VehicleData/GRA-2ba4569c-1422-4b91-b35d-ae5f407ce07a-5.jpg,https://www.grandemotors.co.nz/Motorcentral/VehicleData/GRA-2ba4569c-1422-4b91-b35d-ae5f407ce07a-6.jpg,https://www.grandemotors.co.nz/Motorcentral/VehicleData/GRA-2ba4569c-1422-4b91-b35d-ae5f407ce07a-7.jpg,https://www.grandemotors.co.nz/Motorcentral/VehicleData/GRA-2ba4569c-1422-4b91-b35d-ae5f407ce07a-8.jpg,https://www.grandemotors.co.nz/Motorcentral/VehicleData/GRA-2ba4569c-1422-4b91-b35d-ae5f407ce07a-9.jpg,https://www.grandemotors.co.nz/Motorcentral/VehicleData/GRA-2ba4569c-1422-4b91-b35d-ae5f407ce07a-10.jpg,https://www.grandemotors.co.nz/Motorcentral/VehicleData/GRA-2ba4569c-1422-4b91-b35d-ae5f407ce07a-11.jpg,https://www.grandemotors.co.nz/Motorcentral/VehicleData/GRA-2ba4569c-1422-4b91-b35d-ae5f407ce07a-12.jpg,https://www.grandemotors.co.nz/Motorcentral/VehicleData/GRA-2ba4569c-1422-4b91-b35d-ae5f407ce07a-13.jpg,https://www.grandemotors.co.nz/Motorcentral/VehicleData/GRA-2ba4569c-1422-4b91-b35d-ae5f407ce07a-14.jpg,https://www.grandemotors.co.nz/Motorcentral/VehicleData/GRA-2ba4569c-1422-4b91-b35d-ae5f407ce07a-15.jpg,https://www.grandemotors.co.nz/Motorcentral/VehicleData/GRA-2ba4569c-1422-4b91-b35d-ae5f407ce07a-16.jpg,https://www.grandemotors.co.nz/Motorcentral/VehicleData/GRA-2ba4569c-1422-4b91-b35d-ae5f407ce07a-17.jpg,https://www.grandemotors.co.nz/Motorcentral/VehicleData/GRA-2ba4569c-1422-4b91-b35d-ae5f407ce07a-18.jpg,https://www.grandemotors.co.nz/Motorcentral/VehicleData/GRA-2ba4569c-1422-4b91-b35d-ae5f407ce07a-19.jpg",Toyota,"Vehicles & Parts > Vehicles > Cars, Trucks & Vans",2021,WAGON,HYBRID,Automatic,Grande Motors
13589,2022 Toyota Corolla Fielder.Hybrid.Lane assist.Safety radar.Park sens.8 Airbags.Button start.,"Safety Radar. Engine button start. LKA (Lane Keeping Assistance). 8 SRS Airbags (front, side, rear). 2022 Toyota Corolla Fielder wagon hybrid in Available from Grande Motors Ltd, East Tamaki, Auckland.",in stock,used,18500.00 NZD,https://www.grandemotors.co.nz/vehicle/2022-Toyota-Corolla/13589,https://www.grandemotors.co.nz/Motorcentral/VehicleData/GRA-7d609799-e516-4ea3-9006-e59dfd7d24d9-1.jpg,"https://www.grandemotors.co.nz/Motorcentral/VehicleData/GRA-7d609799-e516-4ea3-9006-e59dfd7d24d9-2.jpg,https://www.grandemotors.co.nz/Motorcentral/VehicleData/GRA-7d609799-e516-4ea3-9006-e59dfd7d24d9-3.jpg,https://www.grandemotors.co.nz/Motorcentral/VehicleData/GRA-7d609799-e516-4ea3-9006-e59dfd7d24d9-4.jpg,https://www.grandemotors.co.nz/Motorcentral/VehicleData/GRA-7d609799-e516-4ea3-9006-e59dfd7d24d9-5.jpg,https://www.grandemotors.co.nz/Motorcentral/VehicleData/GRA-7d609799-e516-4ea3-9006-e59dfd7d24d9-6.jpg,https://www.grandemotors.co.nz/Motorcentral/VehicleData/GRA-7d609799-e516-4ea3-9006-e59dfd7d24d9-7.jpg,https://www.grandemotors.co.nz/Motorcentral/VehicleData/GRA-7d609799-e516-4ea3-9006-e59dfd7d24d9-8.jpg,https://www.grandemotors.co.nz/Motorcentral/VehicleData/GRA-7d609799-e516-4ea3-9006-e59dfd7d24d9-9.jpg,https://www.grandemotors.co.nz/Motorcentral/VehicleData/GRA-7d609799-e516-4ea3-9006-e59dfd7d24d9-10.jpg,https://www.grandemotors.co.nz/Motorcentral/VehicleData/GRA-7d609799-e516-4ea3-9006-e59dfd7d24d9-11.jpg,https://www.grandemotors.co.nz/Motorcentral/VehicleData/GRA-7d609799-e516-4ea3-9006-e59dfd7d24d9-12.jpg,https://www.grandemotors.co.nz/Motorcentral/VehicleData/GRA-7d609799-e516-4ea3-9006-e59dfd7d24d9-13.jpg,https://www.grandemotors.co.nz/Motorcentral/VehicleData/GRA-7d609799-e516-4ea3-9006-e59dfd7d24d9-14.jpg,https://www.grandemotors.co.nz/Motorcentral/VehicleData/GRA-7d609799-e516-4ea3-9006-e59dfd7d24d9-15.jpg,https://www.grandemotors.co.nz/Motorcentral/VehicleData/GRA-7d609799-e516-4ea3-9006-e59dfd7d24d9-16.jpg,https://www.grandemotors.co.nz/Motorcentral/VehicleData/GRA-7d609799-e516-4ea3-9006-e59dfd7d24d9-17.jpg,https://www.grandemotors.co.nz/Motorcentral/VehicleData/GRA-7d609799-e516-4ea3-9006-e59dfd7d24d9-18.jpg",Toyota,"Vehicles & Parts > Vehicles > Cars, Trucks & Vans",2022,WAGON,HYBRID,Automatic,Grande Motors
13219,2023 Toyota Corolla Fielder.Hybrid.Lane assist.Rear cam.Park sensors.Safety radar.,"Immobilizer. Safety Radar. Engine button start. LKA (Lane Keeping Assistance). 8 SRS Airbags (front, side, rear). 2023 Toyota Corolla Fielder w Available from Grande Motors Ltd, East Tamaki, Auckland.",in stock,used,20900.00 NZD,https://www.grandemotors.co.nz/vehicle/2023-Toyota-Corolla/13219,https://www.grandemotors.co.nz/Motorcentral/VehicleData/GRA-95d2b9b5-432d-4dd2-b611-cb8723646e90-1.jpg,"https://www.grandemotors.co.nz/Motorcentral/VehicleData/GRA-95d2b9b5-432d-4dd2-b611-cb8723646e90-2.jpg,https://www.grandemotors.co.nz/Motorcentral/VehicleData/GRA-95d2b9b5-432d-4dd2-b611-cb8723646e90-3.jpg,https://www.grandemotors.co.nz/Motorcentral/VehicleData/GRA-95d2b9b5-432d-4dd2-b611-cb8723646e90-4.jpg,https://www.grandemotors.co.nz/Motorcentral/VehicleData/GRA-95d2b9b5-432d-4dd2-b611-cb8723646e90-5.jpg,https://www.grandemotors.co.nz/Motorcentral/VehicleData/GRA-95d2b9b5-432d-4dd2-b611-cb8723646e90-6.jpg,https://www.grandemotors.co.nz/Motorcentral/VehicleData/GRA-95d2b9b5-432d-4dd2-b611-cb8723646e90-7.jpg,https://www.grandemotors.co.nz/Motorcentral/VehicleData/GRA-95d2b9b5-432d-4dd2-b611-cb8723646e90-8.jpg,https://www.grandemotors.co.nz/Motorcentral/VehicleData/GRA-95d2b9b5-432d-4dd2-b611-cb8723646e90-9.jpg,https://www.grandemotors.co.nz/Motorcentral/VehicleData/GRA-95d2b9b5-432d-4dd2-b611-cb8723646e90-10.jpg,https://www.grandemotors.co.nz/Motorcentral/VehicleData/GRA-95d2b9b5-432d-4dd2-b611-cb8723646e90-11.jpg,https://www.grandemotors.co.nz/Motorcentral/VehicleData/GRA-95d2b9b5-432d-4dd2-b611-cb8723646e90-12.jpg,https://www.grandemotors.co.nz/Motorcentral/VehicleData/GRA-95d2b9b5-432d-4dd2-b611-cb8723646e90-13.jpg,https://www.grandemotors.co.nz/Motorcentral/VehicleData/GRA-95d2b9b5-432d-4dd2-b611-cb8723646e90-14.jpg,https://www.grandemotors.co.nz/Motorcentral/VehicleData/GRA-95d2b9b5-432d-4dd2-b611-cb8723646e90-15.jpg,https://www.grandemotors.co.nz/Motorcentral/VehicleData/GRA-95d2b9b5-432d-4dd2-b611-cb8723646e90-16.jpg,https://www.grandemotors.co.nz/Motorcentral/VehicleData/GRA-95d2b9b5-432d-4dd2-b611-cb8723646e90-17.jpg,https://www.grandemotors.co.nz/Motorcentral/VehicleData/GRA-95d2b9b5-432d-4dd2-b611-cb8723646e90-18.jpg",Toyota,"Vehicles & Parts > Vehicles > Cars, Trucks & Vans",2023,WAGON,HYBRID,Automatic,Grande Motors
13439,2023 Toyota Corolla Touring.Hybrid.Lane assist..Safety Radar.Radar cruise.Rear cam.8 Airbags.,"Immobilizer. Engine button start. RCC (Radar Cruise Control). LKA (Lane Keeping Assistance). 8 SRS Airbags (front, side, rear). 2023 Toyota Cor Available from Grande Motors Ltd, East Tamaki, Auckland.",in stock,used,24900.00 NZD,https://www.grandemotors.co.nz/vehicle/2023-Toyota-Corolla/13439,https://www.grandemotors.co.nz/Motorcentral/VehicleData/GRA-3e096e3a-47b7-4ae7-ae18-21e9ac08b770-1.jpg,"https://www.grandemotors.co.nz/Motorcentral/VehicleData/GRA-3e096e3a-47b7-4ae7-ae18-21e9ac08b770-2.jpg,https://www.grandemotors.co.nz/Motorcentral/VehicleData/GRA-3e096e3a-47b7-4ae7-ae18-21e9ac08b770-3.jpg,https://www.grandemotors.co.nz/Motorcentral/VehicleData/GRA-3e096e3a-47b7-4ae7-ae18-21e9ac08b770-4.jpg,https://www.grandemotors.co.nz/Motorcentral/VehicleData/GRA-3e096e3a-47b7-4ae7-ae18-21e9ac08b770-5.jpg,https://www.grandemotors.co.nz/Motorcentral/VehicleData/GRA-3e096e3a-47b7-4ae7-ae18-21e9ac08b770-6.jpg,https://www.grandemotors.co.nz/Motorcentral/VehicleData/GRA-3e096e3a-47b7-4ae7-ae18-21e9ac08b770-7.jpg,https://www.grandemotors.co.nz/Motorcentral/VehicleData/GRA-3e096e3a-47b7-4ae7-ae18-21e9ac08b770-8.jpg,https://www.grandemotors.co.nz/Motorcentral/VehicleData/GRA-3e096e3a-47b7-4ae7-ae18-21e9ac08b770-9.jpg,https://www.grandemotors.co.nz/Motorcentral/VehicleData/GRA-3e096e3a-47b7-4ae7-ae18-21e9ac08b770-10.jpg,https://www.grandemotors.co.nz/Motorcentral/VehicleData/GRA-3e096e3a-47b7-4ae7-ae18-21e9ac08b770-11.jpg,https://www.grandemotors.co.nz/Motorcentral/VehicleData/GRA-3e096e3a-47b7-4ae7-ae18-21e9ac08b770-12.jpg,https://www.grandemotors.co.nz/Motorcentral/VehicleData/GRA-3e096e3a-47b7-4ae7-ae18-21e9ac08b770-13.jpg,https://www.grandemotors.co.nz/Motorcentral/VehicleData/GRA-3e096e3a-47b7-4ae7-ae18-21e9ac08b770-14.jpg,https://www.grandemotors.co.nz/Motorcentral/VehicleData/GRA-3e096e3a-47b7-4ae7-ae18-21e9ac08b770-15.jpg,https://www.grandemotors.co.nz/Motorcentral/VehicleData/GRA-3e096e3a-47b7-4ae7-ae18-21e9ac08b770-16.jpg,https://www.grandemotors.co.nz/Motorcentral/VehicleData/GRA-3e096e3a-47b7-4ae7-ae18-21e9ac08b770-17.jpg,https://www.grandemotors.co.nz/Motorcentral/VehicleData/GRA-3e096e3a-47b7-4ae7-ae18-21e9ac08b770-18.jpg,https://www.grandemotors.co.nz/Motorcentral/VehicleData/GRA-3e096e3a-47b7-4ae7-ae18-21e9ac08b770-19.jpg",Toyota,"Vehicles & Parts > Vehicles > Cars, Trucks & Vans",2023,WAGON,HYBRID,Automatic,Grande Motors
13397,2001 Toyota Crown Royal Saloon.SRS Airbags.,"Cambelt changed at 93000km. 2001 Toyota Crown Royal Saloon in Pearl White colour with grey interior. Japanese import, 2500cc engine provides per Available from Grande Motors Ltd, East Tamaki, Auckland.",in stock,used,13500.00 NZD,https://www.grandemotors.co.nz/vehicle/2001-Toyota-Crown/13397,https://www.grandemotors.co.nz/Motorcentral/VehicleData/GRA-4a7b6cb7-46c5-4021-ba67-5f87c00bfb27-1.jpg,"https://www.grandemotors.co.nz/Motorcentral/VehicleData/GRA-4a7b6cb7-46c5-4021-ba67-5f87c00bfb27-2.jpg,https://www.grandemotors.co.nz/Motorcentral/VehicleData/GRA-4a7b6cb7-46c5-4021-ba67-5f87c00bfb27-3.jpg,https://www.grandemotors.co.nz/Motorcentral/VehicleData/GRA-4a7b6cb7-46c5-4021-ba67-5f87c00bfb27-4.jpg,https://www.grandemotors.co.nz/Motorcentral/VehicleData/GRA-4a7b6cb7-46c5-4021-ba67-5f87c00bfb27-5.jpg,https://www.grandemotors.co.nz/Motorcentral/VehicleData/GRA-4a7b6cb7-46c5-4021-ba67-5f87c00bfb27-6.jpg,https://www.grandemotors.co.nz/Motorcentral/VehicleData/GRA-4a7b6cb7-46c5-4021-ba67-5f87c00bfb27-7.jpg,https://www.grandemotors.co.nz/Motorcentral/VehicleData/GRA-4a7b6cb7-46c5-4021-ba67-5f87c00bfb27-8.jpg,https://www.grandemotors.co.nz/Motorcentral/VehicleData/GRA-4a7b6cb7-46c5-4021-ba67-5f87c00bfb27-9.jpg,https://www.grandemotors.co.nz/Motorcentral/VehicleData/GRA-4a7b6cb7-46c5-4021-ba67-5f87c00bfb27-10.jpg,https://www.grandemotors.co.nz/Motorcentral/VehicleData/GRA-4a7b6cb7-46c5-4021-ba67-5f87c00bfb27-11.jpg,https://www.grandemotors.co.nz/Motorcentral/VehicleData/GRA-4a7b6cb7-46c5-4021-ba67-5f87c00bfb27-12.jpg,https://www.grandemotors.co.nz/Motorcentral/VehicleData/GRA-4a7b6cb7-46c5-4021-ba67-5f87c00bfb27-13.jpg,https://www.grandemotors.co.nz/Motorcentral/VehicleData/GRA-4a7b6cb7-46c5-4021-ba67-5f87c00bfb27-14.jpg,https://www.grandemotors.co.nz/Motorcentral/VehicleData/GRA-4a7b6cb7-46c5-4021-ba67-5f87c00bfb27-15.jpg,https://www.grandemotors.co.nz/Motorcentral/VehicleData/GRA-4a7b6cb7-46c5-4021-ba67-5f87c00bfb27-16.jpg",Toyota,"Vehicles & Parts > Vehicles > Cars, Trucks & Vans",2001,SEDAN,GASOLINE,Automatic,Grande Motors
13148,2004 Toyota Crown Majesta V8.Cruise control.Rear camera.,"Immobilizer. Cruise control. Engine button start. 2006 Toyota Crown Majesta in Silver colour with black interior. Japanese import, 4600cc chai Available from Grande Motors Ltd, East Tamaki, Auckland.",in stock,used,16900.00 NZD,https://www.grandemotors.co.nz/vehicle/2004-Toyota-Crown/13148,https://www.grandemotors.co.nz/Motorcentral/VehicleData/GRA-5e3cd6e1-9b6b-4281-9915-af6fb61fef48-1.jpg,"https://www.grandemotors.co.nz/Motorcentral/VehicleData/GRA-5e3cd6e1-9b6b-4281-9915-af6fb61fef48-2.jpg,https://www.grandemotors.co.nz/Motorcentral/VehicleData/GRA-5e3cd6e1-9b6b-4281-9915-af6fb61fef48-3.jpg,https://www.grandemotors.co.nz/Motorcentral/VehicleData/GRA-5e3cd6e1-9b6b-4281-9915-af6fb61fef48-4.jpg,https://www.grandemotors.co.nz/Motorcentral/VehicleData/GRA-5e3cd6e1-9b6b-4281-9915-af6fb61fef48-5.jpg,https://www.grandemotors.co.nz/Motorcentral/VehicleData/GRA-5e3cd6e1-9b6b-4281-9915-af6fb61fef48-6.jpg,https://www.grandemotors.co.nz/Motorcentral/VehicleData/GRA-5e3cd6e1-9b6b-4281-9915-af6fb61fef48-7.jpg,https://www.grandemotors.co.nz/Motorcentral/VehicleData/GRA-5e3cd6e1-9b6b-4281-9915-af6fb61fef48-8.jpg,https://www.grandemotors.co.nz/Motorcentral/VehicleData/GRA-5e3cd6e1-9b6b-4281-9915-af6fb61fef48-9.jpg,https://www.grandemotors.co.nz/Motorcentral/VehicleData/GRA-5e3cd6e1-9b6b-4281-9915-af6fb61fef48-10.jpg,https://www.grandemotors.co.nz/Motorcentral/VehicleData/GRA-5e3cd6e1-9b6b-4281-9915-af6fb61fef48-11.jpg,https://www.grandemotors.co.nz/Motorcentral/VehicleData/GRA-5e3cd6e1-9b6b-4281-9915-af6fb61fef48-12.jpg,https://www.grandemotors.co.nz/Motorcentral/VehicleData/GRA-5e3cd6e1-9b6b-4281-9915-af6fb61fef48-13.jpg,https://www.grandemotors.co.nz/Motorcentral/VehicleData/GRA-5e3cd6e1-9b6b-4281-9915-af6fb61fef48-14.jpg,https://www.grandemotors.co.nz/Motorcentral/VehicleData/GRA-5e3cd6e1-9b6b-4281-9915-af6fb61fef48-15.jpg,https://www.grandemotors.co.nz/Motorcentral/VehicleData/GRA-5e3cd6e1-9b6b-4281-9915-af6fb61fef48-16.jpg,https://www.grandemotors.co.nz/Motorcentral/VehicleData/GRA-5e3cd6e1-9b6b-4281-9915-af6fb61fef48-17.jpg,https://www.grandemotors.co.nz/Motorcentral/VehicleData/GRA-5e3cd6e1-9b6b-4281-9915-af6fb61fef48-18.jpg,https://www.grandemotors.co.nz/Motorcentral/VehicleData/GRA-5e3cd6e1-9b6b-4281-9915-af6fb61fef48-19.jpg",Toyota,"Vehicles & Parts > Vehicles > Cars, Trucks & Vans",2004,SEDAN,OTHER,Automatic,Grande Motors
12776,2005 Toyota Crown Royal Saloon.Reversing Camera.SRS Airbags,"Very LOW KM. Immobilizer. Engine button start. Perfect example of a pristine Toyota Crown very low KM 2005 Toyota Crown in Silver colour with Available from Grande Motors Ltd, East Tamaki, Auckland.",in stock,used,10900.00 NZD,https://www.grandemotors.co.nz/vehicle/2005-Toyota-Crown/12776,https://www.grandemotors.co.nz/Motorcentral/VehicleData/GRA-e950720f-47a0-42be-a976-06f1176d9019-1.jpg,"https://www.grandemotors.co.nz/Motorcentral/VehicleData/GRA-e950720f-47a0-42be-a976-06f1176d9019-2.jpg,https://www.grandemotors.co.nz/Motorcentral/VehicleData/GRA-e950720f-47a0-42be-a976-06f1176d9019-3.jpg,https://www.grandemotors.co.nz/Motorcentral/VehicleData/GRA-e950720f-47a0-42be-a976-06f1176d9019-4.jpg,https://www.grandemotors.co.nz/Motorcentral/VehicleData/GRA-e950720f-47a0-42be-a976-06f1176d9019-5.jpg,https://www.grandemotors.co.nz/Motorcentral/VehicleData/GRA-e950720f-47a0-42be-a976-06f1176d9019-6.jpg,https://www.grandemotors.co.nz/Motorcentral/VehicleData/GRA-e950720f-47a0-42be-a976-06f1176d9019-7.jpg,https://www.grandemotors.co.nz/Motorcentral/VehicleData/GRA-e950720f-47a0-42be-a976-06f1176d9019-8.jpg,https://www.grandemotors.co.nz/Motorcentral/VehicleData/GRA-e950720f-47a0-42be-a976-06f1176d9019-9.jpg,https://www.grandemotors.co.nz/Motorcentral/VehicleData/GRA-e950720f-47a0-42be-a976-06f1176d9019-10.jpg,https://www.grandemotors.co.nz/Motorcentral/VehicleData/GRA-e950720f-47a0-42be-a976-06f1176d9019-11.jpg,https://www.grandemotors.co.nz/Motorcentral/VehicleData/GRA-e950720f-47a0-42be-a976-06f1176d9019-12.jpg,https://www.grandemotors.co.nz/Motorcentral/VehicleData/GRA-e950720f-47a0-42be-a976-06f1176d9019-13.jpg,https://www.grandemotors.co.nz/Motorcentral/VehicleData/GRA-e950720f-47a0-42be-a976-06f1176d9019-14.jpg,https://www.grandemotors.co.nz/Motorcentral/VehicleData/GRA-e950720f-47a0-42be-a976-06f1176d9019-15.jpg,https://www.grandemotors.co.nz/Motorcentral/VehicleData/GRA-e950720f-47a0-42be-a976-06f1176d9019-16.jpg,https://www.grandemotors.co.nz/Motorcentral/VehicleData/GRA-e950720f-47a0-42be-a976-06f1176d9019-17.jpg,https://www.grandemotors.co.nz/Motorcentral/VehicleData/GRA-e950720f-47a0-42be-a976-06f1176d9019-18.jpg,https://www.grandemotors.co.nz/Motorcentral/VehicleData/GRA-e950720f-47a0-42be-a976-06f1176d9019-19.jpg,https://www.grandemotors.co.nz/Motorcentral/VehicleData/GRA-e950720f-47a0-42be-a976-06f1176d9019-20.jpg",Toyota,"Vehicles & Parts > Vehicles > Cars, Trucks & Vans",2005,SEDAN,GASOLINE,Automatic,Grande Motors
13130,2005 Toyota Crown Athlete.50th Anniversary.Cruise control.Rear camera.,"Immobilizer. Engine button start. Alloy wheels with brand new tires. 2005 Toyota Crown Athlete in Pearl White colour with black interior. Jap Available from Grande Motors Ltd, East Tamaki, Auckland.",in stock,used,11900.00 NZD,https://www.grandemotors.co.nz/vehicle/2005-Toyota-Crown/13130,https://www.grandemotors.co.nz/Motorcentral/VehicleData/GRA-15a5f76d-c265-4239-a791-9759c52b95e0-1.jpg,"https://www.grandemotors.co.nz/Motorcentral/VehicleData/GRA-15a5f76d-c265-4239-a791-9759c52b95e0-2.jpg,https://www.grandemotors.co.nz/Motorcentral/VehicleData/GRA-15a5f76d-c265-4239-a791-9759c52b95e0-3.jpg,https://www.grandemotors.co.nz/Motorcentral/VehicleData/GRA-15a5f76d-c265-4239-a791-9759c52b95e0-4.jpg,https://www.grandemotors.co.nz/Motorcentral/VehicleData/GRA-15a5f76d-c265-4239-a791-9759c52b95e0-5.jpg,https://www.grandemotors.co.nz/Motorcentral/VehicleData/GRA-15a5f76d-c265-4239-a791-9759c52b95e0-6.jpg,https://www.grandemotors.co.nz/Motorcentral/VehicleData/GRA-15a5f76d-c265-4239-a791-9759c52b95e0-7.jpg,https://www.grandemotors.co.nz/Motorcentral/VehicleData/GRA-15a5f76d-c265-4239-a791-9759c52b95e0-8.jpg,https://www.grandemotors.co.nz/Motorcentral/VehicleData/GRA-15a5f76d-c265-4239-a791-9759c52b95e0-9.jpg,https://www.grandemotors.co.nz/Motorcentral/VehicleData/GRA-15a5f76d-c265-4239-a791-9759c52b95e0-10.jpg,https://www.grandemotors.co.nz/Motorcentral/VehicleData/GRA-15a5f76d-c265-4239-a791-9759c52b95e0-11.jpg,https://www.grandemotors.co.nz/Motorcentral/VehicleData/GRA-15a5f76d-c265-4239-a791-9759c52b95e0-12.jpg,https://www.grandemotors.co.nz/Motorcentral/VehicleData/GRA-15a5f76d-c265-4239-a791-9759c52b95e0-13.jpg,https://www.grandemotors.co.nz/Motorcentral/VehicleData/GRA-15a5f76d-c265-4239-a791-9759c52b95e0-14.jpg,https://www.grandemotors.co.nz/Motorcentral/VehicleData/GRA-15a5f76d-c265-4239-a791-9759c52b95e0-15.jpg,https://www.grandemotors.co.nz/Motorcentral/VehicleData/GRA-15a5f76d-c265-4239-a791-9759c52b95e0-16.jpg,https://www.grandemotors.co.nz/Motorcentral/VehicleData/GRA-15a5f76d-c265-4239-a791-9759c52b95e0-17.jpg,https://www.grandemotors.co.nz/Motorcentral/VehicleData/GRA-15a5f76d-c265-4239-a791-9759c52b95e0-18.jpg,https://www.grandemotors.co.nz/Motorcentral/VehicleData/GRA-15a5f76d-c265-4239-a791-9759c52b95e0-19.jpg,https://www.grandemotors.co.nz/Motorcentral/VehicleData/GRA-15a5f76d-c265-4239-a791-9759c52b95e0-20.jpg",Toyota,"Vehicles & Parts > Vehicles > Cars, Trucks & Vans",2005,SEDAN,GASOLINE,Automatic,Grande Motors
13181,2005 Toyota Crown Athlete.50th Anniversary.Rear cam.Cruise control.,"Immobilizer. Engine button start. 2005 Toyota Crown Athlete in Silver colour with black interior. Japanese import, 2500cc engine provides perfe Available from Grande Motors Ltd, East Tamaki, Auckland.",in stock,used,11950.00 NZD,https://www.grandemotors.co.nz/vehicle/2005-Toyota-Crown/13181,https://www.grandemotors.co.nz/Motorcentral/VehicleData/GRA-66f86fe5-7715-43e7-89f0-1fc93e569f73-1.jpg,"https://www.grandemotors.co.nz/Motorcentral/VehicleData/GRA-66f86fe5-7715-43e7-89f0-1fc93e569f73-2.jpg,https://www.grandemotors.co.nz/Motorcentral/VehicleData/GRA-66f86fe5-7715-43e7-89f0-1fc93e569f73-3.jpg,https://www.grandemotors.co.nz/Motorcentral/VehicleData/GRA-66f86fe5-7715-43e7-89f0-1fc93e569f73-4.jpg,https://www.grandemotors.co.nz/Motorcentral/VehicleData/GRA-66f86fe5-7715-43e7-89f0-1fc93e569f73-5.jpg,https://www.grandemotors.co.nz/Motorcentral/VehicleData/GRA-66f86fe5-7715-43e7-89f0-1fc93e569f73-6.jpg,https://www.grandemotors.co.nz/Motorcentral/VehicleData/GRA-66f86fe5-7715-43e7-89f0-1fc93e569f73-7.jpg,https://www.grandemotors.co.nz/Motorcentral/VehicleData/GRA-66f86fe5-7715-43e7-89f0-1fc93e569f73-8.jpg,https://www.grandemotors.co.nz/Motorcentral/VehicleData/GRA-66f86fe5-7715-43e7-89f0-1fc93e569f73-9.jpg,https://www.grandemotors.co.nz/Motorcentral/VehicleData/GRA-66f86fe5-7715-43e7-89f0-1fc93e569f73-10.jpg,https://www.grandemotors.co.nz/Motorcentral/VehicleData/GRA-66f86fe5-7715-43e7-89f0-1fc93e569f73-11.jpg,https://www.grandemotors.co.nz/Motorcentral/VehicleData/GRA-66f86fe5-7715-43e7-89f0-1fc93e569f73-12.jpg,https://www.grandemotors.co.nz/Motorcentral/VehicleData/GRA-66f86fe5-7715-43e7-89f0-1fc93e569f73-13.jpg,https://www.grandemotors.co.nz/Motorcentral/VehicleData/GRA-66f86fe5-7715-43e7-89f0-1fc93e569f73-14.jpg,https://www.grandemotors.co.nz/Motorcentral/VehicleData/GRA-66f86fe5-7715-43e7-89f0-1fc93e569f73-15.jpg,https://www.grandemotors.co.nz/Motorcentral/VehicleData/GRA-66f86fe5-7715-43e7-89f0-1fc93e569f73-16.jpg,https://www.grandemotors.co.nz/Motorcentral/VehicleData/GRA-66f86fe5-7715-43e7-89f0-1fc93e569f73-17.jpg,https://www.grandemotors.co.nz/Motorcentral/VehicleData/GRA-66f86fe5-7715-43e7-89f0-1fc93e569f73-18.jpg,https://www.grandemotors.co.nz/Motorcentral/VehicleData/GRA-66f86fe5-7715-43e7-89f0-1fc93e569f73-19.jpg,https://www.grandemotors.co.nz/Motorcentral/VehicleData/GRA-66f86fe5-7715-43e7-89f0-1fc93e569f73-20.jpg",Toyota,"Vehicles & Parts > Vehicles > Cars, Trucks & Vans",2005,SEDAN,GASOLINE,Automatic,Grande Motors
13488,2005 Toyota Crown Athlete G.Leather.Cruise control.8 Airbags.Alarm.Rear cam.,"Immobilizer. Cruise control. Engine button start. 2005 Toyota Crown Athlete in Silver colour with dark interior. Japanese import, 3500cc chain Available from Grande Motors Ltd, East Tamaki, Auckland.",in stock,used,14500.00 NZD,https://www.grandemotors.co.nz/vehicle/2005-Toyota-Crown/13488,https://www.grandemotors.co.nz/Motorcentral/VehicleData/GRA-fb99d441-1d68-4436-896c-78afc1f0b920-1.jpg,"https://www.grandemotors.co.nz/Motorcentral/VehicleData/GRA-fb99d441-1d68-4436-896c-78afc1f0b920-2.jpg,https://www.grandemotors.co.nz/Motorcentral/VehicleData/GRA-fb99d441-1d68-4436-896c-78afc1f0b920-3.jpg,https://www.grandemotors.co.nz/Motorcentral/VehicleData/GRA-fb99d441-1d68-4436-896c-78afc1f0b920-4.jpg,https://www.grandemotors.co.nz/Motorcentral/VehicleData/GRA-fb99d441-1d68-4436-896c-78afc1f0b920-5.jpg,https://www.grandemotors.co.nz/Motorcentral/VehicleData/GRA-fb99d441-1d68-4436-896c-78afc1f0b920-6.jpg,https://www.grandemotors.co.nz/Motorcentral/VehicleData/GRA-fb99d441-1d68-4436-896c-78afc1f0b920-7.jpg,https://www.grandemotors.co.nz/Motorcentral/VehicleData/GRA-fb99d441-1d68-4436-896c-78afc1f0b920-8.jpg,https://www.grandemotors.co.nz/Motorcentral/VehicleData/GRA-fb99d441-1d68-4436-896c-78afc1f0b920-9.jpg,https://www.grandemotors.co.nz/Motorcentral/VehicleData/GRA-fb99d441-1d68-4436-896c-78afc1f0b920-10.jpg,https://www.grandemotors.co.nz/Motorcentral/VehicleData/GRA-fb99d441-1d68-4436-896c-78afc1f0b920-11.jpg,https://www.grandemotors.co.nz/Motorcentral/VehicleData/GRA-fb99d441-1d68-4436-896c-78afc1f0b920-12.jpg,https://www.grandemotors.co.nz/Motorcentral/VehicleData/GRA-fb99d441-1d68-4436-896c-78afc1f0b920-13.jpg,https://www.grandemotors.co.nz/Motorcentral/VehicleData/GRA-fb99d441-1d68-4436-896c-78afc1f0b920-14.jpg,https://www.grandemotors.co.nz/Motorcentral/VehicleData/GRA-fb99d441-1d68-4436-896c-78afc1f0b920-15.jpg,https://www.grandemotors.co.nz/Motorcentral/VehicleData/GRA-fb99d441-1d68-4436-896c-78afc1f0b920-16.jpg,https://www.grandemotors.co.nz/Motorcentral/VehicleData/GRA-fb99d441-1d68-4436-896c-78afc1f0b920-17.jpg,https://www.grandemotors.co.nz/Motorcentral/VehicleData/GRA-fb99d441-1d68-4436-896c-78afc1f0b920-18.jpg,https://www.grandemotors.co.nz/Motorcentral/VehicleData/GRA-fb99d441-1d68-4436-896c-78afc1f0b920-19.jpg",Toyota,"Vehicles & Parts > Vehicles > Cars, Trucks & Vans",2005,SEDAN,GASOLINE,Automatic,Grande Motors
12720,2006 Toyota Crown Athlete.Cruise control.Alarm.,"CERTIFIED LOW KM. Immobilizer. Engine button start. 2006 Toyota Crown Athlete in Silver colour with black interior. Japanese import, 3500cc Available from Grande Motors Ltd, East Tamaki, Auckland.",in stock,used,15500.00 NZD,https://www.grandemotors.co.nz/vehicle/2006-Toyota-Crown/12720,https://www.grandemotors.co.nz/Motorcentral/VehicleData/GRA-bc684237-2639-40bd-9621-340dd9201ee8-1.jpg,"https://www.grandemotors.co.nz/Motorcentral/VehicleData/GRA-bc684237-2639-40bd-9621-340dd9201ee8-2.jpg,https://www.grandemotors.co.nz/Motorcentral/VehicleData/GRA-bc684237-2639-40bd-9621-340dd9201ee8-3.jpg,https://www.grandemotors.co.nz/Motorcentral/VehicleData/GRA-bc684237-2639-40bd-9621-340dd9201ee8-4.jpg,https://www.grandemotors.co.nz/Motorcentral/VehicleData/GRA-bc684237-2639-40bd-9621-340dd9201ee8-5.jpg,https://www.grandemotors.co.nz/Motorcentral/VehicleData/GRA-bc684237-2639-40bd-9621-340dd9201ee8-6.jpg,https://www.grandemotors.co.nz/Motorcentral/VehicleData/GRA-bc684237-2639-40bd-9621-340dd9201ee8-7.jpg,https://www.grandemotors.co.nz/Motorcentral/VehicleData/GRA-bc684237-2639-40bd-9621-340dd9201ee8-8.jpg,https://www.grandemotors.co.nz/Motorcentral/VehicleData/GRA-bc684237-2639-40bd-9621-340dd9201ee8-9.jpg,https://www.grandemotors.co.nz/Motorcentral/VehicleData/GRA-bc684237-2639-40bd-9621-340dd9201ee8-10.jpg,https://www.grandemotors.co.nz/Motorcentral/VehicleData/GRA-bc684237-2639-40bd-9621-340dd9201ee8-11.jpg,https://www.grandemotors.co.nz/Motorcentral/VehicleData/GRA-bc684237-2639-40bd-9621-340dd9201ee8-12.jpg,https://www.grandemotors.co.nz/Motorcentral/VehicleData/GRA-bc684237-2639-40bd-9621-340dd9201ee8-13.jpg,https://www.grandemotors.co.nz/Motorcentral/VehicleData/GRA-bc684237-2639-40bd-9621-340dd9201ee8-14.jpg,https://www.grandemotors.co.nz/Motorcentral/VehicleData/GRA-bc684237-2639-40bd-9621-340dd9201ee8-15.jpg,https://www.grandemotors.co.nz/Motorcentral/VehicleData/GRA-bc684237-2639-40bd-9621-340dd9201ee8-16.jpg,https://www.grandemotors.co.nz/Motorcentral/VehicleData/GRA-bc684237-2639-40bd-9621-340dd9201ee8-17.jpg,https://www.grandemotors.co.nz/Motorcentral/VehicleData/GRA-bc684237-2639-40bd-9621-340dd9201ee8-18.jpg,https://www.grandemotors.co.nz/Motorcentral/VehicleData/GRA-bc684237-2639-40bd-9621-340dd9201ee8-19.jpg,https://www.grandemotors.co.nz/Motorcentral/VehicleData/GRA-bc684237-2639-40bd-9621-340dd9201ee8-20.jpg",Toyota,"Vehicles & Parts > Vehicles > Cars, Trucks & Vans",2006,SEDAN,GASOLINE,Automatic,Grande Motors
13147,2006 Toyota Crown Athlete.Cruise control.Rear camera.,"Immobilizer. Cruise control. Engine button start. 2006 Toyota Crown Athlete in Silver colour with dark interior. Japanese import, 2500cc engin Available from Grande Motors Ltd, East Tamaki, Auckland.",in stock,used,13900.00 NZD,https://www.grandemotors.co.nz/vehicle/2006-Toyota-Crown/13147,https://www.grandemotors.co.nz/Motorcentral/VehicleData/GRA-fa4235e4-07d7-4cee-b147-986974e0a495-1.jpg,"https://www.grandemotors.co.nz/Motorcentral/VehicleData/GRA-fa4235e4-07d7-4cee-b147-986974e0a495-2.jpg,https://www.grandemotors.co.nz/Motorcentral/VehicleData/GRA-fa4235e4-07d7-4cee-b147-986974e0a495-3.jpg,https://www.grandemotors.co.nz/Motorcentral/VehicleData/GRA-fa4235e4-07d7-4cee-b147-986974e0a495-4.jpg,https://www.grandemotors.co.nz/Motorcentral/VehicleData/GRA-fa4235e4-07d7-4cee-b147-986974e0a495-5.jpg,https://www.grandemotors.co.nz/Motorcentral/VehicleData/GRA-fa4235e4-07d7-4cee-b147-986974e0a495-6.jpg,https://www.grandemotors.co.nz/Motorcentral/VehicleData/GRA-fa4235e4-07d7-4cee-b147-986974e0a495-7.jpg,https://www.grandemotors.co.nz/Motorcentral/VehicleData/GRA-fa4235e4-07d7-4cee-b147-986974e0a495-8.jpg,https://www.grandemotors.co.nz/Motorcentral/VehicleData/GRA-fa4235e4-07d7-4cee-b147-986974e0a495-9.jpg,https://www.grandemotors.co.nz/Motorcentral/VehicleData/GRA-fa4235e4-07d7-4cee-b147-986974e0a495-10.jpg,https://www.grandemotors.co.nz/Motorcentral/VehicleData/GRA-fa4235e4-07d7-4cee-b147-986974e0a495-11.jpg,https://www.grandemotors.co.nz/Motorcentral/VehicleData/GRA-fa4235e4-07d7-4cee-b147-986974e0a495-12.jpg,https://www.grandemotors.co.nz/Motorcentral/VehicleData/GRA-fa4235e4-07d7-4cee-b147-986974e0a495-13.jpg,https://www.grandemotors.co.nz/Motorcentral/VehicleData/GRA-fa4235e4-07d7-4cee-b147-986974e0a495-14.jpg,https://www.grandemotors.co.nz/Motorcentral/VehicleData/GRA-fa4235e4-07d7-4cee-b147-986974e0a495-15.jpg,https://www.grandemotors.co.nz/Motorcentral/VehicleData/GRA-fa4235e4-07d7-4cee-b147-986974e0a495-16.jpg,https://www.grandemotors.co.nz/Motorcentral/VehicleData/GRA-fa4235e4-07d7-4cee-b147-986974e0a495-17.jpg",Toyota,"Vehicles & Parts > Vehicles > Cars, Trucks & Vans",2006,SEDAN,OTHER,Automatic,Grande Motors
13618,2018 Toyota Crown Hybrid in Transit G Model,"2018 Toyota Crown Sedan in Silver Japanese import, 2500 engine, done 109000kms,Automatic. Transit Hybrid G Model Hold Deposit 1000$ An enjoyab Available from Grande Motors Ltd, East Tamaki, Auckland.",in stock,used,27800.00 NZD,https://www.grandemotors.co.nz/vehicle/2018-Toyota-Crown/13618,https://www.grandemotors.co.nz/Motorcentral/VehicleData/GRA-ee28e191-76ad-4146-921e-6fdcfe4d94c1-1.jpg,"https://www.grandemotors.co.nz/Motorcentral/VehicleData/GRA-ee28e191-76ad-4146-921e-6fdcfe4d94c1-2.jpg,https://www.grandemotors.co.nz/Motorcentral/VehicleData/GRA-ee28e191-76ad-4146-921e-6fdcfe4d94c1-3.jpg,https://www.grandemotors.co.nz/Motorcentral/VehicleData/GRA-ee28e191-76ad-4146-921e-6fdcfe4d94c1-4.jpg,https://www.grandemotors.co.nz/Motorcentral/VehicleData/GRA-ee28e191-76ad-4146-921e-6fdcfe4d94c1-5.jpg,https://www.grandemotors.co.nz/Motorcentral/VehicleData/GRA-ee28e191-76ad-4146-921e-6fdcfe4d94c1-6.jpg,https://www.grandemotors.co.nz/Motorcentral/VehicleData/GRA-ee28e191-76ad-4146-921e-6fdcfe4d94c1-7.jpg,https://www.grandemotors.co.nz/Motorcentral/VehicleData/GRA-ee28e191-76ad-4146-921e-6fdcfe4d94c1-8.jpg",Toyota,"Vehicles & Parts > Vehicles > Cars, Trucks & Vans",2018,SEDAN,HYBRID,Automatic,Grande Motors
11715,2016 Toyota ESQUIRE Hybrid.7 seats.Electric doors.Button start.New tires.,"Immobilizer. Engine button start. Both electric sliding doors. 2016 Toyota Esquire Hybrid 7 seater in black colour with black interior. Japane Available from Grande Motors Ltd, East Tamaki, Auckland.",in stock,used,18900.00 NZD,https://www.grandemotors.co.nz/vehicle/2016-Toyota-ESQUIRE/11715,https://www.grandemotors.co.nz/Motorcentral/VehicleData/GRA-220a2296-019a-447f-ab2e-ca1928943426-1.jpg,"https://www.grandemotors.co.nz/Motorcentral/VehicleData/GRA-220a2296-019a-447f-ab2e-ca1928943426-2.jpg,https://www.grandemotors.co.nz/Motorcentral/VehicleData/GRA-220a2296-019a-447f-ab2e-ca1928943426-3.jpg,https://www.grandemotors.co.nz/Motorcentral/VehicleData/GRA-220a2296-019a-447f-ab2e-ca1928943426-4.jpg,https://www.grandemotors.co.nz/Motorcentral/VehicleData/GRA-220a2296-019a-447f-ab2e-ca1928943426-5.jpg,https://www.grandemotors.co.nz/Motorcentral/VehicleData/GRA-220a2296-019a-447f-ab2e-ca1928943426-6.jpg,https://www.grandemotors.co.nz/Motorcentral/VehicleData/GRA-220a2296-019a-447f-ab2e-ca1928943426-7.jpg,https://www.grandemotors.co.nz/Motorcentral/VehicleData/GRA-220a2296-019a-447f-ab2e-ca1928943426-8.jpg,https://www.grandemotors.co.nz/Motorcentral/VehicleData/GRA-220a2296-019a-447f-ab2e-ca1928943426-9.jpg,https://www.grandemotors.co.nz/Motorcentral/VehicleData/GRA-220a2296-019a-447f-ab2e-ca1928943426-10.jpg,https://www.grandemotors.co.nz/Motorcentral/VehicleData/GRA-220a2296-019a-447f-ab2e-ca1928943426-11.jpg,https://www.grandemotors.co.nz/Motorcentral/VehicleData/GRA-220a2296-019a-447f-ab2e-ca1928943426-12.jpg,https://www.grandemotors.co.nz/Motorcentral/VehicleData/GRA-220a2296-019a-447f-ab2e-ca1928943426-13.jpg,https://www.grandemotors.co.nz/Motorcentral/VehicleData/GRA-220a2296-019a-447f-ab2e-ca1928943426-14.jpg,https://www.grandemotors.co.nz/Motorcentral/VehicleData/GRA-220a2296-019a-447f-ab2e-ca1928943426-15.jpg,https://www.grandemotors.co.nz/Motorcentral/VehicleData/GRA-220a2296-019a-447f-ab2e-ca1928943426-16.jpg,https://www.grandemotors.co.nz/Motorcentral/VehicleData/GRA-220a2296-019a-447f-ab2e-ca1928943426-17.jpg,https://www.grandemotors.co.nz/Motorcentral/VehicleData/GRA-220a2296-019a-447f-ab2e-ca1928943426-18.jpg,https://www.grandemotors.co.nz/Motorcentral/VehicleData/GRA-220a2296-019a-447f-ab2e-ca1928943426-19.jpg",Toyota,"Vehicles & Parts > Vehicles > Cars, Trucks & Vans",2016,VAN,HYBRID,Automatic,Grande Motors
11868,2016 Toyota ESQUIRE Hybrid.7 seats.Cruise control.Rear cam.Electric doors.,"Immobilizer. Engine button start. Both electric sliding doors. 2016 Toyota Esquire Hybrid 7 seater in purple colour with black interior. Japan Available from Grande Motors Ltd, East Tamaki, Auckland.",in stock,used,19890.00 NZD,https://www.grandemotors.co.nz/vehicle/2016-Toyota-ESQUIRE/11868,https://www.grandemotors.co.nz/Motorcentral/VehicleData/GRA-d7434ab9-aeab-4926-8b01-a8781b441d3d-1.jpg,"https://www.grandemotors.co.nz/Motorcentral/VehicleData/GRA-d7434ab9-aeab-4926-8b01-a8781b441d3d-2.jpg,https://www.grandemotors.co.nz/Motorcentral/VehicleData/GRA-d7434ab9-aeab-4926-8b01-a8781b441d3d-3.jpg,https://www.grandemotors.co.nz/Motorcentral/VehicleData/GRA-d7434ab9-aeab-4926-8b01-a8781b441d3d-4.jpg,https://www.grandemotors.co.nz/Motorcentral/VehicleData/GRA-d7434ab9-aeab-4926-8b01-a8781b441d3d-5.jpg,https://www.grandemotors.co.nz/Motorcentral/VehicleData/GRA-d7434ab9-aeab-4926-8b01-a8781b441d3d-6.jpg,https://www.grandemotors.co.nz/Motorcentral/VehicleData/GRA-d7434ab9-aeab-4926-8b01-a8781b441d3d-7.jpg,https://www.grandemotors.co.nz/Motorcentral/VehicleData/GRA-d7434ab9-aeab-4926-8b01-a8781b441d3d-8.jpg,https://www.grandemotors.co.nz/Motorcentral/VehicleData/GRA-d7434ab9-aeab-4926-8b01-a8781b441d3d-9.jpg,https://www.grandemotors.co.nz/Motorcentral/VehicleData/GRA-d7434ab9-aeab-4926-8b01-a8781b441d3d-10.jpg,https://www.grandemotors.co.nz/Motorcentral/VehicleData/GRA-d7434ab9-aeab-4926-8b01-a8781b441d3d-11.jpg,https://www.grandemotors.co.nz/Motorcentral/VehicleData/GRA-d7434ab9-aeab-4926-8b01-a8781b441d3d-12.jpg,https://www.grandemotors.co.nz/Motorcentral/VehicleData/GRA-d7434ab9-aeab-4926-8b01-a8781b441d3d-13.jpg,https://www.grandemotors.co.nz/Motorcentral/VehicleData/GRA-d7434ab9-aeab-4926-8b01-a8781b441d3d-14.jpg,https://www.grandemotors.co.nz/Motorcentral/VehicleData/GRA-d7434ab9-aeab-4926-8b01-a8781b441d3d-15.jpg,https://www.grandemotors.co.nz/Motorcentral/VehicleData/GRA-d7434ab9-aeab-4926-8b01-a8781b441d3d-16.jpg,https://www.grandemotors.co.nz/Motorcentral/VehicleData/GRA-d7434ab9-aeab-4926-8b01-a8781b441d3d-17.jpg,https://www.grandemotors.co.nz/Motorcentral/VehicleData/GRA-d7434ab9-aeab-4926-8b01-a8781b441d3d-18.jpg,https://www.grandemotors.co.nz/Motorcentral/VehicleData/GRA-d7434ab9-aeab-4926-8b01-a8781b441d3d-19.jpg,https://www.grandemotors.co.nz/Motorcentral/VehicleData/GRA-d7434ab9-aeab-4926-8b01-a8781b441d3d-20.jpg",Toyota,"Vehicles & Parts > Vehicles > Cars, Trucks & Vans",2016,VAN,HYBRID,Automatic,Grande Motors
12595,2013 Toyota Estima Hybrid.4WD.7seats.Cruise control.,"4WD Hybrid 8 seater Immobilizer. Cruise control. Engine button start. Both electric sliding doors. Reversing camera 2013 Toyota Estima Aera Available from Grande Motors Ltd, East Tamaki, Auckland.",in stock,used,24200.00 NZD,https://www.grandemotors.co.nz/vehicle/2013-Toyota-Estima/12595,https://www.grandemotors.co.nz/Motorcentral/VehicleData/GRA-d05370ba-88ba-4ffc-bc23-20cede4eeb4e-1.jpg,"https://www.grandemotors.co.nz/Motorcentral/VehicleData/GRA-d05370ba-88ba-4ffc-bc23-20cede4eeb4e-2.jpg,https://www.grandemotors.co.nz/Motorcentral/VehicleData/GRA-d05370ba-88ba-4ffc-bc23-20cede4eeb4e-3.jpg,https://www.grandemotors.co.nz/Motorcentral/VehicleData/GRA-d05370ba-88ba-4ffc-bc23-20cede4eeb4e-4.jpg,https://www.grandemotors.co.nz/Motorcentral/VehicleData/GRA-d05370ba-88ba-4ffc-bc23-20cede4eeb4e-5.jpg,https://www.grandemotors.co.nz/Motorcentral/VehicleData/GRA-d05370ba-88ba-4ffc-bc23-20cede4eeb4e-6.jpg,https://www.grandemotors.co.nz/Motorcentral/VehicleData/GRA-d05370ba-88ba-4ffc-bc23-20cede4eeb4e-7.jpg,https://www.grandemotors.co.nz/Motorcentral/VehicleData/GRA-d05370ba-88ba-4ffc-bc23-20cede4eeb4e-8.jpg,https://www.grandemotors.co.nz/Motorcentral/VehicleData/GRA-d05370ba-88ba-4ffc-bc23-20cede4eeb4e-9.jpg,https://www.grandemotors.co.nz/Motorcentral/VehicleData/GRA-d05370ba-88ba-4ffc-bc23-20cede4eeb4e-10.jpg,https://www.grandemotors.co.nz/Motorcentral/VehicleData/GRA-d05370ba-88ba-4ffc-bc23-20cede4eeb4e-11.jpg,https://www.grandemotors.co.nz/Motorcentral/VehicleData/GRA-d05370ba-88ba-4ffc-bc23-20cede4eeb4e-12.jpg,https://www.grandemotors.co.nz/Motorcentral/VehicleData/GRA-d05370ba-88ba-4ffc-bc23-20cede4eeb4e-13.jpg,https://www.grandemotors.co.nz/Motorcentral/VehicleData/GRA-d05370ba-88ba-4ffc-bc23-20cede4eeb4e-14.jpg,https://www.grandemotors.co.nz/Motorcentral/VehicleData/GRA-d05370ba-88ba-4ffc-bc23-20cede4eeb4e-15.jpg,https://www.grandemotors.co.nz/Motorcentral/VehicleData/GRA-d05370ba-88ba-4ffc-bc23-20cede4eeb4e-16.jpg,https://www.grandemotors.co.nz/Motorcentral/VehicleData/GRA-d05370ba-88ba-4ffc-bc23-20cede4eeb4e-17.jpg,https://www.grandemotors.co.nz/Motorcentral/VehicleData/GRA-d05370ba-88ba-4ffc-bc23-20cede4eeb4e-18.jpg,https://www.grandemotors.co.nz/Motorcentral/VehicleData/GRA-d05370ba-88ba-4ffc-bc23-20cede4eeb4e-19.jpg,https://www.grandemotors.co.nz/Motorcentral/VehicleData/GRA-d05370ba-88ba-4ffc-bc23-20cede4eeb4e-20.jpg",Toyota,"Vehicles & Parts > Vehicles > Cars, Trucks & Vans",2013,VAN,HYBRID,Automatic,Grande Motors
12624,2015 Toyota Estima Aeras.Hybrid.Cruise control.Rear camera.Elctric doors.,"Immobilizer. Cruise control. Engine button start. Both electric sliding doors. 2015 Toyota Estima Aeras Premium 7 seater in white colour. Jap Available from Grande Motors Ltd, East Tamaki, Auckland.",in stock,used,20900.00 NZD,https://www.grandemotors.co.nz/vehicle/2015-Toyota-Estima/12624,https://www.grandemotors.co.nz/Motorcentral/VehicleData/GRA-8c6f77c0-47f9-479c-8d89-04092ac22a42-1.jpg,"https://www.grandemotors.co.nz/Motorcentral/VehicleData/GRA-8c6f77c0-47f9-479c-8d89-04092ac22a42-2.jpg,https://www.grandemotors.co.nz/Motorcentral/VehicleData/GRA-8c6f77c0-47f9-479c-8d89-04092ac22a42-3.jpg,https://www.grandemotors.co.nz/Motorcentral/VehicleData/GRA-8c6f77c0-47f9-479c-8d89-04092ac22a42-4.jpg,https://www.grandemotors.co.nz/Motorcentral/VehicleData/GRA-8c6f77c0-47f9-479c-8d89-04092ac22a42-5.jpg,https://www.grandemotors.co.nz/Motorcentral/VehicleData/GRA-8c6f77c0-47f9-479c-8d89-04092ac22a42-6.jpg,https://www.grandemotors.co.nz/Motorcentral/VehicleData/GRA-8c6f77c0-47f9-479c-8d89-04092ac22a42-7.jpg,https://www.grandemotors.co.nz/Motorcentral/VehicleData/GRA-8c6f77c0-47f9-479c-8d89-04092ac22a42-8.jpg,https://www.grandemotors.co.nz/Motorcentral/VehicleData/GRA-8c6f77c0-47f9-479c-8d89-04092ac22a42-9.jpg,https://www.grandemotors.co.nz/Motorcentral/VehicleData/GRA-8c6f77c0-47f9-479c-8d89-04092ac22a42-10.jpg,https://www.grandemotors.co.nz/Motorcentral/VehicleData/GRA-8c6f77c0-47f9-479c-8d89-04092ac22a42-11.jpg,https://www.grandemotors.co.nz/Motorcentral/VehicleData/GRA-8c6f77c0-47f9-479c-8d89-04092ac22a42-12.jpg,https://www.grandemotors.co.nz/Motorcentral/VehicleData/GRA-8c6f77c0-47f9-479c-8d89-04092ac22a42-13.jpg,https://www.grandemotors.co.nz/Motorcentral/VehicleData/GRA-8c6f77c0-47f9-479c-8d89-04092ac22a42-14.jpg,https://www.grandemotors.co.nz/Motorcentral/VehicleData/GRA-8c6f77c0-47f9-479c-8d89-04092ac22a42-15.jpg,https://www.grandemotors.co.nz/Motorcentral/VehicleData/GRA-8c6f77c0-47f9-479c-8d89-04092ac22a42-16.jpg,https://www.grandemotors.co.nz/Motorcentral/VehicleData/GRA-8c6f77c0-47f9-479c-8d89-04092ac22a42-17.jpg,https://www.grandemotors.co.nz/Motorcentral/VehicleData/GRA-8c6f77c0-47f9-479c-8d89-04092ac22a42-18.jpg,https://www.grandemotors.co.nz/Motorcentral/VehicleData/GRA-8c6f77c0-47f9-479c-8d89-04092ac22a42-19.jpg",Toyota,"Vehicles & Parts > Vehicles > Cars, Trucks & Vans",2015,VAN,HYBRID,Automatic,Grande Motors
12486,2016 Toyota Estima Hybrid.Aeras Premium.Safety radar.Lane assist.Cruise control.Park sens.Rear cam.,"Immobilizer. Cruise control. Engine button start. LKA (Lane Keeping Assistance). Both electric sliding doors/Electric back door. 2016 Toyota Es Available from Grande Motors Ltd, East Tamaki, Auckland.",in stock,used,24980.00 NZD,https://www.grandemotors.co.nz/vehicle/2016-Toyota-Estima/12486,https://www.grandemotors.co.nz/Motorcentral/VehicleData/GRA-99ae78d4-39d0-4bf4-acf9-1074d738e8f0-1.jpg,"https://www.grandemotors.co.nz/Motorcentral/VehicleData/GRA-99ae78d4-39d0-4bf4-acf9-1074d738e8f0-2.jpg,https://www.grandemotors.co.nz/Motorcentral/VehicleData/GRA-99ae78d4-39d0-4bf4-acf9-1074d738e8f0-3.jpg,https://www.grandemotors.co.nz/Motorcentral/VehicleData/GRA-99ae78d4-39d0-4bf4-acf9-1074d738e8f0-4.jpg,https://www.grandemotors.co.nz/Motorcentral/VehicleData/GRA-99ae78d4-39d0-4bf4-acf9-1074d738e8f0-5.jpg,https://www.grandemotors.co.nz/Motorcentral/VehicleData/GRA-99ae78d4-39d0-4bf4-acf9-1074d738e8f0-6.jpg,https://www.grandemotors.co.nz/Motorcentral/VehicleData/GRA-99ae78d4-39d0-4bf4-acf9-1074d738e8f0-7.jpg,https://www.grandemotors.co.nz/Motorcentral/VehicleData/GRA-99ae78d4-39d0-4bf4-acf9-1074d738e8f0-8.jpg,https://www.grandemotors.co.nz/Motorcentral/VehicleData/GRA-99ae78d4-39d0-4bf4-acf9-1074d738e8f0-9.jpg,https://www.grandemotors.co.nz/Motorcentral/VehicleData/GRA-99ae78d4-39d0-4bf4-acf9-1074d738e8f0-10.jpg,https://www.grandemotors.co.nz/Motorcentral/VehicleData/GRA-99ae78d4-39d0-4bf4-acf9-1074d738e8f0-11.jpg,https://www.grandemotors.co.nz/Motorcentral/VehicleData/GRA-99ae78d4-39d0-4bf4-acf9-1074d738e8f0-12.jpg,https://www.grandemotors.co.nz/Motorcentral/VehicleData/GRA-99ae78d4-39d0-4bf4-acf9-1074d738e8f0-13.jpg,https://www.grandemotors.co.nz/Motorcentral/VehicleData/GRA-99ae78d4-39d0-4bf4-acf9-1074d738e8f0-14.jpg,https://www.grandemotors.co.nz/Motorcentral/VehicleData/GRA-99ae78d4-39d0-4bf4-acf9-1074d738e8f0-15.jpg,https://www.grandemotors.co.nz/Motorcentral/VehicleData/GRA-99ae78d4-39d0-4bf4-acf9-1074d738e8f0-16.jpg,https://www.grandemotors.co.nz/Motorcentral/VehicleData/GRA-99ae78d4-39d0-4bf4-acf9-1074d738e8f0-17.jpg,https://www.grandemotors.co.nz/Motorcentral/VehicleData/GRA-99ae78d4-39d0-4bf4-acf9-1074d738e8f0-18.jpg,https://www.grandemotors.co.nz/Motorcentral/VehicleData/GRA-99ae78d4-39d0-4bf4-acf9-1074d738e8f0-19.jpg,https://www.grandemotors.co.nz/Motorcentral/VehicleData/GRA-99ae78d4-39d0-4bf4-acf9-1074d738e8f0-20.jpg",Toyota,"Vehicles & Parts > Vehicles > Cars, Trucks & Vans",2016,VAN,HYBRID,Automatic,Grande Motors
13078,2016 Toyota Estima Aeras.Premium.Cruise control.7 seats.Rear camera.,"Immobilizer. Cruise control. Engine button start. Both electric sliding doors. 2016 Toyota Estima Aeras Premium 7 seater in Pearl White colour w Available from Grande Motors Ltd, East Tamaki, Auckland.",in stock,used,19900.00 NZD,https://www.grandemotors.co.nz/vehicle/2016-Toyota-Estima/13078,https://www.grandemotors.co.nz/Motorcentral/VehicleData/GRA-d4d23681-feeb-4666-b72b-d6f895cc8f3e-1.jpg,"https://www.grandemotors.co.nz/Motorcentral/VehicleData/GRA-d4d23681-feeb-4666-b72b-d6f895cc8f3e-2.jpg,https://www.grandemotors.co.nz/Motorcentral/VehicleData/GRA-d4d23681-feeb-4666-b72b-d6f895cc8f3e-3.jpg,https://www.grandemotors.co.nz/Motorcentral/VehicleData/GRA-d4d23681-feeb-4666-b72b-d6f895cc8f3e-4.jpg,https://www.grandemotors.co.nz/Motorcentral/VehicleData/GRA-d4d23681-feeb-4666-b72b-d6f895cc8f3e-5.jpg,https://www.grandemotors.co.nz/Motorcentral/VehicleData/GRA-d4d23681-feeb-4666-b72b-d6f895cc8f3e-6.jpg,https://www.grandemotors.co.nz/Motorcentral/VehicleData/GRA-d4d23681-feeb-4666-b72b-d6f895cc8f3e-7.jpg,https://www.grandemotors.co.nz/Motorcentral/VehicleData/GRA-d4d23681-feeb-4666-b72b-d6f895cc8f3e-8.jpg,https://www.grandemotors.co.nz/Motorcentral/VehicleData/GRA-d4d23681-feeb-4666-b72b-d6f895cc8f3e-9.jpg,https://www.grandemotors.co.nz/Motorcentral/VehicleData/GRA-d4d23681-feeb-4666-b72b-d6f895cc8f3e-10.jpg,https://www.grandemotors.co.nz/Motorcentral/VehicleData/GRA-d4d23681-feeb-4666-b72b-d6f895cc8f3e-11.jpg,https://www.grandemotors.co.nz/Motorcentral/VehicleData/GRA-d4d23681-feeb-4666-b72b-d6f895cc8f3e-12.jpg,https://www.grandemotors.co.nz/Motorcentral/VehicleData/GRA-d4d23681-feeb-4666-b72b-d6f895cc8f3e-13.jpg,https://www.grandemotors.co.nz/Motorcentral/VehicleData/GRA-d4d23681-feeb-4666-b72b-d6f895cc8f3e-14.jpg,https://www.grandemotors.co.nz/Motorcentral/VehicleData/GRA-d4d23681-feeb-4666-b72b-d6f895cc8f3e-15.jpg,https://www.grandemotors.co.nz/Motorcentral/VehicleData/GRA-d4d23681-feeb-4666-b72b-d6f895cc8f3e-16.jpg,https://www.grandemotors.co.nz/Motorcentral/VehicleData/GRA-d4d23681-feeb-4666-b72b-d6f895cc8f3e-17.jpg,https://www.grandemotors.co.nz/Motorcentral/VehicleData/GRA-d4d23681-feeb-4666-b72b-d6f895cc8f3e-18.jpg,https://www.grandemotors.co.nz/Motorcentral/VehicleData/GRA-d4d23681-feeb-4666-b72b-d6f895cc8f3e-19.jpg",Toyota,"Vehicles & Parts > Vehicles > Cars, Trucks & Vans",2016,VAN,GASOLINE,Automatic,Grande Motors
13479,2016 Toyota Estima Aeras.7 seater.Cruise control.Alarm.,"Immobilizer. Cruise control. Engine button start. Both electric sliding doors. 2016 Toyota Estima Aeras Premium 7 seater in Pearl White colour w Available from Grande Motors Ltd, East Tamaki, Auckland.",in stock,used,21900.00 NZD,https://www.grandemotors.co.nz/vehicle/2016-Toyota-Estima/13479,https://www.grandemotors.co.nz/Motorcentral/VehicleData/GRA-c1a22d58-4534-420d-9a67-2895b52d820e-1.jpg,"https://www.grandemotors.co.nz/Motorcentral/VehicleData/GRA-c1a22d58-4534-420d-9a67-2895b52d820e-2.jpg,https://www.grandemotors.co.nz/Motorcentral/VehicleData/GRA-c1a22d58-4534-420d-9a67-2895b52d820e-3.jpg,https://www.grandemotors.co.nz/Motorcentral/VehicleData/GRA-c1a22d58-4534-420d-9a67-2895b52d820e-4.jpg,https://www.grandemotors.co.nz/Motorcentral/VehicleData/GRA-c1a22d58-4534-420d-9a67-2895b52d820e-5.jpg,https://www.grandemotors.co.nz/Motorcentral/VehicleData/GRA-c1a22d58-4534-420d-9a67-2895b52d820e-6.jpg,https://www.grandemotors.co.nz/Motorcentral/VehicleData/GRA-c1a22d58-4534-420d-9a67-2895b52d820e-7.jpg,https://www.grandemotors.co.nz/Motorcentral/VehicleData/GRA-c1a22d58-4534-420d-9a67-2895b52d820e-8.jpg,https://www.grandemotors.co.nz/Motorcentral/VehicleData/GRA-c1a22d58-4534-420d-9a67-2895b52d820e-9.jpg,https://www.grandemotors.co.nz/Motorcentral/VehicleData/GRA-c1a22d58-4534-420d-9a67-2895b52d820e-10.jpg,https://www.grandemotors.co.nz/Motorcentral/VehicleData/GRA-c1a22d58-4534-420d-9a67-2895b52d820e-11.jpg,https://www.grandemotors.co.nz/Motorcentral/VehicleData/GRA-c1a22d58-4534-420d-9a67-2895b52d820e-12.jpg,https://www.grandemotors.co.nz/Motorcentral/VehicleData/GRA-c1a22d58-4534-420d-9a67-2895b52d820e-13.jpg,https://www.grandemotors.co.nz/Motorcentral/VehicleData/GRA-c1a22d58-4534-420d-9a67-2895b52d820e-14.jpg,https://www.grandemotors.co.nz/Motorcentral/VehicleData/GRA-c1a22d58-4534-420d-9a67-2895b52d820e-15.jpg,https://www.grandemotors.co.nz/Motorcentral/VehicleData/GRA-c1a22d58-4534-420d-9a67-2895b52d820e-16.jpg,https://www.grandemotors.co.nz/Motorcentral/VehicleData/GRA-c1a22d58-4534-420d-9a67-2895b52d820e-17.jpg,https://www.grandemotors.co.nz/Motorcentral/VehicleData/GRA-c1a22d58-4534-420d-9a67-2895b52d820e-18.jpg",Toyota,"Vehicles & Parts > Vehicles > Cars, Trucks & Vans",2016,VAN,GASOLINE,Automatic,Grande Motors
12519,2017 Toyota Estima Aeras.Leather.Safety radar.Cruise control.Lane assist.Rear cam.,"Immobilizer. Cruise control. Engine button start. Both electric sliding doors. LKA (Lane Keeping Assistance). 2017 Toyota Estima Aeras Premium Available from Grande Motors Ltd, East Tamaki, Auckland.",in stock,used,21500.00 NZD,https://www.grandemotors.co.nz/vehicle/2017-Toyota-Estima/12519,https://www.grandemotors.co.nz/Motorcentral/VehicleData/GRA-d3cde67f-14c6-4dd9-a4cf-a4040b7ffc5e-1.jpg,"https://www.grandemotors.co.nz/Motorcentral/VehicleData/GRA-d3cde67f-14c6-4dd9-a4cf-a4040b7ffc5e-2.jpg,https://www.grandemotors.co.nz/Motorcentral/VehicleData/GRA-d3cde67f-14c6-4dd9-a4cf-a4040b7ffc5e-3.jpg,https://www.grandemotors.co.nz/Motorcentral/VehicleData/GRA-d3cde67f-14c6-4dd9-a4cf-a4040b7ffc5e-4.jpg,https://www.grandemotors.co.nz/Motorcentral/VehicleData/GRA-d3cde67f-14c6-4dd9-a4cf-a4040b7ffc5e-5.jpg,https://www.grandemotors.co.nz/Motorcentral/VehicleData/GRA-d3cde67f-14c6-4dd9-a4cf-a4040b7ffc5e-6.jpg,https://www.grandemotors.co.nz/Motorcentral/VehicleData/GRA-d3cde67f-14c6-4dd9-a4cf-a4040b7ffc5e-7.jpg,https://www.grandemotors.co.nz/Motorcentral/VehicleData/GRA-d3cde67f-14c6-4dd9-a4cf-a4040b7ffc5e-8.jpg,https://www.grandemotors.co.nz/Motorcentral/VehicleData/GRA-d3cde67f-14c6-4dd9-a4cf-a4040b7ffc5e-9.jpg,https://www.grandemotors.co.nz/Motorcentral/VehicleData/GRA-d3cde67f-14c6-4dd9-a4cf-a4040b7ffc5e-10.jpg,https://www.grandemotors.co.nz/Motorcentral/VehicleData/GRA-d3cde67f-14c6-4dd9-a4cf-a4040b7ffc5e-11.jpg,https://www.grandemotors.co.nz/Motorcentral/VehicleData/GRA-d3cde67f-14c6-4dd9-a4cf-a4040b7ffc5e-12.jpg,https://www.grandemotors.co.nz/Motorcentral/VehicleData/GRA-d3cde67f-14c6-4dd9-a4cf-a4040b7ffc5e-13.jpg,https://www.grandemotors.co.nz/Motorcentral/VehicleData/GRA-d3cde67f-14c6-4dd9-a4cf-a4040b7ffc5e-14.jpg,https://www.grandemotors.co.nz/Motorcentral/VehicleData/GRA-d3cde67f-14c6-4dd9-a4cf-a4040b7ffc5e-15.jpg,https://www.grandemotors.co.nz/Motorcentral/VehicleData/GRA-d3cde67f-14c6-4dd9-a4cf-a4040b7ffc5e-16.jpg,https://www.grandemotors.co.nz/Motorcentral/VehicleData/GRA-d3cde67f-14c6-4dd9-a4cf-a4040b7ffc5e-17.jpg,https://www.grandemotors.co.nz/Motorcentral/VehicleData/GRA-d3cde67f-14c6-4dd9-a4cf-a4040b7ffc5e-18.jpg,https://www.grandemotors.co.nz/Motorcentral/VehicleData/GRA-d3cde67f-14c6-4dd9-a4cf-a4040b7ffc5e-19.jpg,https://www.grandemotors.co.nz/Motorcentral/VehicleData/GRA-d3cde67f-14c6-4dd9-a4cf-a4040b7ffc5e-20.jpg",Toyota,"Vehicles & Parts > Vehicles > Cars, Trucks & Vans",2017,VAN,GASOLINE,Automatic,Grande Motors
13457,"2014 Toyota Harrier Transit Hybrid 4 WD JBL Grade4,5","2014 Toyota Harrier RV-SUV in Black Japanese import, 2500 engine, done 85000kms,Automatic. Transit Toyota Harrier Hybrid JBL Premium sound sys Available from Grande Motors Ltd, East Tamaki, Auckland.",in stock,used,25900.00 NZD,https://www.grandemotors.co.nz/vehicle/2014-Toyota-Harrier/13457,https://www.grandemotors.co.nz/Motorcentral/VehicleData/GRA-d6512ec2-a2a5-4015-b6fa-b949ee3ce2c5-1.jpg,"https://www.grandemotors.co.nz/Motorcentral/VehicleData/GRA-d6512ec2-a2a5-4015-b6fa-b949ee3ce2c5-2.jpg,https://www.grandemotors.co.nz/Motorcentral/VehicleData/GRA-d6512ec2-a2a5-4015-b6fa-b949ee3ce2c5-3.jpg,https://www.grandemotors.co.nz/Motorcentral/VehicleData/GRA-d6512ec2-a2a5-4015-b6fa-b949ee3ce2c5-4.jpg,https://www.grandemotors.co.nz/Motorcentral/VehicleData/GRA-d6512ec2-a2a5-4015-b6fa-b949ee3ce2c5-5.jpg,https://www.grandemotors.co.nz/Motorcentral/VehicleData/GRA-d6512ec2-a2a5-4015-b6fa-b949ee3ce2c5-6.jpg,https://www.grandemotors.co.nz/Motorcentral/VehicleData/GRA-d6512ec2-a2a5-4015-b6fa-b949ee3ce2c5-7.jpg",Toyota,"Vehicles & Parts > Vehicles > Cars, Trucks & Vans",2014,SUV,HYBRID,Automatic,Grande Motors
13458,2014 Toyota Harrier Hybrid.4WD.Leather.Rear camera.Alarm.8 Airbags.,"Alarm. Immobilizer. 8 SRS Airbags (front, side, rear). 2014 Toyota Harrier 4WD in silver colour with black leather seats. Japanese import, sm Available from Grande Motors Ltd, East Tamaki, Auckland.",in stock,used,22900.00 NZD,https://www.grandemotors.co.nz/vehicle/2014-Toyota-Harrier/13458,https://www.grandemotors.co.nz/Motorcentral/VehicleData/GRA-dccb3cea-c762-4225-8d02-8c06ebac507b-1.jpg,"https://www.grandemotors.co.nz/Motorcentral/VehicleData/GRA-dccb3cea-c762-4225-8d02-8c06ebac507b-2.jpg,https://www.grandemotors.co.nz/Motorcentral/VehicleData/GRA-dccb3cea-c762-4225-8d02-8c06ebac507b-3.jpg,https://www.grandemotors.co.nz/Motorcentral/VehicleData/GRA-dccb3cea-c762-4225-8d02-8c06ebac507b-4.jpg,https://www.grandemotors.co.nz/Motorcentral/VehicleData/GRA-dccb3cea-c762-4225-8d02-8c06ebac507b-5.jpg,https://www.grandemotors.co.nz/Motorcentral/VehicleData/GRA-dccb3cea-c762-4225-8d02-8c06ebac507b-6.jpg,https://www.grandemotors.co.nz/Motorcentral/VehicleData/GRA-dccb3cea-c762-4225-8d02-8c06ebac507b-7.jpg,https://www.grandemotors.co.nz/Motorcentral/VehicleData/GRA-dccb3cea-c762-4225-8d02-8c06ebac507b-8.jpg,https://www.grandemotors.co.nz/Motorcentral/VehicleData/GRA-dccb3cea-c762-4225-8d02-8c06ebac507b-9.jpg,https://www.grandemotors.co.nz/Motorcentral/VehicleData/GRA-dccb3cea-c762-4225-8d02-8c06ebac507b-10.jpg,https://www.grandemotors.co.nz/Motorcentral/VehicleData/GRA-dccb3cea-c762-4225-8d02-8c06ebac507b-11.jpg,https://www.grandemotors.co.nz/Motorcentral/VehicleData/GRA-dccb3cea-c762-4225-8d02-8c06ebac507b-12.jpg,https://www.grandemotors.co.nz/Motorcentral/VehicleData/GRA-dccb3cea-c762-4225-8d02-8c06ebac507b-13.jpg,https://www.grandemotors.co.nz/Motorcentral/VehicleData/GRA-dccb3cea-c762-4225-8d02-8c06ebac507b-14.jpg,https://www.grandemotors.co.nz/Motorcentral/VehicleData/GRA-dccb3cea-c762-4225-8d02-8c06ebac507b-15.jpg,https://www.grandemotors.co.nz/Motorcentral/VehicleData/GRA-dccb3cea-c762-4225-8d02-8c06ebac507b-16.jpg,https://www.grandemotors.co.nz/Motorcentral/VehicleData/GRA-dccb3cea-c762-4225-8d02-8c06ebac507b-17.jpg,https://www.grandemotors.co.nz/Motorcentral/VehicleData/GRA-dccb3cea-c762-4225-8d02-8c06ebac507b-18.jpg,https://www.grandemotors.co.nz/Motorcentral/VehicleData/GRA-dccb3cea-c762-4225-8d02-8c06ebac507b-19.jpg,https://www.grandemotors.co.nz/Motorcentral/VehicleData/GRA-dccb3cea-c762-4225-8d02-8c06ebac507b-20.jpg",Toyota,"Vehicles & Parts > Vehicles > Cars, Trucks & Vans",2014,SUV,HYBRID,Automatic,Grande Motors
13476,2014 Toyota Harrier Transit HYBRID 4WD PREMIUM ADVANCED PACKAGE,"2014 Toyota Harrier RV-SUV in black/purple Japanese import, 2500 engine, done 91000kms,Automatic. Transit JBL sound system , Black half leather, Available from Grande Motors Ltd, East Tamaki, Auckland.",in stock,used,24900.00 NZD,https://www.grandemotors.co.nz/vehicle/2014-Toyota-Harrier/13476,https://www.grandemotors.co.nz/Motorcentral/VehicleData/GRA-6a6e5901-526b-4bf4-add1-ab33e526cbf8-1.jpg,"https://www.grandemotors.co.nz/Motorcentral/VehicleData/GRA-6a6e5901-526b-4bf4-add1-ab33e526cbf8-2.jpg,https://www.grandemotors.co.nz/Motorcentral/VehicleData/GRA-6a6e5901-526b-4bf4-add1-ab33e526cbf8-3.jpg,https://www.grandemotors.co.nz/Motorcentral/VehicleData/GRA-6a6e5901-526b-4bf4-add1-ab33e526cbf8-4.jpg,https://www.grandemotors.co.nz/Motorcentral/VehicleData/GRA-6a6e5901-526b-4bf4-add1-ab33e526cbf8-5.jpg,https://www.grandemotors.co.nz/Motorcentral/VehicleData/GRA-6a6e5901-526b-4bf4-add1-ab33e526cbf8-6.jpg,https://www.grandemotors.co.nz/Motorcentral/VehicleData/GRA-6a6e5901-526b-4bf4-add1-ab33e526cbf8-7.jpg,https://www.grandemotors.co.nz/Motorcentral/VehicleData/GRA-6a6e5901-526b-4bf4-add1-ab33e526cbf8-8.jpg,https://www.grandemotors.co.nz/Motorcentral/VehicleData/GRA-6a6e5901-526b-4bf4-add1-ab33e526cbf8-9.jpg,https://www.grandemotors.co.nz/Motorcentral/VehicleData/GRA-6a6e5901-526b-4bf4-add1-ab33e526cbf8-10.jpg,https://www.grandemotors.co.nz/Motorcentral/VehicleData/GRA-6a6e5901-526b-4bf4-add1-ab33e526cbf8-11.jpg,https://www.grandemotors.co.nz/Motorcentral/VehicleData/GRA-6a6e5901-526b-4bf4-add1-ab33e526cbf8-12.jpg",Toyota,"Vehicles & Parts > Vehicles > Cars, Trucks & Vans",2014,SUV,HYBRID,Automatic,Grande Motors
11940,2020 Toyota Hiace DX.Safety radar.Alarm.1000kg capacity.Lane assist.,"2020 Toyota Hiace in white colour with grey interior. Japanese import, 4-cylinder 2800cc turbo diesel engine provides perfect compromise between po Available from Grande Motors Ltd, East Tamaki, Auckland.",in stock,used,32300.00 NZD,https://www.grandemotors.co.nz/vehicle/2020-Toyota-Hiace/11940,https://www.grandemotors.co.nz/Motorcentral/VehicleData/GRA-c8691eeb-4d35-44a3-8293-d9eeae7fbd42-1.jpg,"https://www.grandemotors.co.nz/Motorcentral/VehicleData/GRA-c8691eeb-4d35-44a3-8293-d9eeae7fbd42-2.jpg,https://www.grandemotors.co.nz/Motorcentral/VehicleData/GRA-c8691eeb-4d35-44a3-8293-d9eeae7fbd42-3.jpg,https://www.grandemotors.co.nz/Motorcentral/VehicleData/GRA-c8691eeb-4d35-44a3-8293-d9eeae7fbd42-4.jpg,https://www.grandemotors.co.nz/Motorcentral/VehicleData/GRA-c8691eeb-4d35-44a3-8293-d9eeae7fbd42-5.jpg,https://www.grandemotors.co.nz/Motorcentral/VehicleData/GRA-c8691eeb-4d35-44a3-8293-d9eeae7fbd42-6.jpg,https://www.grandemotors.co.nz/Motorcentral/VehicleData/GRA-c8691eeb-4d35-44a3-8293-d9eeae7fbd42-7.jpg,https://www.grandemotors.co.nz/Motorcentral/VehicleData/GRA-c8691eeb-4d35-44a3-8293-d9eeae7fbd42-8.jpg,https://www.grandemotors.co.nz/Motorcentral/VehicleData/GRA-c8691eeb-4d35-44a3-8293-d9eeae7fbd42-9.jpg,https://www.grandemotors.co.nz/Motorcentral/VehicleData/GRA-c8691eeb-4d35-44a3-8293-d9eeae7fbd42-10.jpg,https://www.grandemotors.co.nz/Motorcentral/VehicleData/GRA-c8691eeb-4d35-44a3-8293-d9eeae7fbd42-11.jpg,https://www.grandemotors.co.nz/Motorcentral/VehicleData/GRA-c8691eeb-4d35-44a3-8293-d9eeae7fbd42-12.jpg,https://www.grandemotors.co.nz/Motorcentral/VehicleData/GRA-c8691eeb-4d35-44a3-8293-d9eeae7fbd42-13.jpg,https://www.grandemotors.co.nz/Motorcentral/VehicleData/GRA-c8691eeb-4d35-44a3-8293-d9eeae7fbd42-14.jpg,https://www.grandemotors.co.nz/Motorcentral/VehicleData/GRA-c8691eeb-4d35-44a3-8293-d9eeae7fbd42-15.jpg,https://www.grandemotors.co.nz/Motorcentral/VehicleData/GRA-c8691eeb-4d35-44a3-8293-d9eeae7fbd42-16.jpg,https://www.grandemotors.co.nz/Motorcentral/VehicleData/GRA-c8691eeb-4d35-44a3-8293-d9eeae7fbd42-17.jpg",Toyota,"Vehicles & Parts > Vehicles > Cars, Trucks & Vans",2020,VAN,DIESEL,Automatic,Grande Motors
12554,2020 Toyota Hiace Regius Ace.Long High roof.Safety radar.Lane asssit.,"5-doors. Safety radar. LKA (Lane Keeping Assistance). 2020 Toyota Hiace Long base High roof in white colour with grey interior. Japanese impor Available from Grande Motors Ltd, East Tamaki, Auckland.",in stock,used,35900.00 NZD,https://www.grandemotors.co.nz/vehicle/2020-Toyota-Hiace/12554,https://www.grandemotors.co.nz/Motorcentral/VehicleData/GRA-e77a654b-fa17-42e9-8a65-b810bb59a8e1-1.jpg,"https://www.grandemotors.co.nz/Motorcentral/VehicleData/GRA-e77a654b-fa17-42e9-8a65-b810bb59a8e1-2.jpg,https://www.grandemotors.co.nz/Motorcentral/VehicleData/GRA-e77a654b-fa17-42e9-8a65-b810bb59a8e1-3.jpg,https://www.grandemotors.co.nz/Motorcentral/VehicleData/GRA-e77a654b-fa17-42e9-8a65-b810bb59a8e1-4.jpg,https://www.grandemotors.co.nz/Motorcentral/VehicleData/GRA-e77a654b-fa17-42e9-8a65-b810bb59a8e1-5.jpg,https://www.grandemotors.co.nz/Motorcentral/VehicleData/GRA-e77a654b-fa17-42e9-8a65-b810bb59a8e1-6.jpg,https://www.grandemotors.co.nz/Motorcentral/VehicleData/GRA-e77a654b-fa17-42e9-8a65-b810bb59a8e1-7.jpg,https://www.grandemotors.co.nz/Motorcentral/VehicleData/GRA-e77a654b-fa17-42e9-8a65-b810bb59a8e1-8.jpg,https://www.grandemotors.co.nz/Motorcentral/VehicleData/GRA-e77a654b-fa17-42e9-8a65-b810bb59a8e1-9.jpg,https://www.grandemotors.co.nz/Motorcentral/VehicleData/GRA-e77a654b-fa17-42e9-8a65-b810bb59a8e1-10.jpg,https://www.grandemotors.co.nz/Motorcentral/VehicleData/GRA-e77a654b-fa17-42e9-8a65-b810bb59a8e1-11.jpg,https://www.grandemotors.co.nz/Motorcentral/VehicleData/GRA-e77a654b-fa17-42e9-8a65-b810bb59a8e1-12.jpg,https://www.grandemotors.co.nz/Motorcentral/VehicleData/GRA-e77a654b-fa17-42e9-8a65-b810bb59a8e1-13.jpg,https://www.grandemotors.co.nz/Motorcentral/VehicleData/GRA-e77a654b-fa17-42e9-8a65-b810bb59a8e1-14.jpg,https://www.grandemotors.co.nz/Motorcentral/VehicleData/GRA-e77a654b-fa17-42e9-8a65-b810bb59a8e1-15.jpg,https://www.grandemotors.co.nz/Motorcentral/VehicleData/GRA-e77a654b-fa17-42e9-8a65-b810bb59a8e1-16.jpg,https://www.grandemotors.co.nz/Motorcentral/VehicleData/GRA-e77a654b-fa17-42e9-8a65-b810bb59a8e1-17.jpg,https://www.grandemotors.co.nz/Motorcentral/VehicleData/GRA-e77a654b-fa17-42e9-8a65-b810bb59a8e1-18.jpg",Toyota,"Vehicles & Parts > Vehicles > Cars, Trucks & Vans",2020,VAN,DIESEL,Automatic,Grande Motors
9365,2002 Toyota Mark II IR-V. 1JZ-GTE. Turbo. Leather.,"2002 Toyota Mark II IR-V Grande G spec in pearl white colour with leather seats. Japanese import, smooth 1JZ-GTE 2500cc turbo engine provides a per Available from Grande Motors Ltd, East Tamaki, Auckland.",in stock,used,20900.00 NZD,https://www.grandemotors.co.nz/vehicle/2002-Toyota-MarkII/9365,https://www.grandemotors.co.nz/Motorcentral/VehicleData/GRA-5b0ce9ed-ba98-468e-ac60-89a0b1e68e4c-1.jpg,"https://www.grandemotors.co.nz/Motorcentral/VehicleData/GRA-5b0ce9ed-ba98-468e-ac60-89a0b1e68e4c-2.jpg,https://www.grandemotors.co.nz/Motorcentral/VehicleData/GRA-5b0ce9ed-ba98-468e-ac60-89a0b1e68e4c-3.jpg,https://www.grandemotors.co.nz/Motorcentral/VehicleData/GRA-5b0ce9ed-ba98-468e-ac60-89a0b1e68e4c-4.jpg,https://www.grandemotors.co.nz/Motorcentral/VehicleData/GRA-5b0ce9ed-ba98-468e-ac60-89a0b1e68e4c-5.jpg,https://www.grandemotors.co.nz/Motorcentral/VehicleData/GRA-5b0ce9ed-ba98-468e-ac60-89a0b1e68e4c-6.jpg,https://www.grandemotors.co.nz/Motorcentral/VehicleData/GRA-5b0ce9ed-ba98-468e-ac60-89a0b1e68e4c-7.jpg,https://www.grandemotors.co.nz/Motorcentral/VehicleData/GRA-5b0ce9ed-ba98-468e-ac60-89a0b1e68e4c-8.jpg,https://www.grandemotors.co.nz/Motorcentral/VehicleData/GRA-5b0ce9ed-ba98-468e-ac60-89a0b1e68e4c-9.jpg,https://www.grandemotors.co.nz/Motorcentral/VehicleData/GRA-5b0ce9ed-ba98-468e-ac60-89a0b1e68e4c-10.jpg,https://www.grandemotors.co.nz/Motorcentral/VehicleData/GRA-5b0ce9ed-ba98-468e-ac60-89a0b1e68e4c-11.jpg,https://www.grandemotors.co.nz/Motorcentral/VehicleData/GRA-5b0ce9ed-ba98-468e-ac60-89a0b1e68e4c-12.jpg,https://www.grandemotors.co.nz/Motorcentral/VehicleData/GRA-5b0ce9ed-ba98-468e-ac60-89a0b1e68e4c-13.jpg,https://www.grandemotors.co.nz/Motorcentral/VehicleData/GRA-5b0ce9ed-ba98-468e-ac60-89a0b1e68e4c-14.jpg,https://www.grandemotors.co.nz/Motorcentral/VehicleData/GRA-5b0ce9ed-ba98-468e-ac60-89a0b1e68e4c-15.jpg",Toyota,"Vehicles & Parts > Vehicles > Cars, Trucks & Vans",2002,SEDAN,GASOLINE,Automatic,Grande Motors
13646,2006 Toyota Mark X Vertigo in Transit 26000 km!!!,"2006 Toyota Mark X Sedan in BBRONZE Japanese import, 2500 engine, done 26000kms,Automatic. Transit hold Deposit 1000$ Mark X S package Vertigo b Available from Grande Motors Ltd, East Tamaki, Auckland.",in stock,used,13900.00 NZD,https://www.grandemotors.co.nz/vehicle/2006-Toyota-MarkX/13646,https://www.grandemotors.co.nz/Motorcentral/VehicleData/GRA-2088f4b0-7643-4b65-9dd2-e495d64ae55f-1.jpg,"https://www.grandemotors.co.nz/Motorcentral/VehicleData/GRA-2088f4b0-7643-4b65-9dd2-e495d64ae55f-2.jpg,https://www.grandemotors.co.nz/Motorcentral/VehicleData/GRA-2088f4b0-7643-4b65-9dd2-e495d64ae55f-3.jpg,https://www.grandemotors.co.nz/Motorcentral/VehicleData/GRA-2088f4b0-7643-4b65-9dd2-e495d64ae55f-4.jpg,https://www.grandemotors.co.nz/Motorcentral/VehicleData/GRA-2088f4b0-7643-4b65-9dd2-e495d64ae55f-5.jpg,https://www.grandemotors.co.nz/Motorcentral/VehicleData/GRA-2088f4b0-7643-4b65-9dd2-e495d64ae55f-6.jpg,https://www.grandemotors.co.nz/Motorcentral/VehicleData/GRA-2088f4b0-7643-4b65-9dd2-e495d64ae55f-7.jpg,https://www.grandemotors.co.nz/Motorcentral/VehicleData/GRA-2088f4b0-7643-4b65-9dd2-e495d64ae55f-8.jpg,https://www.grandemotors.co.nz/Motorcentral/VehicleData/GRA-2088f4b0-7643-4b65-9dd2-e495d64ae55f-9.jpg,https://www.grandemotors.co.nz/Motorcentral/VehicleData/GRA-2088f4b0-7643-4b65-9dd2-e495d64ae55f-10.jpg,https://www.grandemotors.co.nz/Motorcentral/VehicleData/GRA-2088f4b0-7643-4b65-9dd2-e495d64ae55f-11.jpg,https://www.grandemotors.co.nz/Motorcentral/VehicleData/GRA-2088f4b0-7643-4b65-9dd2-e495d64ae55f-12.jpg,https://www.grandemotors.co.nz/Motorcentral/VehicleData/GRA-2088f4b0-7643-4b65-9dd2-e495d64ae55f-13.jpg,https://www.grandemotors.co.nz/Motorcentral/VehicleData/GRA-2088f4b0-7643-4b65-9dd2-e495d64ae55f-14.jpg",Toyota,"Vehicles & Parts > Vehicles > Cars, Trucks & Vans",2006,SEDAN,OTHER,Automatic,Grande Motors
13430,2012 Toyota Prius Alpha S.Rear camera.8 Airbags.,"2012 Toyota Prius Alpha in grey colour with grey interior. Japanese import, smooth 1800cc chain driven engine provides perfect compromise between p Available from Grande Motors Ltd, East Tamaki, Auckland.",in stock,used,10900.00 NZD,https://www.grandemotors.co.nz/vehicle/2012-Toyota-Prius/13430,https://www.grandemotors.co.nz/Motorcentral/VehicleData/GRA-23c5d743-5d0b-4ec0-8eda-512d31ad0101-1.jpg,"https://www.grandemotors.co.nz/Motorcentral/VehicleData/GRA-23c5d743-5d0b-4ec0-8eda-512d31ad0101-2.jpg,https://www.grandemotors.co.nz/Motorcentral/VehicleData/GRA-23c5d743-5d0b-4ec0-8eda-512d31ad0101-3.jpg,https://www.grandemotors.co.nz/Motorcentral/VehicleData/GRA-23c5d743-5d0b-4ec0-8eda-512d31ad0101-4.jpg,https://www.grandemotors.co.nz/Motorcentral/VehicleData/GRA-23c5d743-5d0b-4ec0-8eda-512d31ad0101-5.jpg,https://www.grandemotors.co.nz/Motorcentral/VehicleData/GRA-23c5d743-5d0b-4ec0-8eda-512d31ad0101-6.jpg,https://www.grandemotors.co.nz/Motorcentral/VehicleData/GRA-23c5d743-5d0b-4ec0-8eda-512d31ad0101-7.jpg,https://www.grandemotors.co.nz/Motorcentral/VehicleData/GRA-23c5d743-5d0b-4ec0-8eda-512d31ad0101-8.jpg,https://www.grandemotors.co.nz/Motorcentral/VehicleData/GRA-23c5d743-5d0b-4ec0-8eda-512d31ad0101-9.jpg,https://www.grandemotors.co.nz/Motorcentral/VehicleData/GRA-23c5d743-5d0b-4ec0-8eda-512d31ad0101-10.jpg,https://www.grandemotors.co.nz/Motorcentral/VehicleData/GRA-23c5d743-5d0b-4ec0-8eda-512d31ad0101-11.jpg,https://www.grandemotors.co.nz/Motorcentral/VehicleData/GRA-23c5d743-5d0b-4ec0-8eda-512d31ad0101-12.jpg,https://www.grandemotors.co.nz/Motorcentral/VehicleData/GRA-23c5d743-5d0b-4ec0-8eda-512d31ad0101-13.jpg,https://www.grandemotors.co.nz/Motorcentral/VehicleData/GRA-23c5d743-5d0b-4ec0-8eda-512d31ad0101-14.jpg,https://www.grandemotors.co.nz/Motorcentral/VehicleData/GRA-23c5d743-5d0b-4ec0-8eda-512d31ad0101-15.jpg,https://www.grandemotors.co.nz/Motorcentral/VehicleData/GRA-23c5d743-5d0b-4ec0-8eda-512d31ad0101-16.jpg",Toyota,"Vehicles & Parts > Vehicles > Cars, Trucks & Vans",2012,WAGON,HYBRID,Automatic,Grande Motors
12761,2013 Toyota Prius Alpha S.7 seater.Rear camera.8 Airbags.,"2013 Toyota Prius Alpha in blue colour with grey interior. Japanese import, smooth 1800cc chain driven engine provides perfect compromise between p Available from Grande Motors Ltd, East Tamaki, Auckland.",in stock,used,14490.00 NZD,https://www.grandemotors.co.nz/vehicle/2013-Toyota-Prius/12761,https://www.grandemotors.co.nz/Motorcentral/VehicleData/GRA-e6a629bb-8e0b-45a6-a197-4b88978e32c1-1.jpg,"https://www.grandemotors.co.nz/Motorcentral/VehicleData/GRA-e6a629bb-8e0b-45a6-a197-4b88978e32c1-2.jpg,https://www.grandemotors.co.nz/Motorcentral/VehicleData/GRA-e6a629bb-8e0b-45a6-a197-4b88978e32c1-3.jpg,https://www.grandemotors.co.nz/Motorcentral/VehicleData/GRA-e6a629bb-8e0b-45a6-a197-4b88978e32c1-4.jpg,https://www.grandemotors.co.nz/Motorcentral/VehicleData/GRA-e6a629bb-8e0b-45a6-a197-4b88978e32c1-5.jpg,https://www.grandemotors.co.nz/Motorcentral/VehicleData/GRA-e6a629bb-8e0b-45a6-a197-4b88978e32c1-6.jpg,https://www.grandemotors.co.nz/Motorcentral/VehicleData/GRA-e6a629bb-8e0b-45a6-a197-4b88978e32c1-7.jpg,https://www.grandemotors.co.nz/Motorcentral/VehicleData/GRA-e6a629bb-8e0b-45a6-a197-4b88978e32c1-8.jpg,https://www.grandemotors.co.nz/Motorcentral/VehicleData/GRA-e6a629bb-8e0b-45a6-a197-4b88978e32c1-9.jpg,https://www.grandemotors.co.nz/Motorcentral/VehicleData/GRA-e6a629bb-8e0b-45a6-a197-4b88978e32c1-10.jpg,https://www.grandemotors.co.nz/Motorcentral/VehicleData/GRA-e6a629bb-8e0b-45a6-a197-4b88978e32c1-11.jpg,https://www.grandemotors.co.nz/Motorcentral/VehicleData/GRA-e6a629bb-8e0b-45a6-a197-4b88978e32c1-12.jpg,https://www.grandemotors.co.nz/Motorcentral/VehicleData/GRA-e6a629bb-8e0b-45a6-a197-4b88978e32c1-13.jpg,https://www.grandemotors.co.nz/Motorcentral/VehicleData/GRA-e6a629bb-8e0b-45a6-a197-4b88978e32c1-14.jpg,https://www.grandemotors.co.nz/Motorcentral/VehicleData/GRA-e6a629bb-8e0b-45a6-a197-4b88978e32c1-15.jpg,https://www.grandemotors.co.nz/Motorcentral/VehicleData/GRA-e6a629bb-8e0b-45a6-a197-4b88978e32c1-16.jpg,https://www.grandemotors.co.nz/Motorcentral/VehicleData/GRA-e6a629bb-8e0b-45a6-a197-4b88978e32c1-17.jpg,https://www.grandemotors.co.nz/Motorcentral/VehicleData/GRA-e6a629bb-8e0b-45a6-a197-4b88978e32c1-18.jpg,https://www.grandemotors.co.nz/Motorcentral/VehicleData/GRA-e6a629bb-8e0b-45a6-a197-4b88978e32c1-19.jpg",Toyota,"Vehicles & Parts > Vehicles > Cars, Trucks & Vans",2013,WAGON,HYBRID,Automatic,Grande Motors
13435,2014 Toyota Prius Alpha S.Android/ApplePlay.Rear camera.8 Airbags.,"2014 Toyota Prius Alpha G in maroon colour with dark interior. Japanese import, smooth 1800cc chain driven engine provides perfect compromise betwe Available from Grande Motors Ltd, East Tamaki, Auckland.",in stock,used,13900.00 NZD,https://www.grandemotors.co.nz/vehicle/2014-Toyota-Prius/13435,https://www.grandemotors.co.nz/Motorcentral/VehicleData/GRA-b6524fd8-e633-4cc7-857c-c3bcb06a06be-1.jpg,"https://www.grandemotors.co.nz/Motorcentral/VehicleData/GRA-b6524fd8-e633-4cc7-857c-c3bcb06a06be-2.jpg,https://www.grandemotors.co.nz/Motorcentral/VehicleData/GRA-b6524fd8-e633-4cc7-857c-c3bcb06a06be-3.jpg,https://www.grandemotors.co.nz/Motorcentral/VehicleData/GRA-b6524fd8-e633-4cc7-857c-c3bcb06a06be-4.jpg,https://www.grandemotors.co.nz/Motorcentral/VehicleData/GRA-b6524fd8-e633-4cc7-857c-c3bcb06a06be-5.jpg,https://www.grandemotors.co.nz/Motorcentral/VehicleData/GRA-b6524fd8-e633-4cc7-857c-c3bcb06a06be-6.jpg,https://www.grandemotors.co.nz/Motorcentral/VehicleData/GRA-b6524fd8-e633-4cc7-857c-c3bcb06a06be-7.jpg,https://www.grandemotors.co.nz/Motorcentral/VehicleData/GRA-b6524fd8-e633-4cc7-857c-c3bcb06a06be-8.jpg,https://www.grandemotors.co.nz/Motorcentral/VehicleData/GRA-b6524fd8-e633-4cc7-857c-c3bcb06a06be-9.jpg,https://www.grandemotors.co.nz/Motorcentral/VehicleData/GRA-b6524fd8-e633-4cc7-857c-c3bcb06a06be-10.jpg,https://www.grandemotors.co.nz/Motorcentral/VehicleData/GRA-b6524fd8-e633-4cc7-857c-c3bcb06a06be-11.jpg,https://www.grandemotors.co.nz/Motorcentral/VehicleData/GRA-b6524fd8-e633-4cc7-857c-c3bcb06a06be-12.jpg,https://www.grandemotors.co.nz/Motorcentral/VehicleData/GRA-b6524fd8-e633-4cc7-857c-c3bcb06a06be-13.jpg,https://www.grandemotors.co.nz/Motorcentral/VehicleData/GRA-b6524fd8-e633-4cc7-857c-c3bcb06a06be-14.jpg,https://www.grandemotors.co.nz/Motorcentral/VehicleData/GRA-b6524fd8-e633-4cc7-857c-c3bcb06a06be-15.jpg,https://www.grandemotors.co.nz/Motorcentral/VehicleData/GRA-b6524fd8-e633-4cc7-857c-c3bcb06a06be-16.jpg,https://www.grandemotors.co.nz/Motorcentral/VehicleData/GRA-b6524fd8-e633-4cc7-857c-c3bcb06a06be-17.jpg,https://www.grandemotors.co.nz/Motorcentral/VehicleData/GRA-b6524fd8-e633-4cc7-857c-c3bcb06a06be-18.jpg,https://www.grandemotors.co.nz/Motorcentral/VehicleData/GRA-b6524fd8-e633-4cc7-857c-c3bcb06a06be-19.jpg,https://www.grandemotors.co.nz/Motorcentral/VehicleData/GRA-b6524fd8-e633-4cc7-857c-c3bcb06a06be-20.jpg",Toyota,"Vehicles & Parts > Vehicles > Cars, Trucks & Vans",2014,WAGON,HYBRID,Automatic,Grande Motors
13441,2014 Toyota Prius Rear camera.8 Airbags.,"Immobilizer. Engine button start. 8 SRS Airbags (front, side, rear). 2014 Toyota Prius G spec in Dark Maroon colour with dark interior. Japane Available from Grande Motors Ltd, East Tamaki, Auckland.",in stock,used,11500.00 NZD,https://www.grandemotors.co.nz/vehicle/2014-Toyota-Prius/13441,https://www.grandemotors.co.nz/Motorcentral/VehicleData/GRA-12953790-1003-4c01-a943-6065a324ef17-1.jpg,"https://www.grandemotors.co.nz/Motorcentral/VehicleData/GRA-12953790-1003-4c01-a943-6065a324ef17-2.jpg,https://www.grandemotors.co.nz/Motorcentral/VehicleData/GRA-12953790-1003-4c01-a943-6065a324ef17-3.jpg,https://www.grandemotors.co.nz/Motorcentral/VehicleData/GRA-12953790-1003-4c01-a943-6065a324ef17-4.jpg,https://www.grandemotors.co.nz/Motorcentral/VehicleData/GRA-12953790-1003-4c01-a943-6065a324ef17-5.jpg,https://www.grandemotors.co.nz/Motorcentral/VehicleData/GRA-12953790-1003-4c01-a943-6065a324ef17-6.jpg,https://www.grandemotors.co.nz/Motorcentral/VehicleData/GRA-12953790-1003-4c01-a943-6065a324ef17-7.jpg,https://www.grandemotors.co.nz/Motorcentral/VehicleData/GRA-12953790-1003-4c01-a943-6065a324ef17-8.jpg,https://www.grandemotors.co.nz/Motorcentral/VehicleData/GRA-12953790-1003-4c01-a943-6065a324ef17-9.jpg,https://www.grandemotors.co.nz/Motorcentral/VehicleData/GRA-12953790-1003-4c01-a943-6065a324ef17-10.jpg,https://www.grandemotors.co.nz/Motorcentral/VehicleData/GRA-12953790-1003-4c01-a943-6065a324ef17-11.jpg,https://www.grandemotors.co.nz/Motorcentral/VehicleData/GRA-12953790-1003-4c01-a943-6065a324ef17-12.jpg,https://www.grandemotors.co.nz/Motorcentral/VehicleData/GRA-12953790-1003-4c01-a943-6065a324ef17-13.jpg,https://www.grandemotors.co.nz/Motorcentral/VehicleData/GRA-12953790-1003-4c01-a943-6065a324ef17-14.jpg,https://www.grandemotors.co.nz/Motorcentral/VehicleData/GRA-12953790-1003-4c01-a943-6065a324ef17-15.jpg,https://www.grandemotors.co.nz/Motorcentral/VehicleData/GRA-12953790-1003-4c01-a943-6065a324ef17-16.jpg,https://www.grandemotors.co.nz/Motorcentral/VehicleData/GRA-12953790-1003-4c01-a943-6065a324ef17-17.jpg,https://www.grandemotors.co.nz/Motorcentral/VehicleData/GRA-12953790-1003-4c01-a943-6065a324ef17-18.jpg",Toyota,"Vehicles & Parts > Vehicles > Cars, Trucks & Vans",2014,HATCHBACK,HYBRID,Automatic,Grande Motors
13516,2014 Toyota Prius S pack.Rear cam.Park sensors.,"Immobilizer. Cruise control. Engine button start. 2014 Toyota Prius in white colour with dark interior. Japanese import, smooth 1800cc chain d Available from Grande Motors Ltd, East Tamaki, Auckland.",in stock,used,11400.00 NZD,https://www.grandemotors.co.nz/vehicle/2014-Toyota-Prius/13516,https://www.grandemotors.co.nz/Motorcentral/VehicleData/GRA-453bdbc0-b5c9-4c38-8305-a9d78f043058-1.jpg,"https://www.grandemotors.co.nz/Motorcentral/VehicleData/GRA-453bdbc0-b5c9-4c38-8305-a9d78f043058-2.jpg,https://www.grandemotors.co.nz/Motorcentral/VehicleData/GRA-453bdbc0-b5c9-4c38-8305-a9d78f043058-3.jpg,https://www.grandemotors.co.nz/Motorcentral/VehicleData/GRA-453bdbc0-b5c9-4c38-8305-a9d78f043058-4.jpg,https://www.grandemotors.co.nz/Motorcentral/VehicleData/GRA-453bdbc0-b5c9-4c38-8305-a9d78f043058-5.jpg,https://www.grandemotors.co.nz/Motorcentral/VehicleData/GRA-453bdbc0-b5c9-4c38-8305-a9d78f043058-6.jpg,https://www.grandemotors.co.nz/Motorcentral/VehicleData/GRA-453bdbc0-b5c9-4c38-8305-a9d78f043058-7.jpg,https://www.grandemotors.co.nz/Motorcentral/VehicleData/GRA-453bdbc0-b5c9-4c38-8305-a9d78f043058-8.jpg,https://www.grandemotors.co.nz/Motorcentral/VehicleData/GRA-453bdbc0-b5c9-4c38-8305-a9d78f043058-9.jpg,https://www.grandemotors.co.nz/Motorcentral/VehicleData/GRA-453bdbc0-b5c9-4c38-8305-a9d78f043058-10.jpg,https://www.grandemotors.co.nz/Motorcentral/VehicleData/GRA-453bdbc0-b5c9-4c38-8305-a9d78f043058-11.jpg,https://www.grandemotors.co.nz/Motorcentral/VehicleData/GRA-453bdbc0-b5c9-4c38-8305-a9d78f043058-12.jpg,https://www.grandemotors.co.nz/Motorcentral/VehicleData/GRA-453bdbc0-b5c9-4c38-8305-a9d78f043058-13.jpg,https://www.grandemotors.co.nz/Motorcentral/VehicleData/GRA-453bdbc0-b5c9-4c38-8305-a9d78f043058-14.jpg,https://www.grandemotors.co.nz/Motorcentral/VehicleData/GRA-453bdbc0-b5c9-4c38-8305-a9d78f043058-15.jpg,https://www.grandemotors.co.nz/Motorcentral/VehicleData/GRA-453bdbc0-b5c9-4c38-8305-a9d78f043058-16.jpg,https://www.grandemotors.co.nz/Motorcentral/VehicleData/GRA-453bdbc0-b5c9-4c38-8305-a9d78f043058-17.jpg,https://www.grandemotors.co.nz/Motorcentral/VehicleData/GRA-453bdbc0-b5c9-4c38-8305-a9d78f043058-18.jpg",Toyota,"Vehicles & Parts > Vehicles > Cars, Trucks & Vans",2014,HATCHBACK,HYBRID,Automatic,Grande Motors
13455,2015 Toyota Prius S pack.Rear cam.Park sensors.,"Immobilizer. Engine button start. 2015 Toyota Prius in black colour with dark interior. Japanese import, smooth 1800cc chain driven engine prov Available from Grande Motors Ltd, East Tamaki, Auckland.",in stock,used,13900.00 NZD,https://www.grandemotors.co.nz/vehicle/2015-Toyota-Prius/13455,https://www.grandemotors.co.nz/Motorcentral/VehicleData/GRA-9873a535-ce9a-40da-8784-c5ccf31a4748-1.jpg,"https://www.grandemotors.co.nz/Motorcentral/VehicleData/GRA-9873a535-ce9a-40da-8784-c5ccf31a4748-2.jpg,https://www.grandemotors.co.nz/Motorcentral/VehicleData/GRA-9873a535-ce9a-40da-8784-c5ccf31a4748-3.jpg,https://www.grandemotors.co.nz/Motorcentral/VehicleData/GRA-9873a535-ce9a-40da-8784-c5ccf31a4748-4.jpg,https://www.grandemotors.co.nz/Motorcentral/VehicleData/GRA-9873a535-ce9a-40da-8784-c5ccf31a4748-5.jpg,https://www.grandemotors.co.nz/Motorcentral/VehicleData/GRA-9873a535-ce9a-40da-8784-c5ccf31a4748-6.jpg,https://www.grandemotors.co.nz/Motorcentral/VehicleData/GRA-9873a535-ce9a-40da-8784-c5ccf31a4748-7.jpg,https://www.grandemotors.co.nz/Motorcentral/VehicleData/GRA-9873a535-ce9a-40da-8784-c5ccf31a4748-8.jpg,https://www.grandemotors.co.nz/Motorcentral/VehicleData/GRA-9873a535-ce9a-40da-8784-c5ccf31a4748-9.jpg,https://www.grandemotors.co.nz/Motorcentral/VehicleData/GRA-9873a535-ce9a-40da-8784-c5ccf31a4748-10.jpg,https://www.grandemotors.co.nz/Motorcentral/VehicleData/GRA-9873a535-ce9a-40da-8784-c5ccf31a4748-11.jpg,https://www.grandemotors.co.nz/Motorcentral/VehicleData/GRA-9873a535-ce9a-40da-8784-c5ccf31a4748-12.jpg,https://www.grandemotors.co.nz/Motorcentral/VehicleData/GRA-9873a535-ce9a-40da-8784-c5ccf31a4748-13.jpg,https://www.grandemotors.co.nz/Motorcentral/VehicleData/GRA-9873a535-ce9a-40da-8784-c5ccf31a4748-14.jpg,https://www.grandemotors.co.nz/Motorcentral/VehicleData/GRA-9873a535-ce9a-40da-8784-c5ccf31a4748-15.jpg,https://www.grandemotors.co.nz/Motorcentral/VehicleData/GRA-9873a535-ce9a-40da-8784-c5ccf31a4748-16.jpg,https://www.grandemotors.co.nz/Motorcentral/VehicleData/GRA-9873a535-ce9a-40da-8784-c5ccf31a4748-17.jpg",Toyota,"Vehicles & Parts > Vehicles > Cars, Trucks & Vans",2015,SEDAN,HYBRID,Automatic,Grande Motors
13556,2015 Toyota Prius Alpha S.Rear camera.Parking sensors.8 Airbags.,"2015 Toyota Prius Alpha S in red colour with dark interior. Japanese import, smooth 1800cc chain driven engine provides perfect compromise between Available from Grande Motors Ltd, East Tamaki, Auckland.",in stock,used,14900.00 NZD,https://www.grandemotors.co.nz/vehicle/2015-Toyota-Prius/13556,https://www.grandemotors.co.nz/Motorcentral/VehicleData/GRA-f78bceea-4a19-48a3-9275-6d1ed9a8d20f-1.jpg,"https://www.grandemotors.co.nz/Motorcentral/VehicleData/GRA-f78bceea-4a19-48a3-9275-6d1ed9a8d20f-2.jpg,https://www.grandemotors.co.nz/Motorcentral/VehicleData/GRA-f78bceea-4a19-48a3-9275-6d1ed9a8d20f-3.jpg,https://www.grandemotors.co.nz/Motorcentral/VehicleData/GRA-f78bceea-4a19-48a3-9275-6d1ed9a8d20f-4.jpg,https://www.grandemotors.co.nz/Motorcentral/VehicleData/GRA-f78bceea-4a19-48a3-9275-6d1ed9a8d20f-5.jpg,https://www.grandemotors.co.nz/Motorcentral/VehicleData/GRA-f78bceea-4a19-48a3-9275-6d1ed9a8d20f-6.jpg,https://www.grandemotors.co.nz/Motorcentral/VehicleData/GRA-f78bceea-4a19-48a3-9275-6d1ed9a8d20f-7.jpg,https://www.grandemotors.co.nz/Motorcentral/VehicleData/GRA-f78bceea-4a19-48a3-9275-6d1ed9a8d20f-8.jpg,https://www.grandemotors.co.nz/Motorcentral/VehicleData/GRA-f78bceea-4a19-48a3-9275-6d1ed9a8d20f-9.jpg,https://www.grandemotors.co.nz/Motorcentral/VehicleData/GRA-f78bceea-4a19-48a3-9275-6d1ed9a8d20f-10.jpg,https://www.grandemotors.co.nz/Motorcentral/VehicleData/GRA-f78bceea-4a19-48a3-9275-6d1ed9a8d20f-11.jpg,https://www.grandemotors.co.nz/Motorcentral/VehicleData/GRA-f78bceea-4a19-48a3-9275-6d1ed9a8d20f-12.jpg,https://www.grandemotors.co.nz/Motorcentral/VehicleData/GRA-f78bceea-4a19-48a3-9275-6d1ed9a8d20f-13.jpg,https://www.grandemotors.co.nz/Motorcentral/VehicleData/GRA-f78bceea-4a19-48a3-9275-6d1ed9a8d20f-14.jpg,https://www.grandemotors.co.nz/Motorcentral/VehicleData/GRA-f78bceea-4a19-48a3-9275-6d1ed9a8d20f-15.jpg,https://www.grandemotors.co.nz/Motorcentral/VehicleData/GRA-f78bceea-4a19-48a3-9275-6d1ed9a8d20f-16.jpg,https://www.grandemotors.co.nz/Motorcentral/VehicleData/GRA-f78bceea-4a19-48a3-9275-6d1ed9a8d20f-17.jpg,https://www.grandemotors.co.nz/Motorcentral/VehicleData/GRA-f78bceea-4a19-48a3-9275-6d1ed9a8d20f-18.jpg",Toyota,"Vehicles & Parts > Vehicles > Cars, Trucks & Vans",2015,WAGON,HYBRID,Automatic,Grande Motors
13591,2015 Toyota Prius S Package.Rear camera.8 Airbags.,"Immobilizer. Engine button start. 2015 Toyota Prius in silver colour with dark interior. Japanese import, smooth 1800cc chain driven engine pro Available from Grande Motors Ltd, East Tamaki, Auckland.",in stock,used,14900.00 NZD,https://www.grandemotors.co.nz/vehicle/2015-Toyota-Prius/13591,https://www.grandemotors.co.nz/Motorcentral/VehicleData/GRA-ee82d4fc-a622-4049-9fcf-e2ebdb7af2e8-1.jpg,"https://www.grandemotors.co.nz/Motorcentral/VehicleData/GRA-ee82d4fc-a622-4049-9fcf-e2ebdb7af2e8-2.jpg,https://www.grandemotors.co.nz/Motorcentral/VehicleData/GRA-ee82d4fc-a622-4049-9fcf-e2ebdb7af2e8-3.jpg,https://www.grandemotors.co.nz/Motorcentral/VehicleData/GRA-ee82d4fc-a622-4049-9fcf-e2ebdb7af2e8-4.jpg,https://www.grandemotors.co.nz/Motorcentral/VehicleData/GRA-ee82d4fc-a622-4049-9fcf-e2ebdb7af2e8-5.jpg,https://www.grandemotors.co.nz/Motorcentral/VehicleData/GRA-ee82d4fc-a622-4049-9fcf-e2ebdb7af2e8-6.jpg,https://www.grandemotors.co.nz/Motorcentral/VehicleData/GRA-ee82d4fc-a622-4049-9fcf-e2ebdb7af2e8-7.jpg,https://www.grandemotors.co.nz/Motorcentral/VehicleData/GRA-ee82d4fc-a622-4049-9fcf-e2ebdb7af2e8-8.jpg,https://www.grandemotors.co.nz/Motorcentral/VehicleData/GRA-ee82d4fc-a622-4049-9fcf-e2ebdb7af2e8-9.jpg,https://www.grandemotors.co.nz/Motorcentral/VehicleData/GRA-ee82d4fc-a622-4049-9fcf-e2ebdb7af2e8-10.jpg,https://www.grandemotors.co.nz/Motorcentral/VehicleData/GRA-ee82d4fc-a622-4049-9fcf-e2ebdb7af2e8-11.jpg,https://www.grandemotors.co.nz/Motorcentral/VehicleData/GRA-ee82d4fc-a622-4049-9fcf-e2ebdb7af2e8-12.jpg,https://www.grandemotors.co.nz/Motorcentral/VehicleData/GRA-ee82d4fc-a622-4049-9fcf-e2ebdb7af2e8-13.jpg,https://www.grandemotors.co.nz/Motorcentral/VehicleData/GRA-ee82d4fc-a622-4049-9fcf-e2ebdb7af2e8-14.jpg,https://www.grandemotors.co.nz/Motorcentral/VehicleData/GRA-ee82d4fc-a622-4049-9fcf-e2ebdb7af2e8-15.jpg,https://www.grandemotors.co.nz/Motorcentral/VehicleData/GRA-ee82d4fc-a622-4049-9fcf-e2ebdb7af2e8-16.jpg,https://www.grandemotors.co.nz/Motorcentral/VehicleData/GRA-ee82d4fc-a622-4049-9fcf-e2ebdb7af2e8-17.jpg",Toyota,"Vehicles & Parts > Vehicles > Cars, Trucks & Vans",2015,HATCHBACK,HYBRID,Automatic,Grande Motors
13445,2016 Toyota Prius Radar cruise.Lane assist.Rear camera.Alarm.SRS Airbags.,"Alarm. Immobilizer. Cruise control. Engine button start. RCC (Radar Cruise Control). LKA (Lane Keeping Assistance). 2016 Toyota Prius in grey Available from Grande Motors Ltd, East Tamaki, Auckland.",in stock,used,17900.00 NZD,https://www.grandemotors.co.nz/vehicle/2016-Toyota-Prius/13445,https://www.grandemotors.co.nz/Motorcentral/VehicleData/GRA-70d66ea9-34af-43f8-a559-44c48747962e-1.jpg,"https://www.grandemotors.co.nz/Motorcentral/VehicleData/GRA-70d66ea9-34af-43f8-a559-44c48747962e-2.jpg,https://www.grandemotors.co.nz/Motorcentral/VehicleData/GRA-70d66ea9-34af-43f8-a559-44c48747962e-3.jpg,https://www.grandemotors.co.nz/Motorcentral/VehicleData/GRA-70d66ea9-34af-43f8-a559-44c48747962e-4.jpg,https://www.grandemotors.co.nz/Motorcentral/VehicleData/GRA-70d66ea9-34af-43f8-a559-44c48747962e-5.jpg,https://www.grandemotors.co.nz/Motorcentral/VehicleData/GRA-70d66ea9-34af-43f8-a559-44c48747962e-6.jpg,https://www.grandemotors.co.nz/Motorcentral/VehicleData/GRA-70d66ea9-34af-43f8-a559-44c48747962e-7.jpg,https://www.grandemotors.co.nz/Motorcentral/VehicleData/GRA-70d66ea9-34af-43f8-a559-44c48747962e-8.jpg,https://www.grandemotors.co.nz/Motorcentral/VehicleData/GRA-70d66ea9-34af-43f8-a559-44c48747962e-9.jpg,https://www.grandemotors.co.nz/Motorcentral/VehicleData/GRA-70d66ea9-34af-43f8-a559-44c48747962e-10.jpg,https://www.grandemotors.co.nz/Motorcentral/VehicleData/GRA-70d66ea9-34af-43f8-a559-44c48747962e-11.jpg,https://www.grandemotors.co.nz/Motorcentral/VehicleData/GRA-70d66ea9-34af-43f8-a559-44c48747962e-12.jpg,https://www.grandemotors.co.nz/Motorcentral/VehicleData/GRA-70d66ea9-34af-43f8-a559-44c48747962e-13.jpg,https://www.grandemotors.co.nz/Motorcentral/VehicleData/GRA-70d66ea9-34af-43f8-a559-44c48747962e-14.jpg,https://www.grandemotors.co.nz/Motorcentral/VehicleData/GRA-70d66ea9-34af-43f8-a559-44c48747962e-15.jpg,https://www.grandemotors.co.nz/Motorcentral/VehicleData/GRA-70d66ea9-34af-43f8-a559-44c48747962e-16.jpg",Toyota,"Vehicles & Parts > Vehicles > Cars, Trucks & Vans",2016,HATCHBACK,HYBRID,Automatic,Grande Motors
13608,2016 Toyota Prius S.Radar cruise.Lane assist.Safety radar.Rear cam.8 Airbags.,"Alarm. Immobilizer. Cruise control. Engine button start. RCC (Radar Cruise Control). LKA (Lane Keeping Assistance). 2016 Toyota Prius in silve Available from Grande Motors Ltd, East Tamaki, Auckland.",in stock,used,17300.00 NZD,https://www.grandemotors.co.nz/vehicle/2016-Toyota-Prius/13608,https://www.grandemotors.co.nz/Motorcentral/VehicleData/GRA-cea58a9f-78b7-4072-9d9e-e26523d1748f-1.jpg,"https://www.grandemotors.co.nz/Motorcentral/VehicleData/GRA-cea58a9f-78b7-4072-9d9e-e26523d1748f-2.jpg,https://www.grandemotors.co.nz/Motorcentral/VehicleData/GRA-cea58a9f-78b7-4072-9d9e-e26523d1748f-3.jpg,https://www.grandemotors.co.nz/Motorcentral/VehicleData/GRA-cea58a9f-78b7-4072-9d9e-e26523d1748f-4.jpg,https://www.grandemotors.co.nz/Motorcentral/VehicleData/GRA-cea58a9f-78b7-4072-9d9e-e26523d1748f-5.jpg,https://www.grandemotors.co.nz/Motorcentral/VehicleData/GRA-cea58a9f-78b7-4072-9d9e-e26523d1748f-6.jpg,https://www.grandemotors.co.nz/Motorcentral/VehicleData/GRA-cea58a9f-78b7-4072-9d9e-e26523d1748f-7.jpg,https://www.grandemotors.co.nz/Motorcentral/VehicleData/GRA-cea58a9f-78b7-4072-9d9e-e26523d1748f-8.jpg,https://www.grandemotors.co.nz/Motorcentral/VehicleData/GRA-cea58a9f-78b7-4072-9d9e-e26523d1748f-9.jpg,https://www.grandemotors.co.nz/Motorcentral/VehicleData/GRA-cea58a9f-78b7-4072-9d9e-e26523d1748f-10.jpg,https://www.grandemotors.co.nz/Motorcentral/VehicleData/GRA-cea58a9f-78b7-4072-9d9e-e26523d1748f-11.jpg,https://www.grandemotors.co.nz/Motorcentral/VehicleData/GRA-cea58a9f-78b7-4072-9d9e-e26523d1748f-12.jpg,https://www.grandemotors.co.nz/Motorcentral/VehicleData/GRA-cea58a9f-78b7-4072-9d9e-e26523d1748f-13.jpg,https://www.grandemotors.co.nz/Motorcentral/VehicleData/GRA-cea58a9f-78b7-4072-9d9e-e26523d1748f-14.jpg,https://www.grandemotors.co.nz/Motorcentral/VehicleData/GRA-cea58a9f-78b7-4072-9d9e-e26523d1748f-15.jpg,https://www.grandemotors.co.nz/Motorcentral/VehicleData/GRA-cea58a9f-78b7-4072-9d9e-e26523d1748f-16.jpg,https://www.grandemotors.co.nz/Motorcentral/VehicleData/GRA-cea58a9f-78b7-4072-9d9e-e26523d1748f-17.jpg,https://www.grandemotors.co.nz/Motorcentral/VehicleData/GRA-cea58a9f-78b7-4072-9d9e-e26523d1748f-18.jpg,https://www.grandemotors.co.nz/Motorcentral/VehicleData/GRA-cea58a9f-78b7-4072-9d9e-e26523d1748f-19.jpg,https://www.grandemotors.co.nz/Motorcentral/VehicleData/GRA-cea58a9f-78b7-4072-9d9e-e26523d1748f-20.jpg",Toyota,"Vehicles & Parts > Vehicles > Cars, Trucks & Vans",2016,HATCHBACK,HYBRID,Automatic,Grande Motors
13395,2018 Toyota Prius G.Leather.HUD.Radar cruise.Lane assist.Park sens.Alarm.8 Airbags.,"Alarm. Immobilizer. Cruise control. Parking sensors. Engine button start. HUD (Head Up Display). RCC (Radar Cruise Control). LKA (Lane Keeping Available from Grande Motors Ltd, East Tamaki, Auckland.",in stock,used,18700.00 NZD,https://www.grandemotors.co.nz/vehicle/2018-Toyota-Prius/13395,https://www.grandemotors.co.nz/Motorcentral/VehicleData/GRA-e90feca2-0f55-4a75-ae68-3b66868d9c15-1.jpg,"https://www.grandemotors.co.nz/Motorcentral/VehicleData/GRA-e90feca2-0f55-4a75-ae68-3b66868d9c15-2.jpg,https://www.grandemotors.co.nz/Motorcentral/VehicleData/GRA-e90feca2-0f55-4a75-ae68-3b66868d9c15-3.jpg,https://www.grandemotors.co.nz/Motorcentral/VehicleData/GRA-e90feca2-0f55-4a75-ae68-3b66868d9c15-4.jpg,https://www.grandemotors.co.nz/Motorcentral/VehicleData/GRA-e90feca2-0f55-4a75-ae68-3b66868d9c15-5.jpg,https://www.grandemotors.co.nz/Motorcentral/VehicleData/GRA-e90feca2-0f55-4a75-ae68-3b66868d9c15-6.jpg,https://www.grandemotors.co.nz/Motorcentral/VehicleData/GRA-e90feca2-0f55-4a75-ae68-3b66868d9c15-7.jpg,https://www.grandemotors.co.nz/Motorcentral/VehicleData/GRA-e90feca2-0f55-4a75-ae68-3b66868d9c15-8.jpg,https://www.grandemotors.co.nz/Motorcentral/VehicleData/GRA-e90feca2-0f55-4a75-ae68-3b66868d9c15-9.jpg,https://www.grandemotors.co.nz/Motorcentral/VehicleData/GRA-e90feca2-0f55-4a75-ae68-3b66868d9c15-10.jpg,https://www.grandemotors.co.nz/Motorcentral/VehicleData/GRA-e90feca2-0f55-4a75-ae68-3b66868d9c15-11.jpg,https://www.grandemotors.co.nz/Motorcentral/VehicleData/GRA-e90feca2-0f55-4a75-ae68-3b66868d9c15-12.jpg,https://www.grandemotors.co.nz/Motorcentral/VehicleData/GRA-e90feca2-0f55-4a75-ae68-3b66868d9c15-13.jpg,https://www.grandemotors.co.nz/Motorcentral/VehicleData/GRA-e90feca2-0f55-4a75-ae68-3b66868d9c15-14.jpg,https://www.grandemotors.co.nz/Motorcentral/VehicleData/GRA-e90feca2-0f55-4a75-ae68-3b66868d9c15-15.jpg,https://www.grandemotors.co.nz/Motorcentral/VehicleData/GRA-e90feca2-0f55-4a75-ae68-3b66868d9c15-16.jpg,https://www.grandemotors.co.nz/Motorcentral/VehicleData/GRA-e90feca2-0f55-4a75-ae68-3b66868d9c15-17.jpg,https://www.grandemotors.co.nz/Motorcentral/VehicleData/GRA-e90feca2-0f55-4a75-ae68-3b66868d9c15-18.jpg,https://www.grandemotors.co.nz/Motorcentral/VehicleData/GRA-e90feca2-0f55-4a75-ae68-3b66868d9c15-19.jpg,https://www.grandemotors.co.nz/Motorcentral/VehicleData/GRA-e90feca2-0f55-4a75-ae68-3b66868d9c15-20.jpg",Toyota,"Vehicles & Parts > Vehicles > Cars, Trucks & Vans",2018,HATCHBACK,HYBRID,Automatic,Grande Motors
13198,2019 Toyota Prius S.Radar cruise.Lane assist.Safety radar.Rear cam.8 Airbags.,"Alarm. Immobilizer. Cruise control. Engine button start. RCC (Radar Cruise Control). LKA (Lane Keeping Assistance). 2019 Toyota Prius in silve Available from Grande Motors Ltd, East Tamaki, Auckland.",in stock,used,21900.00 NZD,https://www.grandemotors.co.nz/vehicle/2019-Toyota-Prius/13198,https://www.grandemotors.co.nz/Motorcentral/VehicleData/GRA-b270dfbe-6bfa-42b3-94f2-71419e77af93-1.jpg,"https://www.grandemotors.co.nz/Motorcentral/VehicleData/GRA-b270dfbe-6bfa-42b3-94f2-71419e77af93-2.jpg,https://www.grandemotors.co.nz/Motorcentral/VehicleData/GRA-b270dfbe-6bfa-42b3-94f2-71419e77af93-3.jpg,https://www.grandemotors.co.nz/Motorcentral/VehicleData/GRA-b270dfbe-6bfa-42b3-94f2-71419e77af93-4.jpg,https://www.grandemotors.co.nz/Motorcentral/VehicleData/GRA-b270dfbe-6bfa-42b3-94f2-71419e77af93-5.jpg,https://www.grandemotors.co.nz/Motorcentral/VehicleData/GRA-b270dfbe-6bfa-42b3-94f2-71419e77af93-6.jpg,https://www.grandemotors.co.nz/Motorcentral/VehicleData/GRA-b270dfbe-6bfa-42b3-94f2-71419e77af93-7.jpg,https://www.grandemotors.co.nz/Motorcentral/VehicleData/GRA-b270dfbe-6bfa-42b3-94f2-71419e77af93-8.jpg,https://www.grandemotors.co.nz/Motorcentral/VehicleData/GRA-b270dfbe-6bfa-42b3-94f2-71419e77af93-9.jpg,https://www.grandemotors.co.nz/Motorcentral/VehicleData/GRA-b270dfbe-6bfa-42b3-94f2-71419e77af93-10.jpg,https://www.grandemotors.co.nz/Motorcentral/VehicleData/GRA-b270dfbe-6bfa-42b3-94f2-71419e77af93-11.jpg,https://www.grandemotors.co.nz/Motorcentral/VehicleData/GRA-b270dfbe-6bfa-42b3-94f2-71419e77af93-12.jpg,https://www.grandemotors.co.nz/Motorcentral/VehicleData/GRA-b270dfbe-6bfa-42b3-94f2-71419e77af93-13.jpg,https://www.grandemotors.co.nz/Motorcentral/VehicleData/GRA-b270dfbe-6bfa-42b3-94f2-71419e77af93-14.jpg,https://www.grandemotors.co.nz/Motorcentral/VehicleData/GRA-b270dfbe-6bfa-42b3-94f2-71419e77af93-15.jpg,https://www.grandemotors.co.nz/Motorcentral/VehicleData/GRA-b270dfbe-6bfa-42b3-94f2-71419e77af93-16.jpg,https://www.grandemotors.co.nz/Motorcentral/VehicleData/GRA-b270dfbe-6bfa-42b3-94f2-71419e77af93-17.jpg,https://www.grandemotors.co.nz/Motorcentral/VehicleData/GRA-b270dfbe-6bfa-42b3-94f2-71419e77af93-18.jpg,https://www.grandemotors.co.nz/Motorcentral/VehicleData/GRA-b270dfbe-6bfa-42b3-94f2-71419e77af93-19.jpg,https://www.grandemotors.co.nz/Motorcentral/VehicleData/GRA-b270dfbe-6bfa-42b3-94f2-71419e77af93-20.jpg",Toyota,"Vehicles & Parts > Vehicles > Cars, Trucks & Vans",2019,HATCHBACK,HYBRID,Automatic,Grande Motors
13487,2019 Toyota Prius Transit S TOURING SELECTION Balck Leather,"2019 Toyota Prius Sedan in Aqua Dreamy Blue Japanese import, 1800 engine, done 66000kms,Automatic. Transit S TOURING SELECTION 2019, Hybrid, Bl Available from Grande Motors Ltd, East Tamaki, Auckland.",in stock,used,23500.00 NZD,https://www.grandemotors.co.nz/vehicle/2019-Toyota-Prius/13487,https://www.grandemotors.co.nz/Motorcentral/VehicleData/GRA-53e51b4f-3c6f-40db-8292-7e8ab747a50a-1.jpg,"https://www.grandemotors.co.nz/Motorcentral/VehicleData/GRA-53e51b4f-3c6f-40db-8292-7e8ab747a50a-2.jpg,https://www.grandemotors.co.nz/Motorcentral/VehicleData/GRA-53e51b4f-3c6f-40db-8292-7e8ab747a50a-3.jpg,https://www.grandemotors.co.nz/Motorcentral/VehicleData/GRA-53e51b4f-3c6f-40db-8292-7e8ab747a50a-4.jpg,https://www.grandemotors.co.nz/Motorcentral/VehicleData/GRA-53e51b4f-3c6f-40db-8292-7e8ab747a50a-5.jpg,https://www.grandemotors.co.nz/Motorcentral/VehicleData/GRA-53e51b4f-3c6f-40db-8292-7e8ab747a50a-6.jpg,https://www.grandemotors.co.nz/Motorcentral/VehicleData/GRA-53e51b4f-3c6f-40db-8292-7e8ab747a50a-7.jpg,https://www.grandemotors.co.nz/Motorcentral/VehicleData/GRA-53e51b4f-3c6f-40db-8292-7e8ab747a50a-8.jpg,https://www.grandemotors.co.nz/Motorcentral/VehicleData/GRA-53e51b4f-3c6f-40db-8292-7e8ab747a50a-9.jpg,https://www.grandemotors.co.nz/Motorcentral/VehicleData/GRA-53e51b4f-3c6f-40db-8292-7e8ab747a50a-10.jpg,https://www.grandemotors.co.nz/Motorcentral/VehicleData/GRA-53e51b4f-3c6f-40db-8292-7e8ab747a50a-11.jpg",Toyota,"Vehicles & Parts > Vehicles > Cars, Trucks & Vans",2019,SEDAN,OTHER,Automatic,Grande Motors
13499,2019 Toyota Prius S.Safety radar.Radar cruise.Rear cam.LKA.Alarm.8 Airbags.,"Immobilizer. Cruise control. Engine button start. RCC (Radar Cruise Control). LKA (Lane Keeping Assistance). 2019 Toyota Prius in blue colour w Available from Grande Motors Ltd, East Tamaki, Auckland.",in stock,used,19800.00 NZD,https://www.grandemotors.co.nz/vehicle/2019-Toyota-Prius/13499,https://www.grandemotors.co.nz/Motorcentral/VehicleData/GRA-46109e36-68aa-4b6a-a586-758c5a31dfcd-1.jpg,"https://www.grandemotors.co.nz/Motorcentral/VehicleData/GRA-46109e36-68aa-4b6a-a586-758c5a31dfcd-2.jpg,https://www.grandemotors.co.nz/Motorcentral/VehicleData/GRA-46109e36-68aa-4b6a-a586-758c5a31dfcd-3.jpg,https://www.grandemotors.co.nz/Motorcentral/VehicleData/GRA-46109e36-68aa-4b6a-a586-758c5a31dfcd-4.jpg,https://www.grandemotors.co.nz/Motorcentral/VehicleData/GRA-46109e36-68aa-4b6a-a586-758c5a31dfcd-5.jpg,https://www.grandemotors.co.nz/Motorcentral/VehicleData/GRA-46109e36-68aa-4b6a-a586-758c5a31dfcd-6.jpg,https://www.grandemotors.co.nz/Motorcentral/VehicleData/GRA-46109e36-68aa-4b6a-a586-758c5a31dfcd-7.jpg,https://www.grandemotors.co.nz/Motorcentral/VehicleData/GRA-46109e36-68aa-4b6a-a586-758c5a31dfcd-8.jpg,https://www.grandemotors.co.nz/Motorcentral/VehicleData/GRA-46109e36-68aa-4b6a-a586-758c5a31dfcd-9.jpg,https://www.grandemotors.co.nz/Motorcentral/VehicleData/GRA-46109e36-68aa-4b6a-a586-758c5a31dfcd-10.jpg,https://www.grandemotors.co.nz/Motorcentral/VehicleData/GRA-46109e36-68aa-4b6a-a586-758c5a31dfcd-11.jpg,https://www.grandemotors.co.nz/Motorcentral/VehicleData/GRA-46109e36-68aa-4b6a-a586-758c5a31dfcd-12.jpg,https://www.grandemotors.co.nz/Motorcentral/VehicleData/GRA-46109e36-68aa-4b6a-a586-758c5a31dfcd-13.jpg,https://www.grandemotors.co.nz/Motorcentral/VehicleData/GRA-46109e36-68aa-4b6a-a586-758c5a31dfcd-14.jpg,https://www.grandemotors.co.nz/Motorcentral/VehicleData/GRA-46109e36-68aa-4b6a-a586-758c5a31dfcd-15.jpg,https://www.grandemotors.co.nz/Motorcentral/VehicleData/GRA-46109e36-68aa-4b6a-a586-758c5a31dfcd-16.jpg,https://www.grandemotors.co.nz/Motorcentral/VehicleData/GRA-46109e36-68aa-4b6a-a586-758c5a31dfcd-17.jpg,https://www.grandemotors.co.nz/Motorcentral/VehicleData/GRA-46109e36-68aa-4b6a-a586-758c5a31dfcd-18.jpg,https://www.grandemotors.co.nz/Motorcentral/VehicleData/GRA-46109e36-68aa-4b6a-a586-758c5a31dfcd-19.jpg,https://www.grandemotors.co.nz/Motorcentral/VehicleData/GRA-46109e36-68aa-4b6a-a586-758c5a31dfcd-20.jpg",Toyota,"Vehicles & Parts > Vehicles > Cars, Trucks & Vans",2019,HATCHBACK,HYBRID,Automatic,Grande Motors
13201,2020 Toyota Prius G.Radar cruise.Lane assist.Rear cam.Alarm.8 Airbags.,"Alarm. Immobilizer. Cruise control. Parking sensors. Engine button start. RCC (Radar Cruise Control). LKA (Lane Keeping Assistance). 2020 Toy Available from Grande Motors Ltd, East Tamaki, Auckland.",in stock,used,22500.00 NZD,https://www.grandemotors.co.nz/vehicle/2020-Toyota-Prius/13201,https://www.grandemotors.co.nz/Motorcentral/VehicleData/GRA-2947cdb8-fb4c-4399-b88e-aa8e474208bf-1.jpg,"https://www.grandemotors.co.nz/Motorcentral/VehicleData/GRA-2947cdb8-fb4c-4399-b88e-aa8e474208bf-2.jpg,https://www.grandemotors.co.nz/Motorcentral/VehicleData/GRA-2947cdb8-fb4c-4399-b88e-aa8e474208bf-3.jpg,https://www.grandemotors.co.nz/Motorcentral/VehicleData/GRA-2947cdb8-fb4c-4399-b88e-aa8e474208bf-4.jpg,https://www.grandemotors.co.nz/Motorcentral/VehicleData/GRA-2947cdb8-fb4c-4399-b88e-aa8e474208bf-5.jpg,https://www.grandemotors.co.nz/Motorcentral/VehicleData/GRA-2947cdb8-fb4c-4399-b88e-aa8e474208bf-6.jpg,https://www.grandemotors.co.nz/Motorcentral/VehicleData/GRA-2947cdb8-fb4c-4399-b88e-aa8e474208bf-7.jpg,https://www.grandemotors.co.nz/Motorcentral/VehicleData/GRA-2947cdb8-fb4c-4399-b88e-aa8e474208bf-8.jpg,https://www.grandemotors.co.nz/Motorcentral/VehicleData/GRA-2947cdb8-fb4c-4399-b88e-aa8e474208bf-9.jpg,https://www.grandemotors.co.nz/Motorcentral/VehicleData/GRA-2947cdb8-fb4c-4399-b88e-aa8e474208bf-10.jpg,https://www.grandemotors.co.nz/Motorcentral/VehicleData/GRA-2947cdb8-fb4c-4399-b88e-aa8e474208bf-11.jpg,https://www.grandemotors.co.nz/Motorcentral/VehicleData/GRA-2947cdb8-fb4c-4399-b88e-aa8e474208bf-12.jpg,https://www.grandemotors.co.nz/Motorcentral/VehicleData/GRA-2947cdb8-fb4c-4399-b88e-aa8e474208bf-13.jpg,https://www.grandemotors.co.nz/Motorcentral/VehicleData/GRA-2947cdb8-fb4c-4399-b88e-aa8e474208bf-14.jpg,https://www.grandemotors.co.nz/Motorcentral/VehicleData/GRA-2947cdb8-fb4c-4399-b88e-aa8e474208bf-15.jpg,https://www.grandemotors.co.nz/Motorcentral/VehicleData/GRA-2947cdb8-fb4c-4399-b88e-aa8e474208bf-16.jpg,https://www.grandemotors.co.nz/Motorcentral/VehicleData/GRA-2947cdb8-fb4c-4399-b88e-aa8e474208bf-17.jpg,https://www.grandemotors.co.nz/Motorcentral/VehicleData/GRA-2947cdb8-fb4c-4399-b88e-aa8e474208bf-18.jpg",Toyota,"Vehicles & Parts > Vehicles > Cars, Trucks & Vans",2020,HATCHBACK,HYBRID,Automatic,Grande Motors
13204,2020 Toyota Prius S.Radar cruise.Lane assist.Safety radar.Rear cam.8 Airbags.,"AUCTION GRADE 4,5. Alarm. Immobilizer. Cruise control. Engine button start. RCC (Radar Cruise Control). LKA (Lane Keeping Assistance). 2020 Available from Grande Motors Ltd, East Tamaki, Auckland.",in stock,used,22700.00 NZD,https://www.grandemotors.co.nz/vehicle/2020-Toyota-Prius/13204,https://www.grandemotors.co.nz/Motorcentral/VehicleData/GRA-41e40f3b-218f-4d30-8b40-5154dbb55400-1.jpg,"https://www.grandemotors.co.nz/Motorcentral/VehicleData/GRA-41e40f3b-218f-4d30-8b40-5154dbb55400-2.jpg,https://www.grandemotors.co.nz/Motorcentral/VehicleData/GRA-41e40f3b-218f-4d30-8b40-5154dbb55400-3.jpg,https://www.grandemotors.co.nz/Motorcentral/VehicleData/GRA-41e40f3b-218f-4d30-8b40-5154dbb55400-4.jpg,https://www.grandemotors.co.nz/Motorcentral/VehicleData/GRA-41e40f3b-218f-4d30-8b40-5154dbb55400-5.jpg,https://www.grandemotors.co.nz/Motorcentral/VehicleData/GRA-41e40f3b-218f-4d30-8b40-5154dbb55400-6.jpg,https://www.grandemotors.co.nz/Motorcentral/VehicleData/GRA-41e40f3b-218f-4d30-8b40-5154dbb55400-7.jpg,https://www.grandemotors.co.nz/Motorcentral/VehicleData/GRA-41e40f3b-218f-4d30-8b40-5154dbb55400-8.jpg,https://www.grandemotors.co.nz/Motorcentral/VehicleData/GRA-41e40f3b-218f-4d30-8b40-5154dbb55400-9.jpg,https://www.grandemotors.co.nz/Motorcentral/VehicleData/GRA-41e40f3b-218f-4d30-8b40-5154dbb55400-10.jpg,https://www.grandemotors.co.nz/Motorcentral/VehicleData/GRA-41e40f3b-218f-4d30-8b40-5154dbb55400-11.jpg,https://www.grandemotors.co.nz/Motorcentral/VehicleData/GRA-41e40f3b-218f-4d30-8b40-5154dbb55400-12.jpg,https://www.grandemotors.co.nz/Motorcentral/VehicleData/GRA-41e40f3b-218f-4d30-8b40-5154dbb55400-13.jpg,https://www.grandemotors.co.nz/Motorcentral/VehicleData/GRA-41e40f3b-218f-4d30-8b40-5154dbb55400-14.jpg,https://www.grandemotors.co.nz/Motorcentral/VehicleData/GRA-41e40f3b-218f-4d30-8b40-5154dbb55400-15.jpg,https://www.grandemotors.co.nz/Motorcentral/VehicleData/GRA-41e40f3b-218f-4d30-8b40-5154dbb55400-16.jpg,https://www.grandemotors.co.nz/Motorcentral/VehicleData/GRA-41e40f3b-218f-4d30-8b40-5154dbb55400-17.jpg,https://www.grandemotors.co.nz/Motorcentral/VehicleData/GRA-41e40f3b-218f-4d30-8b40-5154dbb55400-18.jpg",Toyota,"Vehicles & Parts > Vehicles > Cars, Trucks & Vans",2020,HATCHBACK,HYBRID,Automatic,Grande Motors
13459,2023 Toyota Prius Radar cruise.Safety radar.Lane assist.Park sensor.Rear cam.Airbags.,"Alarm. Two keys. Immobilizer. Safety radar. Parking sensors. Engine button start. RCC (Radar Cruise Control). LKA (Lane Keeping Assistance). Available from Grande Motors Ltd, East Tamaki, Auckland.",in stock,used,34900.00 NZD,https://www.grandemotors.co.nz/vehicle/2023-Toyota-Prius/13459,https://www.grandemotors.co.nz/Motorcentral/VehicleData/GRA-7ba82f7d-25a7-41e4-aa2f-1ebf7552e510-1.jpg,"https://www.grandemotors.co.nz/Motorcentral/VehicleData/GRA-7ba82f7d-25a7-41e4-aa2f-1ebf7552e510-2.jpg,https://www.grandemotors.co.nz/Motorcentral/VehicleData/GRA-7ba82f7d-25a7-41e4-aa2f-1ebf7552e510-3.jpg,https://www.grandemotors.co.nz/Motorcentral/VehicleData/GRA-7ba82f7d-25a7-41e4-aa2f-1ebf7552e510-4.jpg,https://www.grandemotors.co.nz/Motorcentral/VehicleData/GRA-7ba82f7d-25a7-41e4-aa2f-1ebf7552e510-5.jpg,https://www.grandemotors.co.nz/Motorcentral/VehicleData/GRA-7ba82f7d-25a7-41e4-aa2f-1ebf7552e510-6.jpg,https://www.grandemotors.co.nz/Motorcentral/VehicleData/GRA-7ba82f7d-25a7-41e4-aa2f-1ebf7552e510-7.jpg,https://www.grandemotors.co.nz/Motorcentral/VehicleData/GRA-7ba82f7d-25a7-41e4-aa2f-1ebf7552e510-8.jpg,https://www.grandemotors.co.nz/Motorcentral/VehicleData/GRA-7ba82f7d-25a7-41e4-aa2f-1ebf7552e510-9.jpg,https://www.grandemotors.co.nz/Motorcentral/VehicleData/GRA-7ba82f7d-25a7-41e4-aa2f-1ebf7552e510-10.jpg,https://www.grandemotors.co.nz/Motorcentral/VehicleData/GRA-7ba82f7d-25a7-41e4-aa2f-1ebf7552e510-11.jpg,https://www.grandemotors.co.nz/Motorcentral/VehicleData/GRA-7ba82f7d-25a7-41e4-aa2f-1ebf7552e510-12.jpg,https://www.grandemotors.co.nz/Motorcentral/VehicleData/GRA-7ba82f7d-25a7-41e4-aa2f-1ebf7552e510-13.jpg,https://www.grandemotors.co.nz/Motorcentral/VehicleData/GRA-7ba82f7d-25a7-41e4-aa2f-1ebf7552e510-14.jpg,https://www.grandemotors.co.nz/Motorcentral/VehicleData/GRA-7ba82f7d-25a7-41e4-aa2f-1ebf7552e510-15.jpg,https://www.grandemotors.co.nz/Motorcentral/VehicleData/GRA-7ba82f7d-25a7-41e4-aa2f-1ebf7552e510-16.jpg,https://www.grandemotors.co.nz/Motorcentral/VehicleData/GRA-7ba82f7d-25a7-41e4-aa2f-1ebf7552e510-17.jpg,https://www.grandemotors.co.nz/Motorcentral/VehicleData/GRA-7ba82f7d-25a7-41e4-aa2f-1ebf7552e510-18.jpg,https://www.grandemotors.co.nz/Motorcentral/VehicleData/GRA-7ba82f7d-25a7-41e4-aa2f-1ebf7552e510-19.jpg",Toyota,"Vehicles & Parts > Vehicles > Cars, Trucks & Vans",2023,SEDAN,HYBRID,Automatic,Grande Motors
13515,2023 Toyota Prius Radar cruise.Blind spot.lane assist.Safety radar.Park sens.,"Alarm. Immobilizer. Parking sensors. Engine button start. RCC (Radar Cruise Control). LKA (Lane Keeping Assistance). 2023 Toyota Prius in Pear Available from Grande Motors Ltd, East Tamaki, Auckland.",in stock,used,31500.00 NZD,https://www.grandemotors.co.nz/vehicle/2023-Toyota-Prius/13515,https://www.grandemotors.co.nz/Motorcentral/VehicleData/GRA-c151813a-ac66-45f6-a90e-07e0bedf9406-1.jpg,"https://www.grandemotors.co.nz/Motorcentral/VehicleData/GRA-c151813a-ac66-45f6-a90e-07e0bedf9406-2.jpg,https://www.grandemotors.co.nz/Motorcentral/VehicleData/GRA-c151813a-ac66-45f6-a90e-07e0bedf9406-3.jpg,https://www.grandemotors.co.nz/Motorcentral/VehicleData/GRA-c151813a-ac66-45f6-a90e-07e0bedf9406-4.jpg,https://www.grandemotors.co.nz/Motorcentral/VehicleData/GRA-c151813a-ac66-45f6-a90e-07e0bedf9406-5.jpg,https://www.grandemotors.co.nz/Motorcentral/VehicleData/GRA-c151813a-ac66-45f6-a90e-07e0bedf9406-6.jpg,https://www.grandemotors.co.nz/Motorcentral/VehicleData/GRA-c151813a-ac66-45f6-a90e-07e0bedf9406-7.jpg,https://www.grandemotors.co.nz/Motorcentral/VehicleData/GRA-c151813a-ac66-45f6-a90e-07e0bedf9406-8.jpg,https://www.grandemotors.co.nz/Motorcentral/VehicleData/GRA-c151813a-ac66-45f6-a90e-07e0bedf9406-9.jpg,https://www.grandemotors.co.nz/Motorcentral/VehicleData/GRA-c151813a-ac66-45f6-a90e-07e0bedf9406-10.jpg,https://www.grandemotors.co.nz/Motorcentral/VehicleData/GRA-c151813a-ac66-45f6-a90e-07e0bedf9406-11.jpg,https://www.grandemotors.co.nz/Motorcentral/VehicleData/GRA-c151813a-ac66-45f6-a90e-07e0bedf9406-12.jpg,https://www.grandemotors.co.nz/Motorcentral/VehicleData/GRA-c151813a-ac66-45f6-a90e-07e0bedf9406-13.jpg,https://www.grandemotors.co.nz/Motorcentral/VehicleData/GRA-c151813a-ac66-45f6-a90e-07e0bedf9406-14.jpg,https://www.grandemotors.co.nz/Motorcentral/VehicleData/GRA-c151813a-ac66-45f6-a90e-07e0bedf9406-15.jpg,https://www.grandemotors.co.nz/Motorcentral/VehicleData/GRA-c151813a-ac66-45f6-a90e-07e0bedf9406-16.jpg,https://www.grandemotors.co.nz/Motorcentral/VehicleData/GRA-c151813a-ac66-45f6-a90e-07e0bedf9406-17.jpg,https://www.grandemotors.co.nz/Motorcentral/VehicleData/GRA-c151813a-ac66-45f6-a90e-07e0bedf9406-18.jpg,https://www.grandemotors.co.nz/Motorcentral/VehicleData/GRA-c151813a-ac66-45f6-a90e-07e0bedf9406-19.jpg,https://www.grandemotors.co.nz/Motorcentral/VehicleData/GRA-c151813a-ac66-45f6-a90e-07e0bedf9406-20.jpg",Toyota,"Vehicles & Parts > Vehicles > Cars, Trucks & Vans",2023,HATCHBACK,HYBRID,Automatic,Grande Motors
13437,2019 Toyota RAV4 Hybrid.G.4WD.Leather.Lane assist.Radar cruise.Blind spot.Park sens.Alarm.,"Alarm. Immobilizer. Parking sensors. Engine button start. RCC (Radar Cruise Cruise). LKA (Lane Keeping Assistance). 2019 Toyota Rav4 G spec 4W Available from Grande Motors Ltd, East Tamaki, Auckland.",in stock,used,36800.00 NZD,https://www.grandemotors.co.nz/vehicle/2019-Toyota-RAV4/13437,https://www.grandemotors.co.nz/Motorcentral/VehicleData/GRA-26b155d6-c2f0-414e-b3c2-6bd05123408c-1.jpg,"https://www.grandemotors.co.nz/Motorcentral/VehicleData/GRA-26b155d6-c2f0-414e-b3c2-6bd05123408c-2.jpg,https://www.grandemotors.co.nz/Motorcentral/VehicleData/GRA-26b155d6-c2f0-414e-b3c2-6bd05123408c-3.jpg,https://www.grandemotors.co.nz/Motorcentral/VehicleData/GRA-26b155d6-c2f0-414e-b3c2-6bd05123408c-4.jpg,https://www.grandemotors.co.nz/Motorcentral/VehicleData/GRA-26b155d6-c2f0-414e-b3c2-6bd05123408c-5.jpg,https://www.grandemotors.co.nz/Motorcentral/VehicleData/GRA-26b155d6-c2f0-414e-b3c2-6bd05123408c-6.jpg,https://www.grandemotors.co.nz/Motorcentral/VehicleData/GRA-26b155d6-c2f0-414e-b3c2-6bd05123408c-7.jpg,https://www.grandemotors.co.nz/Motorcentral/VehicleData/GRA-26b155d6-c2f0-414e-b3c2-6bd05123408c-8.jpg,https://www.grandemotors.co.nz/Motorcentral/VehicleData/GRA-26b155d6-c2f0-414e-b3c2-6bd05123408c-9.jpg,https://www.grandemotors.co.nz/Motorcentral/VehicleData/GRA-26b155d6-c2f0-414e-b3c2-6bd05123408c-10.jpg,https://www.grandemotors.co.nz/Motorcentral/VehicleData/GRA-26b155d6-c2f0-414e-b3c2-6bd05123408c-11.jpg,https://www.grandemotors.co.nz/Motorcentral/VehicleData/GRA-26b155d6-c2f0-414e-b3c2-6bd05123408c-12.jpg,https://www.grandemotors.co.nz/Motorcentral/VehicleData/GRA-26b155d6-c2f0-414e-b3c2-6bd05123408c-13.jpg,https://www.grandemotors.co.nz/Motorcentral/VehicleData/GRA-26b155d6-c2f0-414e-b3c2-6bd05123408c-14.jpg,https://www.grandemotors.co.nz/Motorcentral/VehicleData/GRA-26b155d6-c2f0-414e-b3c2-6bd05123408c-15.jpg,https://www.grandemotors.co.nz/Motorcentral/VehicleData/GRA-26b155d6-c2f0-414e-b3c2-6bd05123408c-16.jpg,https://www.grandemotors.co.nz/Motorcentral/VehicleData/GRA-26b155d6-c2f0-414e-b3c2-6bd05123408c-17.jpg,https://www.grandemotors.co.nz/Motorcentral/VehicleData/GRA-26b155d6-c2f0-414e-b3c2-6bd05123408c-18.jpg,https://www.grandemotors.co.nz/Motorcentral/VehicleData/GRA-26b155d6-c2f0-414e-b3c2-6bd05123408c-19.jpg",Toyota,"Vehicles & Parts > Vehicles > Cars, Trucks & Vans",2019,SUV,HYBRID,Automatic,Grande Motors
13665,2019 Toyota RAV4 Hybrid in Transit 4WD Cruise control,"2019 Toyota RAV4 RV-SUV in Black Japanese import, 2500 engine, done 63000kms,Automatic. Transit Hybrid 4 WD X Model cruise control . Hold Depos Available from Grande Motors Ltd, East Tamaki, Auckland.",in stock,used,35900.00 NZD,https://www.grandemotors.co.nz/vehicle/2019-Toyota-RAV4/13665,https://www.grandemotors.co.nz/Motorcentral/VehicleData/GRA-83a41285-2892-44bd-8c2c-8737ade16ecc-1.jpg,"https://www.grandemotors.co.nz/Motorcentral/VehicleData/GRA-83a41285-2892-44bd-8c2c-8737ade16ecc-2.jpg,https://www.grandemotors.co.nz/Motorcentral/VehicleData/GRA-83a41285-2892-44bd-8c2c-8737ade16ecc-3.jpg,https://www.grandemotors.co.nz/Motorcentral/VehicleData/GRA-83a41285-2892-44bd-8c2c-8737ade16ecc-4.jpg,https://www.grandemotors.co.nz/Motorcentral/VehicleData/GRA-83a41285-2892-44bd-8c2c-8737ade16ecc-5.jpg,https://www.grandemotors.co.nz/Motorcentral/VehicleData/GRA-83a41285-2892-44bd-8c2c-8737ade16ecc-6.jpg,https://www.grandemotors.co.nz/Motorcentral/VehicleData/GRA-83a41285-2892-44bd-8c2c-8737ade16ecc-7.jpg,https://www.grandemotors.co.nz/Motorcentral/VehicleData/GRA-83a41285-2892-44bd-8c2c-8737ade16ecc-8.jpg,https://www.grandemotors.co.nz/Motorcentral/VehicleData/GRA-83a41285-2892-44bd-8c2c-8737ade16ecc-9.jpg,https://www.grandemotors.co.nz/Motorcentral/VehicleData/GRA-83a41285-2892-44bd-8c2c-8737ade16ecc-10.jpg,https://www.grandemotors.co.nz/Motorcentral/VehicleData/GRA-83a41285-2892-44bd-8c2c-8737ade16ecc-11.jpg,https://www.grandemotors.co.nz/Motorcentral/VehicleData/GRA-83a41285-2892-44bd-8c2c-8737ade16ecc-12.jpg,https://www.grandemotors.co.nz/Motorcentral/VehicleData/GRA-83a41285-2892-44bd-8c2c-8737ade16ecc-13.jpg",Toyota,"Vehicles & Parts > Vehicles > Cars, Trucks & Vans",2019,SUV,HYBRID,Automatic,Grande Motors
13202,2020 Toyota RAV4 Hybrid.4WD.Leather.Lane assist.Radar cruise.Rear cam.Park sens.Alarm.,"Immobilizer. Parking sensors. Engine button start. RCC (Radar Cruise Cruise). LKA (Lane Keeping Assistance). Full factory ""Modelista"" bodykit. Available from Grande Motors Ltd, East Tamaki, Auckland.",in stock,used,36900.00 NZD,https://www.grandemotors.co.nz/vehicle/2020-Toyota-RAV4/13202,https://www.grandemotors.co.nz/Motorcentral/VehicleData/GRA-662b6753-ef5a-4946-b83d-5962fd7d3eef-1.jpg,"https://www.grandemotors.co.nz/Motorcentral/VehicleData/GRA-662b6753-ef5a-4946-b83d-5962fd7d3eef-2.jpg,https://www.grandemotors.co.nz/Motorcentral/VehicleData/GRA-662b6753-ef5a-4946-b83d-5962fd7d3eef-3.jpg,https://www.grandemotors.co.nz/Motorcentral/VehicleData/GRA-662b6753-ef5a-4946-b83d-5962fd7d3eef-4.jpg,https://www.grandemotors.co.nz/Motorcentral/VehicleData/GRA-662b6753-ef5a-4946-b83d-5962fd7d3eef-5.jpg,https://www.grandemotors.co.nz/Motorcentral/VehicleData/GRA-662b6753-ef5a-4946-b83d-5962fd7d3eef-6.jpg,https://www.grandemotors.co.nz/Motorcentral/VehicleData/GRA-662b6753-ef5a-4946-b83d-5962fd7d3eef-7.jpg,https://www.grandemotors.co.nz/Motorcentral/VehicleData/GRA-662b6753-ef5a-4946-b83d-5962fd7d3eef-8.jpg,https://www.grandemotors.co.nz/Motorcentral/VehicleData/GRA-662b6753-ef5a-4946-b83d-5962fd7d3eef-9.jpg,https://www.grandemotors.co.nz/Motorcentral/VehicleData/GRA-662b6753-ef5a-4946-b83d-5962fd7d3eef-10.jpg,https://www.grandemotors.co.nz/Motorcentral/VehicleData/GRA-662b6753-ef5a-4946-b83d-5962fd7d3eef-11.jpg,https://www.grandemotors.co.nz/Motorcentral/VehicleData/GRA-662b6753-ef5a-4946-b83d-5962fd7d3eef-12.jpg,https://www.grandemotors.co.nz/Motorcentral/VehicleData/GRA-662b6753-ef5a-4946-b83d-5962fd7d3eef-13.jpg,https://www.grandemotors.co.nz/Motorcentral/VehicleData/GRA-662b6753-ef5a-4946-b83d-5962fd7d3eef-14.jpg,https://www.grandemotors.co.nz/Motorcentral/VehicleData/GRA-662b6753-ef5a-4946-b83d-5962fd7d3eef-15.jpg,https://www.grandemotors.co.nz/Motorcentral/VehicleData/GRA-662b6753-ef5a-4946-b83d-5962fd7d3eef-16.jpg,https://www.grandemotors.co.nz/Motorcentral/VehicleData/GRA-662b6753-ef5a-4946-b83d-5962fd7d3eef-17.jpg,https://www.grandemotors.co.nz/Motorcentral/VehicleData/GRA-662b6753-ef5a-4946-b83d-5962fd7d3eef-18.jpg,https://www.grandemotors.co.nz/Motorcentral/VehicleData/GRA-662b6753-ef5a-4946-b83d-5962fd7d3eef-19.jpg",Toyota,"Vehicles & Parts > Vehicles > Cars, Trucks & Vans",2020,SUV,HYBRID,Automatic,Grande Motors
13196,2021 Toyota RAV4 PHV.GZ.4WD.Leather.360°cam.Radar cruise.Lane assist.Park sens.Alarm.,"Immobilizer. Parking sensors. Engine button start. RCC (Radar Cruise Cruise). BSM (Blind Spot Monitoring). LKA (Lane Keeping Assistance). 2021 Available from Grande Motors Ltd, East Tamaki, Auckland.",in stock,used,41500.00 NZD,https://www.grandemotors.co.nz/vehicle/2021-Toyota-RAV4/13196,https://www.grandemotors.co.nz/Motorcentral/VehicleData/GRA-8532f4d7-ceb6-4c89-958d-273cb39652c0-1.jpg,"https://www.grandemotors.co.nz/Motorcentral/VehicleData/GRA-8532f4d7-ceb6-4c89-958d-273cb39652c0-2.jpg,https://www.grandemotors.co.nz/Motorcentral/VehicleData/GRA-8532f4d7-ceb6-4c89-958d-273cb39652c0-3.jpg,https://www.grandemotors.co.nz/Motorcentral/VehicleData/GRA-8532f4d7-ceb6-4c89-958d-273cb39652c0-4.jpg,https://www.grandemotors.co.nz/Motorcentral/VehicleData/GRA-8532f4d7-ceb6-4c89-958d-273cb39652c0-5.jpg,https://www.grandemotors.co.nz/Motorcentral/VehicleData/GRA-8532f4d7-ceb6-4c89-958d-273cb39652c0-6.jpg,https://www.grandemotors.co.nz/Motorcentral/VehicleData/GRA-8532f4d7-ceb6-4c89-958d-273cb39652c0-7.jpg,https://www.grandemotors.co.nz/Motorcentral/VehicleData/GRA-8532f4d7-ceb6-4c89-958d-273cb39652c0-8.jpg,https://www.grandemotors.co.nz/Motorcentral/VehicleData/GRA-8532f4d7-ceb6-4c89-958d-273cb39652c0-9.jpg,https://www.grandemotors.co.nz/Motorcentral/VehicleData/GRA-8532f4d7-ceb6-4c89-958d-273cb39652c0-10.jpg,https://www.grandemotors.co.nz/Motorcentral/VehicleData/GRA-8532f4d7-ceb6-4c89-958d-273cb39652c0-11.jpg,https://www.grandemotors.co.nz/Motorcentral/VehicleData/GRA-8532f4d7-ceb6-4c89-958d-273cb39652c0-12.jpg,https://www.grandemotors.co.nz/Motorcentral/VehicleData/GRA-8532f4d7-ceb6-4c89-958d-273cb39652c0-13.jpg,https://www.grandemotors.co.nz/Motorcentral/VehicleData/GRA-8532f4d7-ceb6-4c89-958d-273cb39652c0-14.jpg,https://www.grandemotors.co.nz/Motorcentral/VehicleData/GRA-8532f4d7-ceb6-4c89-958d-273cb39652c0-15.jpg,https://www.grandemotors.co.nz/Motorcentral/VehicleData/GRA-8532f4d7-ceb6-4c89-958d-273cb39652c0-16.jpg,https://www.grandemotors.co.nz/Motorcentral/VehicleData/GRA-8532f4d7-ceb6-4c89-958d-273cb39652c0-17.jpg,https://www.grandemotors.co.nz/Motorcentral/VehicleData/GRA-8532f4d7-ceb6-4c89-958d-273cb39652c0-18.jpg,https://www.grandemotors.co.nz/Motorcentral/VehicleData/GRA-8532f4d7-ceb6-4c89-958d-273cb39652c0-19.jpg,https://www.grandemotors.co.nz/Motorcentral/VehicleData/GRA-8532f4d7-ceb6-4c89-958d-273cb39652c0-20.jpg",Toyota,"Vehicles & Parts > Vehicles > Cars, Trucks & Vans",2021,SUV,PLUG_IN_HYBRID,Automatic,Grande Motors
13482,2014 Toyota Sai Transit S C package Hybrid Cruise control,"2014 Toyota Sai Sedan in DARKRED Japanese import, 2400 engine, done 16500kms,Automatic. Transit Hybrid ,S C PACKAGE 2014, Hybrid, F/AW, Cruise c Available from Grande Motors Ltd, East Tamaki, Auckland.",in stock,used,18500.00 NZD,https://www.grandemotors.co.nz/vehicle/2014-Toyota-Sai/13482,https://www.grandemotors.co.nz/Motorcentral/VehicleData/GRA-746bac13-b1e0-4d55-a540-26528b4831bc-1.jpg,"https://www.grandemotors.co.nz/Motorcentral/VehicleData/GRA-746bac13-b1e0-4d55-a540-26528b4831bc-2.jpg,https://www.grandemotors.co.nz/Motorcentral/VehicleData/GRA-746bac13-b1e0-4d55-a540-26528b4831bc-3.jpg,https://www.grandemotors.co.nz/Motorcentral/VehicleData/GRA-746bac13-b1e0-4d55-a540-26528b4831bc-4.jpg,https://www.grandemotors.co.nz/Motorcentral/VehicleData/GRA-746bac13-b1e0-4d55-a540-26528b4831bc-5.jpg,https://www.grandemotors.co.nz/Motorcentral/VehicleData/GRA-746bac13-b1e0-4d55-a540-26528b4831bc-6.jpg,https://www.grandemotors.co.nz/Motorcentral/VehicleData/GRA-746bac13-b1e0-4d55-a540-26528b4831bc-7.jpg,https://www.grandemotors.co.nz/Motorcentral/VehicleData/GRA-746bac13-b1e0-4d55-a540-26528b4831bc-8.jpg,https://www.grandemotors.co.nz/Motorcentral/VehicleData/GRA-746bac13-b1e0-4d55-a540-26528b4831bc-9.jpg,https://www.grandemotors.co.nz/Motorcentral/VehicleData/GRA-746bac13-b1e0-4d55-a540-26528b4831bc-10.jpg,https://www.grandemotors.co.nz/Motorcentral/VehicleData/GRA-746bac13-b1e0-4d55-a540-26528b4831bc-11.jpg,https://www.grandemotors.co.nz/Motorcentral/VehicleData/GRA-746bac13-b1e0-4d55-a540-26528b4831bc-12.jpg,https://www.grandemotors.co.nz/Motorcentral/VehicleData/GRA-746bac13-b1e0-4d55-a540-26528b4831bc-13.jpg",Toyota,"Vehicles & Parts > Vehicles > Cars, Trucks & Vans",2014,SEDAN,HYBRID,Automatic,Grande Motors
13381,2016 Toyota Sienta Hybrid G.7 seats.Lane assist.Safety radar.Button start.,"Immobilizer. Engine button start. LKA (Lane Keeping Assistance). 2016 Toyota Sienta 7 seater hybrid in brown colour with dark interior. Japane Available from Grande Motors Ltd, East Tamaki, Auckland.",in stock,used,16700.00 NZD,https://www.grandemotors.co.nz/vehicle/2016-Toyota-Sienta/13381,https://www.grandemotors.co.nz/Motorcentral/VehicleData/GRA-50471f60-80df-4dcd-978a-077f717e96c3-1.jpg,"https://www.grandemotors.co.nz/Motorcentral/VehicleData/GRA-50471f60-80df-4dcd-978a-077f717e96c3-2.jpg,https://www.grandemotors.co.nz/Motorcentral/VehicleData/GRA-50471f60-80df-4dcd-978a-077f717e96c3-3.jpg,https://www.grandemotors.co.nz/Motorcentral/VehicleData/GRA-50471f60-80df-4dcd-978a-077f717e96c3-4.jpg,https://www.grandemotors.co.nz/Motorcentral/VehicleData/GRA-50471f60-80df-4dcd-978a-077f717e96c3-5.jpg,https://www.grandemotors.co.nz/Motorcentral/VehicleData/GRA-50471f60-80df-4dcd-978a-077f717e96c3-6.jpg,https://www.grandemotors.co.nz/Motorcentral/VehicleData/GRA-50471f60-80df-4dcd-978a-077f717e96c3-7.jpg,https://www.grandemotors.co.nz/Motorcentral/VehicleData/GRA-50471f60-80df-4dcd-978a-077f717e96c3-8.jpg,https://www.grandemotors.co.nz/Motorcentral/VehicleData/GRA-50471f60-80df-4dcd-978a-077f717e96c3-9.jpg,https://www.grandemotors.co.nz/Motorcentral/VehicleData/GRA-50471f60-80df-4dcd-978a-077f717e96c3-10.jpg,https://www.grandemotors.co.nz/Motorcentral/VehicleData/GRA-50471f60-80df-4dcd-978a-077f717e96c3-11.jpg,https://www.grandemotors.co.nz/Motorcentral/VehicleData/GRA-50471f60-80df-4dcd-978a-077f717e96c3-12.jpg,https://www.grandemotors.co.nz/Motorcentral/VehicleData/GRA-50471f60-80df-4dcd-978a-077f717e96c3-13.jpg,https://www.grandemotors.co.nz/Motorcentral/VehicleData/GRA-50471f60-80df-4dcd-978a-077f717e96c3-14.jpg,https://www.grandemotors.co.nz/Motorcentral/VehicleData/GRA-50471f60-80df-4dcd-978a-077f717e96c3-15.jpg,https://www.grandemotors.co.nz/Motorcentral/VehicleData/GRA-50471f60-80df-4dcd-978a-077f717e96c3-16.jpg,https://www.grandemotors.co.nz/Motorcentral/VehicleData/GRA-50471f60-80df-4dcd-978a-077f717e96c3-17.jpg,https://www.grandemotors.co.nz/Motorcentral/VehicleData/GRA-50471f60-80df-4dcd-978a-077f717e96c3-18.jpg,https://www.grandemotors.co.nz/Motorcentral/VehicleData/GRA-50471f60-80df-4dcd-978a-077f717e96c3-19.jpg,https://www.grandemotors.co.nz/Motorcentral/VehicleData/GRA-50471f60-80df-4dcd-978a-077f717e96c3-20.jpg",Toyota,"Vehicles & Parts > Vehicles > Cars, Trucks & Vans",2016,HATCHBACK,HYBRID,Automatic,Grande Motors
12797,2017 Toyota Sienta Hybrid G.7 seats.Lane assist.Safety radar.Button start.Alloys,"Immobilizer. Engine button start. LKA (Lane Keeping Assistance). Alloy wheels with ""Dunlop"" tires. 2017 Toyota Sienta hybrid in black colour wit Available from Grande Motors Ltd, East Tamaki, Auckland.",in stock,used,13900.00 NZD,https://www.grandemotors.co.nz/vehicle/2017-Toyota-Sienta/12797,https://www.grandemotors.co.nz/Motorcentral/VehicleData/GRA-5e572868-a6f4-4c6f-8d17-e721fe20a381-1.jpg,"https://www.grandemotors.co.nz/Motorcentral/VehicleData/GRA-5e572868-a6f4-4c6f-8d17-e721fe20a381-2.jpg,https://www.grandemotors.co.nz/Motorcentral/VehicleData/GRA-5e572868-a6f4-4c6f-8d17-e721fe20a381-3.jpg,https://www.grandemotors.co.nz/Motorcentral/VehicleData/GRA-5e572868-a6f4-4c6f-8d17-e721fe20a381-4.jpg,https://www.grandemotors.co.nz/Motorcentral/VehicleData/GRA-5e572868-a6f4-4c6f-8d17-e721fe20a381-5.jpg,https://www.grandemotors.co.nz/Motorcentral/VehicleData/GRA-5e572868-a6f4-4c6f-8d17-e721fe20a381-6.jpg,https://www.grandemotors.co.nz/Motorcentral/VehicleData/GRA-5e572868-a6f4-4c6f-8d17-e721fe20a381-7.jpg,https://www.grandemotors.co.nz/Motorcentral/VehicleData/GRA-5e572868-a6f4-4c6f-8d17-e721fe20a381-8.jpg,https://www.grandemotors.co.nz/Motorcentral/VehicleData/GRA-5e572868-a6f4-4c6f-8d17-e721fe20a381-9.jpg,https://www.grandemotors.co.nz/Motorcentral/VehicleData/GRA-5e572868-a6f4-4c6f-8d17-e721fe20a381-10.jpg,https://www.grandemotors.co.nz/Motorcentral/VehicleData/GRA-5e572868-a6f4-4c6f-8d17-e721fe20a381-11.jpg,https://www.grandemotors.co.nz/Motorcentral/VehicleData/GRA-5e572868-a6f4-4c6f-8d17-e721fe20a381-12.jpg,https://www.grandemotors.co.nz/Motorcentral/VehicleData/GRA-5e572868-a6f4-4c6f-8d17-e721fe20a381-13.jpg,https://www.grandemotors.co.nz/Motorcentral/VehicleData/GRA-5e572868-a6f4-4c6f-8d17-e721fe20a381-14.jpg,https://www.grandemotors.co.nz/Motorcentral/VehicleData/GRA-5e572868-a6f4-4c6f-8d17-e721fe20a381-15.jpg,https://www.grandemotors.co.nz/Motorcentral/VehicleData/GRA-5e572868-a6f4-4c6f-8d17-e721fe20a381-16.jpg,https://www.grandemotors.co.nz/Motorcentral/VehicleData/GRA-5e572868-a6f4-4c6f-8d17-e721fe20a381-17.jpg,https://www.grandemotors.co.nz/Motorcentral/VehicleData/GRA-5e572868-a6f4-4c6f-8d17-e721fe20a381-18.jpg",Toyota,"Vehicles & Parts > Vehicles > Cars, Trucks & Vans",2017,HATCHBACK,HYBRID,Automatic,Grande Motors
12843,2018 Toyota Sienta Hybrid G.7 seats.Lane assist.Safety radar.Button start.,"Immobilizer. Engine button start. LKA (Lane Keeping Assistance). 2018 Toyota Sienta hybrid in red colour with dark interior. Japanese import, Available from Grande Motors Ltd, East Tamaki, Auckland.",in stock,used,14900.00 NZD,https://www.grandemotors.co.nz/vehicle/2018-Toyota-Sienta/12843,https://www.grandemotors.co.nz/Motorcentral/VehicleData/GRA-6d7ab3a7-12b2-4504-8b06-684a6b495d16-1.jpg,"https://www.grandemotors.co.nz/Motorcentral/VehicleData/GRA-6d7ab3a7-12b2-4504-8b06-684a6b495d16-2.jpg,https://www.grandemotors.co.nz/Motorcentral/VehicleData/GRA-6d7ab3a7-12b2-4504-8b06-684a6b495d16-3.jpg,https://www.grandemotors.co.nz/Motorcentral/VehicleData/GRA-6d7ab3a7-12b2-4504-8b06-684a6b495d16-4.jpg,https://www.grandemotors.co.nz/Motorcentral/VehicleData/GRA-6d7ab3a7-12b2-4504-8b06-684a6b495d16-5.jpg,https://www.grandemotors.co.nz/Motorcentral/VehicleData/GRA-6d7ab3a7-12b2-4504-8b06-684a6b495d16-6.jpg,https://www.grandemotors.co.nz/Motorcentral/VehicleData/GRA-6d7ab3a7-12b2-4504-8b06-684a6b495d16-7.jpg,https://www.grandemotors.co.nz/Motorcentral/VehicleData/GRA-6d7ab3a7-12b2-4504-8b06-684a6b495d16-8.jpg,https://www.grandemotors.co.nz/Motorcentral/VehicleData/GRA-6d7ab3a7-12b2-4504-8b06-684a6b495d16-9.jpg,https://www.grandemotors.co.nz/Motorcentral/VehicleData/GRA-6d7ab3a7-12b2-4504-8b06-684a6b495d16-10.jpg,https://www.grandemotors.co.nz/Motorcentral/VehicleData/GRA-6d7ab3a7-12b2-4504-8b06-684a6b495d16-11.jpg,https://www.grandemotors.co.nz/Motorcentral/VehicleData/GRA-6d7ab3a7-12b2-4504-8b06-684a6b495d16-12.jpg,https://www.grandemotors.co.nz/Motorcentral/VehicleData/GRA-6d7ab3a7-12b2-4504-8b06-684a6b495d16-13.jpg,https://www.grandemotors.co.nz/Motorcentral/VehicleData/GRA-6d7ab3a7-12b2-4504-8b06-684a6b495d16-14.jpg,https://www.grandemotors.co.nz/Motorcentral/VehicleData/GRA-6d7ab3a7-12b2-4504-8b06-684a6b495d16-15.jpg,https://www.grandemotors.co.nz/Motorcentral/VehicleData/GRA-6d7ab3a7-12b2-4504-8b06-684a6b495d16-16.jpg,https://www.grandemotors.co.nz/Motorcentral/VehicleData/GRA-6d7ab3a7-12b2-4504-8b06-684a6b495d16-17.jpg,https://www.grandemotors.co.nz/Motorcentral/VehicleData/GRA-6d7ab3a7-12b2-4504-8b06-684a6b495d16-18.jpg,https://www.grandemotors.co.nz/Motorcentral/VehicleData/GRA-6d7ab3a7-12b2-4504-8b06-684a6b495d16-19.jpg,https://www.grandemotors.co.nz/Motorcentral/VehicleData/GRA-6d7ab3a7-12b2-4504-8b06-684a6b495d16-20.jpg",Toyota,"Vehicles & Parts > Vehicles > Cars, Trucks & Vans",2018,WAGON,HYBRID,Automatic,Grande Motors
12754,2003 Toyota Soarer Conbertible.Leather.Alloys.Cruise control.Alarm.,"CERTIFIED LOW KM. One owner in Japan. Alarm. Immobilizer. Leather heated/cooled seats. Aftermarket exhaust (pleasant V8 engine growl). ""RAYS Available from Grande Motors Ltd, East Tamaki, Auckland.",in stock,used,20500.00 NZD,https://www.grandemotors.co.nz/vehicle/2003-Toyota-Soarer/12754,https://www.grandemotors.co.nz/Motorcentral/VehicleData/GRA-861c7268-c517-4592-8961-5cdc6891783a-1.jpg,"https://www.grandemotors.co.nz/Motorcentral/VehicleData/GRA-861c7268-c517-4592-8961-5cdc6891783a-2.jpg,https://www.grandemotors.co.nz/Motorcentral/VehicleData/GRA-861c7268-c517-4592-8961-5cdc6891783a-3.jpg,https://www.grandemotors.co.nz/Motorcentral/VehicleData/GRA-861c7268-c517-4592-8961-5cdc6891783a-4.jpg,https://www.grandemotors.co.nz/Motorcentral/VehicleData/GRA-861c7268-c517-4592-8961-5cdc6891783a-5.jpg,https://www.grandemotors.co.nz/Motorcentral/VehicleData/GRA-861c7268-c517-4592-8961-5cdc6891783a-6.jpg,https://www.grandemotors.co.nz/Motorcentral/VehicleData/GRA-861c7268-c517-4592-8961-5cdc6891783a-7.jpg,https://www.grandemotors.co.nz/Motorcentral/VehicleData/GRA-861c7268-c517-4592-8961-5cdc6891783a-8.jpg,https://www.grandemotors.co.nz/Motorcentral/VehicleData/GRA-861c7268-c517-4592-8961-5cdc6891783a-9.jpg,https://www.grandemotors.co.nz/Motorcentral/VehicleData/GRA-861c7268-c517-4592-8961-5cdc6891783a-10.jpg,https://www.grandemotors.co.nz/Motorcentral/VehicleData/GRA-861c7268-c517-4592-8961-5cdc6891783a-11.jpg,https://www.grandemotors.co.nz/Motorcentral/VehicleData/GRA-861c7268-c517-4592-8961-5cdc6891783a-12.jpg,https://www.grandemotors.co.nz/Motorcentral/VehicleData/GRA-861c7268-c517-4592-8961-5cdc6891783a-13.jpg,https://www.grandemotors.co.nz/Motorcentral/VehicleData/GRA-861c7268-c517-4592-8961-5cdc6891783a-14.jpg,https://www.grandemotors.co.nz/Motorcentral/VehicleData/GRA-861c7268-c517-4592-8961-5cdc6891783a-15.jpg,https://www.grandemotors.co.nz/Motorcentral/VehicleData/GRA-861c7268-c517-4592-8961-5cdc6891783a-16.jpg,https://www.grandemotors.co.nz/Motorcentral/VehicleData/GRA-861c7268-c517-4592-8961-5cdc6891783a-17.jpg,https://www.grandemotors.co.nz/Motorcentral/VehicleData/GRA-861c7268-c517-4592-8961-5cdc6891783a-18.jpg,https://www.grandemotors.co.nz/Motorcentral/VehicleData/GRA-861c7268-c517-4592-8961-5cdc6891783a-19.jpg,https://www.grandemotors.co.nz/Motorcentral/VehicleData/GRA-861c7268-c517-4592-8961-5cdc6891783a-20.jpg",Toyota,"Vehicles & Parts > Vehicles > Cars, Trucks & Vans",2003,CONVERTIBLE,GASOLINE,Automatic,Grande Motors
13398,2014 Toyota Spade Rear camera.LOW KM.,"2014 Toyota Spade in silver colour with dark interior. Japanese import, smooth 1500cc chain driven engine provides perfect compromise between power Available from Grande Motors Ltd, East Tamaki, Auckland.",in stock,used,12900.00 NZD,https://www.grandemotors.co.nz/vehicle/2014-Toyota-Spade/13398,https://www.grandemotors.co.nz/Motorcentral/VehicleData/GRA-eb9ee69b-6c95-4703-ae28-0665002cd6ad-1.jpg,"https://www.grandemotors.co.nz/Motorcentral/VehicleData/GRA-eb9ee69b-6c95-4703-ae28-0665002cd6ad-2.jpg,https://www.grandemotors.co.nz/Motorcentral/VehicleData/GRA-eb9ee69b-6c95-4703-ae28-0665002cd6ad-3.jpg,https://www.grandemotors.co.nz/Motorcentral/VehicleData/GRA-eb9ee69b-6c95-4703-ae28-0665002cd6ad-4.jpg,https://www.grandemotors.co.nz/Motorcentral/VehicleData/GRA-eb9ee69b-6c95-4703-ae28-0665002cd6ad-5.jpg,https://www.grandemotors.co.nz/Motorcentral/VehicleData/GRA-eb9ee69b-6c95-4703-ae28-0665002cd6ad-6.jpg,https://www.grandemotors.co.nz/Motorcentral/VehicleData/GRA-eb9ee69b-6c95-4703-ae28-0665002cd6ad-7.jpg,https://www.grandemotors.co.nz/Motorcentral/VehicleData/GRA-eb9ee69b-6c95-4703-ae28-0665002cd6ad-8.jpg,https://www.grandemotors.co.nz/Motorcentral/VehicleData/GRA-eb9ee69b-6c95-4703-ae28-0665002cd6ad-9.jpg,https://www.grandemotors.co.nz/Motorcentral/VehicleData/GRA-eb9ee69b-6c95-4703-ae28-0665002cd6ad-10.jpg,https://www.grandemotors.co.nz/Motorcentral/VehicleData/GRA-eb9ee69b-6c95-4703-ae28-0665002cd6ad-11.jpg,https://www.grandemotors.co.nz/Motorcentral/VehicleData/GRA-eb9ee69b-6c95-4703-ae28-0665002cd6ad-12.jpg,https://www.grandemotors.co.nz/Motorcentral/VehicleData/GRA-eb9ee69b-6c95-4703-ae28-0665002cd6ad-13.jpg,https://www.grandemotors.co.nz/Motorcentral/VehicleData/GRA-eb9ee69b-6c95-4703-ae28-0665002cd6ad-14.jpg,https://www.grandemotors.co.nz/Motorcentral/VehicleData/GRA-eb9ee69b-6c95-4703-ae28-0665002cd6ad-15.jpg,https://www.grandemotors.co.nz/Motorcentral/VehicleData/GRA-eb9ee69b-6c95-4703-ae28-0665002cd6ad-16.jpg,https://www.grandemotors.co.nz/Motorcentral/VehicleData/GRA-eb9ee69b-6c95-4703-ae28-0665002cd6ad-17.jpg,https://www.grandemotors.co.nz/Motorcentral/VehicleData/GRA-eb9ee69b-6c95-4703-ae28-0665002cd6ad-18.jpg",Toyota,"Vehicles & Parts > Vehicles > Cars, Trucks & Vans",2014,HATCHBACK,GASOLINE,Automatic,Grande Motors
12841,2013 Toyota Vellfire Golden Eye.Park sensors.Rear cam.Cruise control.8 Airbags.,"Immobilizer. Cruise control. Engine button start. Both electric sliding doors/Electric back door. 2013 Toyota Vellfire Golden Eye edition 7 seat Available from Grande Motors Ltd, East Tamaki, Auckland.",in stock,used,16600.00 NZD,https://www.grandemotors.co.nz/vehicle/2013-Toyota-Vellfire/12841,https://www.grandemotors.co.nz/Motorcentral/VehicleData/GRA-5f96d872-421f-4a07-a2b0-ce21660bfaf9-1.jpg,"https://www.grandemotors.co.nz/Motorcentral/VehicleData/GRA-5f96d872-421f-4a07-a2b0-ce21660bfaf9-2.jpg,https://www.grandemotors.co.nz/Motorcentral/VehicleData/GRA-5f96d872-421f-4a07-a2b0-ce21660bfaf9-3.jpg,https://www.grandemotors.co.nz/Motorcentral/VehicleData/GRA-5f96d872-421f-4a07-a2b0-ce21660bfaf9-4.jpg,https://www.grandemotors.co.nz/Motorcentral/VehicleData/GRA-5f96d872-421f-4a07-a2b0-ce21660bfaf9-5.jpg,https://www.grandemotors.co.nz/Motorcentral/VehicleData/GRA-5f96d872-421f-4a07-a2b0-ce21660bfaf9-6.jpg,https://www.grandemotors.co.nz/Motorcentral/VehicleData/GRA-5f96d872-421f-4a07-a2b0-ce21660bfaf9-7.jpg,https://www.grandemotors.co.nz/Motorcentral/VehicleData/GRA-5f96d872-421f-4a07-a2b0-ce21660bfaf9-8.jpg,https://www.grandemotors.co.nz/Motorcentral/VehicleData/GRA-5f96d872-421f-4a07-a2b0-ce21660bfaf9-9.jpg,https://www.grandemotors.co.nz/Motorcentral/VehicleData/GRA-5f96d872-421f-4a07-a2b0-ce21660bfaf9-10.jpg,https://www.grandemotors.co.nz/Motorcentral/VehicleData/GRA-5f96d872-421f-4a07-a2b0-ce21660bfaf9-11.jpg,https://www.grandemotors.co.nz/Motorcentral/VehicleData/GRA-5f96d872-421f-4a07-a2b0-ce21660bfaf9-12.jpg,https://www.grandemotors.co.nz/Motorcentral/VehicleData/GRA-5f96d872-421f-4a07-a2b0-ce21660bfaf9-13.jpg,https://www.grandemotors.co.nz/Motorcentral/VehicleData/GRA-5f96d872-421f-4a07-a2b0-ce21660bfaf9-14.jpg,https://www.grandemotors.co.nz/Motorcentral/VehicleData/GRA-5f96d872-421f-4a07-a2b0-ce21660bfaf9-15.jpg,https://www.grandemotors.co.nz/Motorcentral/VehicleData/GRA-5f96d872-421f-4a07-a2b0-ce21660bfaf9-16.jpg,https://www.grandemotors.co.nz/Motorcentral/VehicleData/GRA-5f96d872-421f-4a07-a2b0-ce21660bfaf9-17.jpg,https://www.grandemotors.co.nz/Motorcentral/VehicleData/GRA-5f96d872-421f-4a07-a2b0-ce21660bfaf9-18.jpg,https://www.grandemotors.co.nz/Motorcentral/VehicleData/GRA-5f96d872-421f-4a07-a2b0-ce21660bfaf9-19.jpg",Toyota,"Vehicles & Parts > Vehicles > Cars, Trucks & Vans",2013,VAN,GASOLINE,Automatic,Grande Motors
12678,2015 Toyota Vellfire 7 Seats. Electric Doors. Rear Camera. 8 SRS Airbags.,"Immobilizer. Engine button start. Both electric sliding doors. 2015 Toyota Vellfire 7 seater in black colour with black interior. Japanese imp Available from Grande Motors Ltd, East Tamaki, Auckland.",in stock,used,23500.00 NZD,https://www.grandemotors.co.nz/vehicle/2015-Toyota-Vellfire/12678,https://www.grandemotors.co.nz/Motorcentral/VehicleData/GRA-a8f4750b-02ba-421f-9792-aed7358e9ee8-1.jpg,"https://www.grandemotors.co.nz/Motorcentral/VehicleData/GRA-a8f4750b-02ba-421f-9792-aed7358e9ee8-2.jpg,https://www.grandemotors.co.nz/Motorcentral/VehicleData/GRA-a8f4750b-02ba-421f-9792-aed7358e9ee8-3.jpg,https://www.grandemotors.co.nz/Motorcentral/VehicleData/GRA-a8f4750b-02ba-421f-9792-aed7358e9ee8-4.jpg,https://www.grandemotors.co.nz/Motorcentral/VehicleData/GRA-a8f4750b-02ba-421f-9792-aed7358e9ee8-5.jpg,https://www.grandemotors.co.nz/Motorcentral/VehicleData/GRA-a8f4750b-02ba-421f-9792-aed7358e9ee8-6.jpg,https://www.grandemotors.co.nz/Motorcentral/VehicleData/GRA-a8f4750b-02ba-421f-9792-aed7358e9ee8-7.jpg,https://www.grandemotors.co.nz/Motorcentral/VehicleData/GRA-a8f4750b-02ba-421f-9792-aed7358e9ee8-8.jpg,https://www.grandemotors.co.nz/Motorcentral/VehicleData/GRA-a8f4750b-02ba-421f-9792-aed7358e9ee8-9.jpg,https://www.grandemotors.co.nz/Motorcentral/VehicleData/GRA-a8f4750b-02ba-421f-9792-aed7358e9ee8-10.jpg,https://www.grandemotors.co.nz/Motorcentral/VehicleData/GRA-a8f4750b-02ba-421f-9792-aed7358e9ee8-11.jpg,https://www.grandemotors.co.nz/Motorcentral/VehicleData/GRA-a8f4750b-02ba-421f-9792-aed7358e9ee8-12.jpg,https://www.grandemotors.co.nz/Motorcentral/VehicleData/GRA-a8f4750b-02ba-421f-9792-aed7358e9ee8-13.jpg,https://www.grandemotors.co.nz/Motorcentral/VehicleData/GRA-a8f4750b-02ba-421f-9792-aed7358e9ee8-14.jpg,https://www.grandemotors.co.nz/Motorcentral/VehicleData/GRA-a8f4750b-02ba-421f-9792-aed7358e9ee8-15.jpg,https://www.grandemotors.co.nz/Motorcentral/VehicleData/GRA-a8f4750b-02ba-421f-9792-aed7358e9ee8-16.jpg,https://www.grandemotors.co.nz/Motorcentral/VehicleData/GRA-a8f4750b-02ba-421f-9792-aed7358e9ee8-17.jpg",Toyota,"Vehicles & Parts > Vehicles > Cars, Trucks & Vans",2015,VAN,GASOLINE,Automatic,Grande Motors
12884,2015 Toyota Vellfire Z.V6.Rear camera.Radar cruise.Park sens.8 Airbags.,"Immobilizer. Engine button start. Both electric sliding doors. RCC (Radar Cruise Control). 2015 Toyota Vellfire Z edition 7 seater in Pearl Whit Available from Grande Motors Ltd, East Tamaki, Auckland.",in stock,used,32900.00 NZD,https://www.grandemotors.co.nz/vehicle/2015-Toyota-Vellfire/12884,https://www.grandemotors.co.nz/Motorcentral/VehicleData/GRA-2d250dbe-d1cc-4abd-95fe-8507f7fba7de-1.jpg,"https://www.grandemotors.co.nz/Motorcentral/VehicleData/GRA-2d250dbe-d1cc-4abd-95fe-8507f7fba7de-2.jpg,https://www.grandemotors.co.nz/Motorcentral/VehicleData/GRA-2d250dbe-d1cc-4abd-95fe-8507f7fba7de-3.jpg,https://www.grandemotors.co.nz/Motorcentral/VehicleData/GRA-2d250dbe-d1cc-4abd-95fe-8507f7fba7de-4.jpg,https://www.grandemotors.co.nz/Motorcentral/VehicleData/GRA-2d250dbe-d1cc-4abd-95fe-8507f7fba7de-5.jpg,https://www.grandemotors.co.nz/Motorcentral/VehicleData/GRA-2d250dbe-d1cc-4abd-95fe-8507f7fba7de-6.jpg,https://www.grandemotors.co.nz/Motorcentral/VehicleData/GRA-2d250dbe-d1cc-4abd-95fe-8507f7fba7de-7.jpg,https://www.grandemotors.co.nz/Motorcentral/VehicleData/GRA-2d250dbe-d1cc-4abd-95fe-8507f7fba7de-8.jpg,https://www.grandemotors.co.nz/Motorcentral/VehicleData/GRA-2d250dbe-d1cc-4abd-95fe-8507f7fba7de-9.jpg,https://www.grandemotors.co.nz/Motorcentral/VehicleData/GRA-2d250dbe-d1cc-4abd-95fe-8507f7fba7de-10.jpg,https://www.grandemotors.co.nz/Motorcentral/VehicleData/GRA-2d250dbe-d1cc-4abd-95fe-8507f7fba7de-11.jpg,https://www.grandemotors.co.nz/Motorcentral/VehicleData/GRA-2d250dbe-d1cc-4abd-95fe-8507f7fba7de-12.jpg,https://www.grandemotors.co.nz/Motorcentral/VehicleData/GRA-2d250dbe-d1cc-4abd-95fe-8507f7fba7de-13.jpg,https://www.grandemotors.co.nz/Motorcentral/VehicleData/GRA-2d250dbe-d1cc-4abd-95fe-8507f7fba7de-14.jpg,https://www.grandemotors.co.nz/Motorcentral/VehicleData/GRA-2d250dbe-d1cc-4abd-95fe-8507f7fba7de-15.jpg,https://www.grandemotors.co.nz/Motorcentral/VehicleData/GRA-2d250dbe-d1cc-4abd-95fe-8507f7fba7de-16.jpg,https://www.grandemotors.co.nz/Motorcentral/VehicleData/GRA-2d250dbe-d1cc-4abd-95fe-8507f7fba7de-17.jpg,https://www.grandemotors.co.nz/Motorcentral/VehicleData/GRA-2d250dbe-d1cc-4abd-95fe-8507f7fba7de-18.jpg,https://www.grandemotors.co.nz/Motorcentral/VehicleData/GRA-2d250dbe-d1cc-4abd-95fe-8507f7fba7de-19.jpg,https://www.grandemotors.co.nz/Motorcentral/VehicleData/GRA-2d250dbe-d1cc-4abd-95fe-8507f7fba7de-20.jpg",Toyota,"Vehicles & Parts > Vehicles > Cars, Trucks & Vans",2015,VAN,OTHER,Automatic,Grande Motors
13100,2015 Toyota Vellfire 8 seater Reversing Camera Parking Sensors,"Immobilizer. Engine button start. 2015 Toyota Vellfire 8 seater in white colour. Japanese import, smooth 2500cc chain driven engine provides pe Available from Grande Motors Ltd, East Tamaki, Auckland.",in stock,used,22900.00 NZD,https://www.grandemotors.co.nz/vehicle/2015-Toyota-Vellfire/13100,https://www.grandemotors.co.nz/Motorcentral/VehicleData/GRA-19eaaeb2-b371-4389-971f-5170b38cc863-1.jpg,"https://www.grandemotors.co.nz/Motorcentral/VehicleData/GRA-19eaaeb2-b371-4389-971f-5170b38cc863-2.jpg,https://www.grandemotors.co.nz/Motorcentral/VehicleData/GRA-19eaaeb2-b371-4389-971f-5170b38cc863-3.jpg,https://www.grandemotors.co.nz/Motorcentral/VehicleData/GRA-19eaaeb2-b371-4389-971f-5170b38cc863-4.jpg,https://www.grandemotors.co.nz/Motorcentral/VehicleData/GRA-19eaaeb2-b371-4389-971f-5170b38cc863-5.jpg,https://www.grandemotors.co.nz/Motorcentral/VehicleData/GRA-19eaaeb2-b371-4389-971f-5170b38cc863-6.jpg,https://www.grandemotors.co.nz/Motorcentral/VehicleData/GRA-19eaaeb2-b371-4389-971f-5170b38cc863-7.jpg,https://www.grandemotors.co.nz/Motorcentral/VehicleData/GRA-19eaaeb2-b371-4389-971f-5170b38cc863-8.jpg,https://www.grandemotors.co.nz/Motorcentral/VehicleData/GRA-19eaaeb2-b371-4389-971f-5170b38cc863-9.jpg,https://www.grandemotors.co.nz/Motorcentral/VehicleData/GRA-19eaaeb2-b371-4389-971f-5170b38cc863-10.jpg,https://www.grandemotors.co.nz/Motorcentral/VehicleData/GRA-19eaaeb2-b371-4389-971f-5170b38cc863-11.jpg,https://www.grandemotors.co.nz/Motorcentral/VehicleData/GRA-19eaaeb2-b371-4389-971f-5170b38cc863-12.jpg,https://www.grandemotors.co.nz/Motorcentral/VehicleData/GRA-19eaaeb2-b371-4389-971f-5170b38cc863-13.jpg,https://www.grandemotors.co.nz/Motorcentral/VehicleData/GRA-19eaaeb2-b371-4389-971f-5170b38cc863-14.jpg,https://www.grandemotors.co.nz/Motorcentral/VehicleData/GRA-19eaaeb2-b371-4389-971f-5170b38cc863-15.jpg,https://www.grandemotors.co.nz/Motorcentral/VehicleData/GRA-19eaaeb2-b371-4389-971f-5170b38cc863-16.jpg,https://www.grandemotors.co.nz/Motorcentral/VehicleData/GRA-19eaaeb2-b371-4389-971f-5170b38cc863-17.jpg,https://www.grandemotors.co.nz/Motorcentral/VehicleData/GRA-19eaaeb2-b371-4389-971f-5170b38cc863-18.jpg",Toyota,"Vehicles & Parts > Vehicles > Cars, Trucks & Vans",2015,VAN,GASOLINE,Automatic,Grande Motors
12164,2016 Toyota Vellfire 8 seater.Rear cam.Radar cruise.Park sensors.8 Airbags.,"Immobilizer. Engine button start. Both electric sliding doors. Alloy wheels Black interior Reversing Camera Parking Sensors 2016 Toyota Ve Available from Grande Motors Ltd, East Tamaki, Auckland.",in stock,used,26900.00 NZD,https://www.grandemotors.co.nz/vehicle/2016-Toyota-Vellfire/12164,https://www.grandemotors.co.nz/Motorcentral/VehicleData/GRA-5c71ff64-45de-4a04-af9d-de6b88b58c5a-1.jpg,"https://www.grandemotors.co.nz/Motorcentral/VehicleData/GRA-5c71ff64-45de-4a04-af9d-de6b88b58c5a-2.jpg,https://www.grandemotors.co.nz/Motorcentral/VehicleData/GRA-5c71ff64-45de-4a04-af9d-de6b88b58c5a-3.jpg,https://www.grandemotors.co.nz/Motorcentral/VehicleData/GRA-5c71ff64-45de-4a04-af9d-de6b88b58c5a-4.jpg,https://www.grandemotors.co.nz/Motorcentral/VehicleData/GRA-5c71ff64-45de-4a04-af9d-de6b88b58c5a-5.jpg,https://www.grandemotors.co.nz/Motorcentral/VehicleData/GRA-5c71ff64-45de-4a04-af9d-de6b88b58c5a-6.jpg,https://www.grandemotors.co.nz/Motorcentral/VehicleData/GRA-5c71ff64-45de-4a04-af9d-de6b88b58c5a-7.jpg,https://www.grandemotors.co.nz/Motorcentral/VehicleData/GRA-5c71ff64-45de-4a04-af9d-de6b88b58c5a-8.jpg,https://www.grandemotors.co.nz/Motorcentral/VehicleData/GRA-5c71ff64-45de-4a04-af9d-de6b88b58c5a-9.jpg,https://www.grandemotors.co.nz/Motorcentral/VehicleData/GRA-5c71ff64-45de-4a04-af9d-de6b88b58c5a-10.jpg,https://www.grandemotors.co.nz/Motorcentral/VehicleData/GRA-5c71ff64-45de-4a04-af9d-de6b88b58c5a-11.jpg,https://www.grandemotors.co.nz/Motorcentral/VehicleData/GRA-5c71ff64-45de-4a04-af9d-de6b88b58c5a-12.jpg,https://www.grandemotors.co.nz/Motorcentral/VehicleData/GRA-5c71ff64-45de-4a04-af9d-de6b88b58c5a-13.jpg,https://www.grandemotors.co.nz/Motorcentral/VehicleData/GRA-5c71ff64-45de-4a04-af9d-de6b88b58c5a-14.jpg,https://www.grandemotors.co.nz/Motorcentral/VehicleData/GRA-5c71ff64-45de-4a04-af9d-de6b88b58c5a-15.jpg,https://www.grandemotors.co.nz/Motorcentral/VehicleData/GRA-5c71ff64-45de-4a04-af9d-de6b88b58c5a-16.jpg,https://www.grandemotors.co.nz/Motorcentral/VehicleData/GRA-5c71ff64-45de-4a04-af9d-de6b88b58c5a-17.jpg,https://www.grandemotors.co.nz/Motorcentral/VehicleData/GRA-5c71ff64-45de-4a04-af9d-de6b88b58c5a-18.jpg,https://www.grandemotors.co.nz/Motorcentral/VehicleData/GRA-5c71ff64-45de-4a04-af9d-de6b88b58c5a-19.jpg,https://www.grandemotors.co.nz/Motorcentral/VehicleData/GRA-5c71ff64-45de-4a04-af9d-de6b88b58c5a-20.jpg",Toyota,"Vehicles & Parts > Vehicles > Cars, Trucks & Vans",2016,VAN,GASOLINE,Automatic,Grande Motors
12465,2016 Toyota Vellfire 8 seater Reversing Camera Parking Sensors,"Immobilizer. Engine button start. Both electric sliding doors. 2016 Toyota Vellfire 8 seater facelift in black colour. Japanese import, smooth Available from Grande Motors Ltd, East Tamaki, Auckland.",in stock,used,25900.00 NZD,https://www.grandemotors.co.nz/vehicle/2016-Toyota-Vellfire/12465,https://www.grandemotors.co.nz/Motorcentral/VehicleData/GRA-5425463f-6255-467f-a66d-831b0c613ae2-1.jpg,"https://www.grandemotors.co.nz/Motorcentral/VehicleData/GRA-5425463f-6255-467f-a66d-831b0c613ae2-2.jpg,https://www.grandemotors.co.nz/Motorcentral/VehicleData/GRA-5425463f-6255-467f-a66d-831b0c613ae2-3.jpg,https://www.grandemotors.co.nz/Motorcentral/VehicleData/GRA-5425463f-6255-467f-a66d-831b0c613ae2-4.jpg,https://www.grandemotors.co.nz/Motorcentral/VehicleData/GRA-5425463f-6255-467f-a66d-831b0c613ae2-5.jpg,https://www.grandemotors.co.nz/Motorcentral/VehicleData/GRA-5425463f-6255-467f-a66d-831b0c613ae2-6.jpg,https://www.grandemotors.co.nz/Motorcentral/VehicleData/GRA-5425463f-6255-467f-a66d-831b0c613ae2-7.jpg,https://www.grandemotors.co.nz/Motorcentral/VehicleData/GRA-5425463f-6255-467f-a66d-831b0c613ae2-8.jpg,https://www.grandemotors.co.nz/Motorcentral/VehicleData/GRA-5425463f-6255-467f-a66d-831b0c613ae2-9.jpg,https://www.grandemotors.co.nz/Motorcentral/VehicleData/GRA-5425463f-6255-467f-a66d-831b0c613ae2-10.jpg,https://www.grandemotors.co.nz/Motorcentral/VehicleData/GRA-5425463f-6255-467f-a66d-831b0c613ae2-11.jpg,https://www.grandemotors.co.nz/Motorcentral/VehicleData/GRA-5425463f-6255-467f-a66d-831b0c613ae2-12.jpg,https://www.grandemotors.co.nz/Motorcentral/VehicleData/GRA-5425463f-6255-467f-a66d-831b0c613ae2-13.jpg,https://www.grandemotors.co.nz/Motorcentral/VehicleData/GRA-5425463f-6255-467f-a66d-831b0c613ae2-14.jpg,https://www.grandemotors.co.nz/Motorcentral/VehicleData/GRA-5425463f-6255-467f-a66d-831b0c613ae2-15.jpg,https://www.grandemotors.co.nz/Motorcentral/VehicleData/GRA-5425463f-6255-467f-a66d-831b0c613ae2-16.jpg,https://www.grandemotors.co.nz/Motorcentral/VehicleData/GRA-5425463f-6255-467f-a66d-831b0c613ae2-17.jpg,https://www.grandemotors.co.nz/Motorcentral/VehicleData/GRA-5425463f-6255-467f-a66d-831b0c613ae2-18.jpg",Toyota,"Vehicles & Parts > Vehicles > Cars, Trucks & Vans",2016,VAN,GASOLINE,Automatic,Grande Motors
12555,2016 Toyota Vellfire Z.Golden Eye.7seats.Cruise control.9 SRSAirbags.,"Immobilizer. Engine button start. Both electric sliding doors. RCC (Radar Cruise Control). 2016 Toyota Vellfire GOLDEN EYE edition in black colo Available from Grande Motors Ltd, East Tamaki, Auckland.",in stock,used,29900.00 NZD,https://www.grandemotors.co.nz/vehicle/2016-Toyota-Vellfire/12555,https://www.grandemotors.co.nz/Motorcentral/VehicleData/GRA-9122695f-df64-4768-9726-db17971e8386-1.jpg,"https://www.grandemotors.co.nz/Motorcentral/VehicleData/GRA-9122695f-df64-4768-9726-db17971e8386-2.jpg,https://www.grandemotors.co.nz/Motorcentral/VehicleData/GRA-9122695f-df64-4768-9726-db17971e8386-3.jpg,https://www.grandemotors.co.nz/Motorcentral/VehicleData/GRA-9122695f-df64-4768-9726-db17971e8386-4.jpg,https://www.grandemotors.co.nz/Motorcentral/VehicleData/GRA-9122695f-df64-4768-9726-db17971e8386-5.jpg,https://www.grandemotors.co.nz/Motorcentral/VehicleData/GRA-9122695f-df64-4768-9726-db17971e8386-6.jpg,https://www.grandemotors.co.nz/Motorcentral/VehicleData/GRA-9122695f-df64-4768-9726-db17971e8386-7.jpg,https://www.grandemotors.co.nz/Motorcentral/VehicleData/GRA-9122695f-df64-4768-9726-db17971e8386-8.jpg,https://www.grandemotors.co.nz/Motorcentral/VehicleData/GRA-9122695f-df64-4768-9726-db17971e8386-9.jpg,https://www.grandemotors.co.nz/Motorcentral/VehicleData/GRA-9122695f-df64-4768-9726-db17971e8386-10.jpg,https://www.grandemotors.co.nz/Motorcentral/VehicleData/GRA-9122695f-df64-4768-9726-db17971e8386-11.jpg,https://www.grandemotors.co.nz/Motorcentral/VehicleData/GRA-9122695f-df64-4768-9726-db17971e8386-12.jpg,https://www.grandemotors.co.nz/Motorcentral/VehicleData/GRA-9122695f-df64-4768-9726-db17971e8386-13.jpg,https://www.grandemotors.co.nz/Motorcentral/VehicleData/GRA-9122695f-df64-4768-9726-db17971e8386-14.jpg,https://www.grandemotors.co.nz/Motorcentral/VehicleData/GRA-9122695f-df64-4768-9726-db17971e8386-15.jpg,https://www.grandemotors.co.nz/Motorcentral/VehicleData/GRA-9122695f-df64-4768-9726-db17971e8386-16.jpg,https://www.grandemotors.co.nz/Motorcentral/VehicleData/GRA-9122695f-df64-4768-9726-db17971e8386-17.jpg,https://www.grandemotors.co.nz/Motorcentral/VehicleData/GRA-9122695f-df64-4768-9726-db17971e8386-18.jpg,https://www.grandemotors.co.nz/Motorcentral/VehicleData/GRA-9122695f-df64-4768-9726-db17971e8386-19.jpg",Toyota,"Vehicles & Parts > Vehicles > Cars, Trucks & Vans",2016,VAN,GASOLINE,Automatic,Grande Motors
12594,2016 Toyota Vellfire Z.Double sunroof.8 seater.Rear cam.Park sens.8 Airbags.,"Immobilizer. Engine button start. Double sunroof. 2016 Toyota Vellfire Z edition 8 seater in Pearl White colour with black interior. Japanese Available from Grande Motors Ltd, East Tamaki, Auckland.",in stock,used,26900.00 NZD,https://www.grandemotors.co.nz/vehicle/2016-Toyota-Vellfire/12594,https://www.grandemotors.co.nz/Motorcentral/VehicleData/GRA-0a2ceb59-9103-41dc-8501-0adb09e81d41-1.jpg,"https://www.grandemotors.co.nz/Motorcentral/VehicleData/GRA-0a2ceb59-9103-41dc-8501-0adb09e81d41-2.jpg,https://www.grandemotors.co.nz/Motorcentral/VehicleData/GRA-0a2ceb59-9103-41dc-8501-0adb09e81d41-3.jpg,https://www.grandemotors.co.nz/Motorcentral/VehicleData/GRA-0a2ceb59-9103-41dc-8501-0adb09e81d41-4.jpg,https://www.grandemotors.co.nz/Motorcentral/VehicleData/GRA-0a2ceb59-9103-41dc-8501-0adb09e81d41-5.jpg,https://www.grandemotors.co.nz/Motorcentral/VehicleData/GRA-0a2ceb59-9103-41dc-8501-0adb09e81d41-6.jpg,https://www.grandemotors.co.nz/Motorcentral/VehicleData/GRA-0a2ceb59-9103-41dc-8501-0adb09e81d41-7.jpg,https://www.grandemotors.co.nz/Motorcentral/VehicleData/GRA-0a2ceb59-9103-41dc-8501-0adb09e81d41-8.jpg,https://www.grandemotors.co.nz/Motorcentral/VehicleData/GRA-0a2ceb59-9103-41dc-8501-0adb09e81d41-9.jpg,https://www.grandemotors.co.nz/Motorcentral/VehicleData/GRA-0a2ceb59-9103-41dc-8501-0adb09e81d41-10.jpg,https://www.grandemotors.co.nz/Motorcentral/VehicleData/GRA-0a2ceb59-9103-41dc-8501-0adb09e81d41-11.jpg,https://www.grandemotors.co.nz/Motorcentral/VehicleData/GRA-0a2ceb59-9103-41dc-8501-0adb09e81d41-12.jpg,https://www.grandemotors.co.nz/Motorcentral/VehicleData/GRA-0a2ceb59-9103-41dc-8501-0adb09e81d41-13.jpg,https://www.grandemotors.co.nz/Motorcentral/VehicleData/GRA-0a2ceb59-9103-41dc-8501-0adb09e81d41-14.jpg,https://www.grandemotors.co.nz/Motorcentral/VehicleData/GRA-0a2ceb59-9103-41dc-8501-0adb09e81d41-15.jpg,https://www.grandemotors.co.nz/Motorcentral/VehicleData/GRA-0a2ceb59-9103-41dc-8501-0adb09e81d41-16.jpg,https://www.grandemotors.co.nz/Motorcentral/VehicleData/GRA-0a2ceb59-9103-41dc-8501-0adb09e81d41-17.jpg,https://www.grandemotors.co.nz/Motorcentral/VehicleData/GRA-0a2ceb59-9103-41dc-8501-0adb09e81d41-18.jpg,https://www.grandemotors.co.nz/Motorcentral/VehicleData/GRA-0a2ceb59-9103-41dc-8501-0adb09e81d41-19.jpg",Toyota,"Vehicles & Parts > Vehicles > Cars, Trucks & Vans",2016,VAN,GASOLINE,Automatic,Grande Motors
12695,2016 Toyota Vellfire 8 seats.Rear camera.Park sensors.10 Airbags.Button start.,"CERTIFIED LOW KM. Immobilizer. Engine button start. 2016 Toyota Vellfire 8 seater in black colour. Japanese import, smooth 2500cc chain driv Available from Grande Motors Ltd, East Tamaki, Auckland.",in stock,used,29900.00 NZD,https://www.grandemotors.co.nz/vehicle/2016-Toyota-Vellfire/12695,https://www.grandemotors.co.nz/Motorcentral/VehicleData/GRA-c64c62ef-bf1c-4afa-b8c8-544b77187187-1.jpg,"https://www.grandemotors.co.nz/Motorcentral/VehicleData/GRA-c64c62ef-bf1c-4afa-b8c8-544b77187187-2.jpg,https://www.grandemotors.co.nz/Motorcentral/VehicleData/GRA-c64c62ef-bf1c-4afa-b8c8-544b77187187-3.jpg,https://www.grandemotors.co.nz/Motorcentral/VehicleData/GRA-c64c62ef-bf1c-4afa-b8c8-544b77187187-4.jpg,https://www.grandemotors.co.nz/Motorcentral/VehicleData/GRA-c64c62ef-bf1c-4afa-b8c8-544b77187187-5.jpg,https://www.grandemotors.co.nz/Motorcentral/VehicleData/GRA-c64c62ef-bf1c-4afa-b8c8-544b77187187-6.jpg,https://www.grandemotors.co.nz/Motorcentral/VehicleData/GRA-c64c62ef-bf1c-4afa-b8c8-544b77187187-7.jpg,https://www.grandemotors.co.nz/Motorcentral/VehicleData/GRA-c64c62ef-bf1c-4afa-b8c8-544b77187187-8.jpg,https://www.grandemotors.co.nz/Motorcentral/VehicleData/GRA-c64c62ef-bf1c-4afa-b8c8-544b77187187-9.jpg,https://www.grandemotors.co.nz/Motorcentral/VehicleData/GRA-c64c62ef-bf1c-4afa-b8c8-544b77187187-10.jpg,https://www.grandemotors.co.nz/Motorcentral/VehicleData/GRA-c64c62ef-bf1c-4afa-b8c8-544b77187187-11.jpg,https://www.grandemotors.co.nz/Motorcentral/VehicleData/GRA-c64c62ef-bf1c-4afa-b8c8-544b77187187-12.jpg,https://www.grandemotors.co.nz/Motorcentral/VehicleData/GRA-c64c62ef-bf1c-4afa-b8c8-544b77187187-13.jpg,https://www.grandemotors.co.nz/Motorcentral/VehicleData/GRA-c64c62ef-bf1c-4afa-b8c8-544b77187187-14.jpg,https://www.grandemotors.co.nz/Motorcentral/VehicleData/GRA-c64c62ef-bf1c-4afa-b8c8-544b77187187-15.jpg,https://www.grandemotors.co.nz/Motorcentral/VehicleData/GRA-c64c62ef-bf1c-4afa-b8c8-544b77187187-16.jpg,https://www.grandemotors.co.nz/Motorcentral/VehicleData/GRA-c64c62ef-bf1c-4afa-b8c8-544b77187187-17.jpg",Toyota,"Vehicles & Parts > Vehicles > Cars, Trucks & Vans",2016,VAN,GASOLINE,Automatic,Grande Motors
12886,2016 Toyota Vellfire Rear camera.Electric doors.Rea cam.8 Airbags.,"Immobilizer. Engine button start. Both electric sliding doors. 2016 Toyota Vellfire 7 seater in black colour with black interior. Japanese imp Available from Grande Motors Ltd, East Tamaki, Auckland.",in stock,used,25900.00 NZD,https://www.grandemotors.co.nz/vehicle/2016-Toyota-Vellfire/12886,https://www.grandemotors.co.nz/Motorcentral/VehicleData/GRA-aaf48437-1ed0-47a3-80ae-2fbee8e281d9-1.jpg,"https://www.grandemotors.co.nz/Motorcentral/VehicleData/GRA-aaf48437-1ed0-47a3-80ae-2fbee8e281d9-2.jpg,https://www.grandemotors.co.nz/Motorcentral/VehicleData/GRA-aaf48437-1ed0-47a3-80ae-2fbee8e281d9-3.jpg,https://www.grandemotors.co.nz/Motorcentral/VehicleData/GRA-aaf48437-1ed0-47a3-80ae-2fbee8e281d9-4.jpg,https://www.grandemotors.co.nz/Motorcentral/VehicleData/GRA-aaf48437-1ed0-47a3-80ae-2fbee8e281d9-5.jpg,https://www.grandemotors.co.nz/Motorcentral/VehicleData/GRA-aaf48437-1ed0-47a3-80ae-2fbee8e281d9-6.jpg,https://www.grandemotors.co.nz/Motorcentral/VehicleData/GRA-aaf48437-1ed0-47a3-80ae-2fbee8e281d9-7.jpg,https://www.grandemotors.co.nz/Motorcentral/VehicleData/GRA-aaf48437-1ed0-47a3-80ae-2fbee8e281d9-8.jpg,https://www.grandemotors.co.nz/Motorcentral/VehicleData/GRA-aaf48437-1ed0-47a3-80ae-2fbee8e281d9-9.jpg,https://www.grandemotors.co.nz/Motorcentral/VehicleData/GRA-aaf48437-1ed0-47a3-80ae-2fbee8e281d9-10.jpg,https://www.grandemotors.co.nz/Motorcentral/VehicleData/GRA-aaf48437-1ed0-47a3-80ae-2fbee8e281d9-11.jpg,https://www.grandemotors.co.nz/Motorcentral/VehicleData/GRA-aaf48437-1ed0-47a3-80ae-2fbee8e281d9-12.jpg,https://www.grandemotors.co.nz/Motorcentral/VehicleData/GRA-aaf48437-1ed0-47a3-80ae-2fbee8e281d9-13.jpg,https://www.grandemotors.co.nz/Motorcentral/VehicleData/GRA-aaf48437-1ed0-47a3-80ae-2fbee8e281d9-14.jpg,https://www.grandemotors.co.nz/Motorcentral/VehicleData/GRA-aaf48437-1ed0-47a3-80ae-2fbee8e281d9-15.jpg,https://www.grandemotors.co.nz/Motorcentral/VehicleData/GRA-aaf48437-1ed0-47a3-80ae-2fbee8e281d9-16.jpg,https://www.grandemotors.co.nz/Motorcentral/VehicleData/GRA-aaf48437-1ed0-47a3-80ae-2fbee8e281d9-17.jpg,https://www.grandemotors.co.nz/Motorcentral/VehicleData/GRA-aaf48437-1ed0-47a3-80ae-2fbee8e281d9-18.jpg,https://www.grandemotors.co.nz/Motorcentral/VehicleData/GRA-aaf48437-1ed0-47a3-80ae-2fbee8e281d9-19.jpg,https://www.grandemotors.co.nz/Motorcentral/VehicleData/GRA-aaf48437-1ed0-47a3-80ae-2fbee8e281d9-20.jpg",Toyota,"Vehicles & Parts > Vehicles > Cars, Trucks & Vans",2016,VAN,ELECTRIC,Automatic,Grande Motors
11969,2017 Toyota Vellfire 8 seater.Rear cam.Radar cruise.Park sensors.8 Airbags.,"Immobilizer. Engine button start. Both electric sliding doors. Alloy wheels with Japanese ""Yokohama"" tires. 2017 Toyota Vellfire 8 seater in bla Available from Grande Motors Ltd, East Tamaki, Auckland.",in stock,used,27400.00 NZD,https://www.grandemotors.co.nz/vehicle/2017-Toyota-Vellfire/11969,https://www.grandemotors.co.nz/Motorcentral/VehicleData/GRA-16fa807e-f95d-493a-a7f6-ef49d0c8b8d9-1.jpg,"https://www.grandemotors.co.nz/Motorcentral/VehicleData/GRA-16fa807e-f95d-493a-a7f6-ef49d0c8b8d9-2.jpg,https://www.grandemotors.co.nz/Motorcentral/VehicleData/GRA-16fa807e-f95d-493a-a7f6-ef49d0c8b8d9-3.jpg,https://www.grandemotors.co.nz/Motorcentral/VehicleData/GRA-16fa807e-f95d-493a-a7f6-ef49d0c8b8d9-4.jpg,https://www.grandemotors.co.nz/Motorcentral/VehicleData/GRA-16fa807e-f95d-493a-a7f6-ef49d0c8b8d9-5.jpg,https://www.grandemotors.co.nz/Motorcentral/VehicleData/GRA-16fa807e-f95d-493a-a7f6-ef49d0c8b8d9-6.jpg,https://www.grandemotors.co.nz/Motorcentral/VehicleData/GRA-16fa807e-f95d-493a-a7f6-ef49d0c8b8d9-7.jpg,https://www.grandemotors.co.nz/Motorcentral/VehicleData/GRA-16fa807e-f95d-493a-a7f6-ef49d0c8b8d9-8.jpg,https://www.grandemotors.co.nz/Motorcentral/VehicleData/GRA-16fa807e-f95d-493a-a7f6-ef49d0c8b8d9-9.jpg,https://www.grandemotors.co.nz/Motorcentral/VehicleData/GRA-16fa807e-f95d-493a-a7f6-ef49d0c8b8d9-10.jpg,https://www.grandemotors.co.nz/Motorcentral/VehicleData/GRA-16fa807e-f95d-493a-a7f6-ef49d0c8b8d9-11.jpg,https://www.grandemotors.co.nz/Motorcentral/VehicleData/GRA-16fa807e-f95d-493a-a7f6-ef49d0c8b8d9-12.jpg,https://www.grandemotors.co.nz/Motorcentral/VehicleData/GRA-16fa807e-f95d-493a-a7f6-ef49d0c8b8d9-13.jpg,https://www.grandemotors.co.nz/Motorcentral/VehicleData/GRA-16fa807e-f95d-493a-a7f6-ef49d0c8b8d9-14.jpg,https://www.grandemotors.co.nz/Motorcentral/VehicleData/GRA-16fa807e-f95d-493a-a7f6-ef49d0c8b8d9-15.jpg,https://www.grandemotors.co.nz/Motorcentral/VehicleData/GRA-16fa807e-f95d-493a-a7f6-ef49d0c8b8d9-16.jpg,https://www.grandemotors.co.nz/Motorcentral/VehicleData/GRA-16fa807e-f95d-493a-a7f6-ef49d0c8b8d9-17.jpg,https://www.grandemotors.co.nz/Motorcentral/VehicleData/GRA-16fa807e-f95d-493a-a7f6-ef49d0c8b8d9-18.jpg,https://www.grandemotors.co.nz/Motorcentral/VehicleData/GRA-16fa807e-f95d-493a-a7f6-ef49d0c8b8d9-19.jpg",Toyota,"Vehicles & Parts > Vehicles > Cars, Trucks & Vans",2017,VAN,GASOLINE,Automatic,Grande Motors
12143,2017 Toyota Vellfire 8 seats.Rear camera.Park sensors.10 Airbags.Button start.,"Immobilizer. Engine button start. Both electric sliding doors. 2017 Toyota Vellfire 8 seater in black colour. Japanese import, smooth 2500cc c Available from Grande Motors Ltd, East Tamaki, Auckland.",in stock,used,26900.00 NZD,https://www.grandemotors.co.nz/vehicle/2017-Toyota-Vellfire/12143,https://www.grandemotors.co.nz/Motorcentral/VehicleData/GRA-f4fe14c6-56b8-483e-a79c-1faffd7aa6a0-1.jpg,"https://www.grandemotors.co.nz/Motorcentral/VehicleData/GRA-f4fe14c6-56b8-483e-a79c-1faffd7aa6a0-2.jpg,https://www.grandemotors.co.nz/Motorcentral/VehicleData/GRA-f4fe14c6-56b8-483e-a79c-1faffd7aa6a0-3.jpg,https://www.grandemotors.co.nz/Motorcentral/VehicleData/GRA-f4fe14c6-56b8-483e-a79c-1faffd7aa6a0-4.jpg,https://www.grandemotors.co.nz/Motorcentral/VehicleData/GRA-f4fe14c6-56b8-483e-a79c-1faffd7aa6a0-5.jpg,https://www.grandemotors.co.nz/Motorcentral/VehicleData/GRA-f4fe14c6-56b8-483e-a79c-1faffd7aa6a0-6.jpg,https://www.grandemotors.co.nz/Motorcentral/VehicleData/GRA-f4fe14c6-56b8-483e-a79c-1faffd7aa6a0-7.jpg,https://www.grandemotors.co.nz/Motorcentral/VehicleData/GRA-f4fe14c6-56b8-483e-a79c-1faffd7aa6a0-8.jpg,https://www.grandemotors.co.nz/Motorcentral/VehicleData/GRA-f4fe14c6-56b8-483e-a79c-1faffd7aa6a0-9.jpg,https://www.grandemotors.co.nz/Motorcentral/VehicleData/GRA-f4fe14c6-56b8-483e-a79c-1faffd7aa6a0-10.jpg,https://www.grandemotors.co.nz/Motorcentral/VehicleData/GRA-f4fe14c6-56b8-483e-a79c-1faffd7aa6a0-11.jpg,https://www.grandemotors.co.nz/Motorcentral/VehicleData/GRA-f4fe14c6-56b8-483e-a79c-1faffd7aa6a0-12.jpg,https://www.grandemotors.co.nz/Motorcentral/VehicleData/GRA-f4fe14c6-56b8-483e-a79c-1faffd7aa6a0-13.jpg,https://www.grandemotors.co.nz/Motorcentral/VehicleData/GRA-f4fe14c6-56b8-483e-a79c-1faffd7aa6a0-14.jpg,https://www.grandemotors.co.nz/Motorcentral/VehicleData/GRA-f4fe14c6-56b8-483e-a79c-1faffd7aa6a0-15.jpg,https://www.grandemotors.co.nz/Motorcentral/VehicleData/GRA-f4fe14c6-56b8-483e-a79c-1faffd7aa6a0-16.jpg,https://www.grandemotors.co.nz/Motorcentral/VehicleData/GRA-f4fe14c6-56b8-483e-a79c-1faffd7aa6a0-17.jpg,https://www.grandemotors.co.nz/Motorcentral/VehicleData/GRA-f4fe14c6-56b8-483e-a79c-1faffd7aa6a0-18.jpg,https://www.grandemotors.co.nz/Motorcentral/VehicleData/GRA-f4fe14c6-56b8-483e-a79c-1faffd7aa6a0-19.jpg",Toyota,"Vehicles & Parts > Vehicles > Cars, Trucks & Vans",2017,VAN,GASOLINE,Automatic,Grande Motors
12170,2019 Toyota Vellfire 8 seater.Rear cam.Radar cruise.Park sensors.8 Airbags.,"Immobilizer. Engine button start. Radar Cruise Control LKA (Lane keeping Assistance). 2019 Toyota Vellfire 8 seater in Pearl white colour. Ja Available from Grande Motors Ltd, East Tamaki, Auckland.",in stock,used,30900.00 NZD,https://www.grandemotors.co.nz/vehicle/2019-Toyota-Vellfire/12170,https://www.grandemotors.co.nz/Motorcentral/VehicleData/GRA-236754e6-da39-44b4-8a7e-bfa8b6a40e01-1.jpg,"https://www.grandemotors.co.nz/Motorcentral/VehicleData/GRA-236754e6-da39-44b4-8a7e-bfa8b6a40e01-2.jpg,https://www.grandemotors.co.nz/Motorcentral/VehicleData/GRA-236754e6-da39-44b4-8a7e-bfa8b6a40e01-3.jpg,https://www.grandemotors.co.nz/Motorcentral/VehicleData/GRA-236754e6-da39-44b4-8a7e-bfa8b6a40e01-4.jpg,https://www.grandemotors.co.nz/Motorcentral/VehicleData/GRA-236754e6-da39-44b4-8a7e-bfa8b6a40e01-5.jpg,https://www.grandemotors.co.nz/Motorcentral/VehicleData/GRA-236754e6-da39-44b4-8a7e-bfa8b6a40e01-6.jpg,https://www.grandemotors.co.nz/Motorcentral/VehicleData/GRA-236754e6-da39-44b4-8a7e-bfa8b6a40e01-7.jpg,https://www.grandemotors.co.nz/Motorcentral/VehicleData/GRA-236754e6-da39-44b4-8a7e-bfa8b6a40e01-8.jpg,https://www.grandemotors.co.nz/Motorcentral/VehicleData/GRA-236754e6-da39-44b4-8a7e-bfa8b6a40e01-9.jpg,https://www.grandemotors.co.nz/Motorcentral/VehicleData/GRA-236754e6-da39-44b4-8a7e-bfa8b6a40e01-10.jpg,https://www.grandemotors.co.nz/Motorcentral/VehicleData/GRA-236754e6-da39-44b4-8a7e-bfa8b6a40e01-11.jpg,https://www.grandemotors.co.nz/Motorcentral/VehicleData/GRA-236754e6-da39-44b4-8a7e-bfa8b6a40e01-12.jpg,https://www.grandemotors.co.nz/Motorcentral/VehicleData/GRA-236754e6-da39-44b4-8a7e-bfa8b6a40e01-13.jpg,https://www.grandemotors.co.nz/Motorcentral/VehicleData/GRA-236754e6-da39-44b4-8a7e-bfa8b6a40e01-14.jpg,https://www.grandemotors.co.nz/Motorcentral/VehicleData/GRA-236754e6-da39-44b4-8a7e-bfa8b6a40e01-15.jpg,https://www.grandemotors.co.nz/Motorcentral/VehicleData/GRA-236754e6-da39-44b4-8a7e-bfa8b6a40e01-16.jpg,https://www.grandemotors.co.nz/Motorcentral/VehicleData/GRA-236754e6-da39-44b4-8a7e-bfa8b6a40e01-17.jpg,https://www.grandemotors.co.nz/Motorcentral/VehicleData/GRA-236754e6-da39-44b4-8a7e-bfa8b6a40e01-18.jpg,https://www.grandemotors.co.nz/Motorcentral/VehicleData/GRA-236754e6-da39-44b4-8a7e-bfa8b6a40e01-19.jpg",Toyota,"Vehicles & Parts > Vehicles > Cars, Trucks & Vans",2019,VAN,GASOLINE,Automatic,Grande Motors
12729,2019 Toyota Vellfire 8 seater.Rear cam.Radar cruise.Park sensors.8 Airbags.,"Immobilizer. Engine button start. RCC (Radar Cruise Control). LKA (Lane Keeping Assistance). 2019 Toyota Vellfire 8 seater in white colour. J Available from Grande Motors Ltd, East Tamaki, Auckland.",in stock,used,29900.00 NZD,https://www.grandemotors.co.nz/vehicle/2019-Toyota-Vellfire/12729,https://www.grandemotors.co.nz/Motorcentral/VehicleData/GRA-b0c5714e-d4ee-42fd-95a1-1c0fd5e1f709-1.jpg,"https://www.grandemotors.co.nz/Motorcentral/VehicleData/GRA-b0c5714e-d4ee-42fd-95a1-1c0fd5e1f709-2.jpg,https://www.grandemotors.co.nz/Motorcentral/VehicleData/GRA-b0c5714e-d4ee-42fd-95a1-1c0fd5e1f709-3.jpg,https://www.grandemotors.co.nz/Motorcentral/VehicleData/GRA-b0c5714e-d4ee-42fd-95a1-1c0fd5e1f709-4.jpg,https://www.grandemotors.co.nz/Motorcentral/VehicleData/GRA-b0c5714e-d4ee-42fd-95a1-1c0fd5e1f709-5.jpg,https://www.grandemotors.co.nz/Motorcentral/VehicleData/GRA-b0c5714e-d4ee-42fd-95a1-1c0fd5e1f709-6.jpg,https://www.grandemotors.co.nz/Motorcentral/VehicleData/GRA-b0c5714e-d4ee-42fd-95a1-1c0fd5e1f709-7.jpg,https://www.grandemotors.co.nz/Motorcentral/VehicleData/GRA-b0c5714e-d4ee-42fd-95a1-1c0fd5e1f709-8.jpg,https://www.grandemotors.co.nz/Motorcentral/VehicleData/GRA-b0c5714e-d4ee-42fd-95a1-1c0fd5e1f709-9.jpg,https://www.grandemotors.co.nz/Motorcentral/VehicleData/GRA-b0c5714e-d4ee-42fd-95a1-1c0fd5e1f709-10.jpg,https://www.grandemotors.co.nz/Motorcentral/VehicleData/GRA-b0c5714e-d4ee-42fd-95a1-1c0fd5e1f709-11.jpg,https://www.grandemotors.co.nz/Motorcentral/VehicleData/GRA-b0c5714e-d4ee-42fd-95a1-1c0fd5e1f709-12.jpg,https://www.grandemotors.co.nz/Motorcentral/VehicleData/GRA-b0c5714e-d4ee-42fd-95a1-1c0fd5e1f709-13.jpg,https://www.grandemotors.co.nz/Motorcentral/VehicleData/GRA-b0c5714e-d4ee-42fd-95a1-1c0fd5e1f709-14.jpg,https://www.grandemotors.co.nz/Motorcentral/VehicleData/GRA-b0c5714e-d4ee-42fd-95a1-1c0fd5e1f709-15.jpg,https://www.grandemotors.co.nz/Motorcentral/VehicleData/GRA-b0c5714e-d4ee-42fd-95a1-1c0fd5e1f709-16.jpg,https://www.grandemotors.co.nz/Motorcentral/VehicleData/GRA-b0c5714e-d4ee-42fd-95a1-1c0fd5e1f709-17.jpg,https://www.grandemotors.co.nz/Motorcentral/VehicleData/GRA-b0c5714e-d4ee-42fd-95a1-1c0fd5e1f709-18.jpg,https://www.grandemotors.co.nz/Motorcentral/VehicleData/GRA-b0c5714e-d4ee-42fd-95a1-1c0fd5e1f709-19.jpg",Toyota,"Vehicles & Parts > Vehicles > Cars, Trucks & Vans",2019,VAN,GASOLINE,Automatic,Grande Motors
13634,2006 Toyota Vitz SRS Airbags.,"2006 Toyota Vitz in grey colour with dark interior. Japanese import, 1300cc chain driven engine provides perfect compromise between power and econo Available from Grande Motors Ltd, East Tamaki, Auckland.",in stock,used,6900.00 NZD,https://www.grandemotors.co.nz/vehicle/2006-Toyota-Vitz/13634,https://www.grandemotors.co.nz/Motorcentral/VehicleData/GRA-b26fb172-41c5-4b7a-8264-9fd587bdaf9f-1.jpg,"https://www.grandemotors.co.nz/Motorcentral/VehicleData/GRA-b26fb172-41c5-4b7a-8264-9fd587bdaf9f-2.jpg,https://www.grandemotors.co.nz/Motorcentral/VehicleData/GRA-b26fb172-41c5-4b7a-8264-9fd587bdaf9f-3.jpg,https://www.grandemotors.co.nz/Motorcentral/VehicleData/GRA-b26fb172-41c5-4b7a-8264-9fd587bdaf9f-4.jpg,https://www.grandemotors.co.nz/Motorcentral/VehicleData/GRA-b26fb172-41c5-4b7a-8264-9fd587bdaf9f-5.jpg,https://www.grandemotors.co.nz/Motorcentral/VehicleData/GRA-b26fb172-41c5-4b7a-8264-9fd587bdaf9f-6.jpg,https://www.grandemotors.co.nz/Motorcentral/VehicleData/GRA-b26fb172-41c5-4b7a-8264-9fd587bdaf9f-7.jpg,https://www.grandemotors.co.nz/Motorcentral/VehicleData/GRA-b26fb172-41c5-4b7a-8264-9fd587bdaf9f-8.jpg,https://www.grandemotors.co.nz/Motorcentral/VehicleData/GRA-b26fb172-41c5-4b7a-8264-9fd587bdaf9f-9.jpg,https://www.grandemotors.co.nz/Motorcentral/VehicleData/GRA-b26fb172-41c5-4b7a-8264-9fd587bdaf9f-10.jpg,https://www.grandemotors.co.nz/Motorcentral/VehicleData/GRA-b26fb172-41c5-4b7a-8264-9fd587bdaf9f-11.jpg,https://www.grandemotors.co.nz/Motorcentral/VehicleData/GRA-b26fb172-41c5-4b7a-8264-9fd587bdaf9f-12.jpg,https://www.grandemotors.co.nz/Motorcentral/VehicleData/GRA-b26fb172-41c5-4b7a-8264-9fd587bdaf9f-13.jpg,https://www.grandemotors.co.nz/Motorcentral/VehicleData/GRA-b26fb172-41c5-4b7a-8264-9fd587bdaf9f-14.jpg,https://www.grandemotors.co.nz/Motorcentral/VehicleData/GRA-b26fb172-41c5-4b7a-8264-9fd587bdaf9f-15.jpg,https://www.grandemotors.co.nz/Motorcentral/VehicleData/GRA-b26fb172-41c5-4b7a-8264-9fd587bdaf9f-16.jpg",Toyota,"Vehicles & Parts > Vehicles > Cars, Trucks & Vans",2006,HATCHBACK,GASOLINE,Automatic,Grande Motors
13338,2015 Toyota Vitz F.LOW KM.Rear camera.SRS Airbags.,"CERTIFID LOW KM. 2015 Toyota Vitz in silver colour with black interior. Japanese import, 1300cc chain driven engine provides perfect compromise Available from Grande Motors Ltd, East Tamaki, Auckland.",in stock,used,11700.00 NZD,https://www.grandemotors.co.nz/vehicle/2015-Toyota-Vitz/13338,https://www.grandemotors.co.nz/Motorcentral/VehicleData/GRA-c4e068c8-d64d-4da9-a579-1910296b1963-1.jpg,"https://www.grandemotors.co.nz/Motorcentral/VehicleData/GRA-c4e068c8-d64d-4da9-a579-1910296b1963-2.jpg,https://www.grandemotors.co.nz/Motorcentral/VehicleData/GRA-c4e068c8-d64d-4da9-a579-1910296b1963-3.jpg,https://www.grandemotors.co.nz/Motorcentral/VehicleData/GRA-c4e068c8-d64d-4da9-a579-1910296b1963-4.jpg,https://www.grandemotors.co.nz/Motorcentral/VehicleData/GRA-c4e068c8-d64d-4da9-a579-1910296b1963-5.jpg,https://www.grandemotors.co.nz/Motorcentral/VehicleData/GRA-c4e068c8-d64d-4da9-a579-1910296b1963-6.jpg,https://www.grandemotors.co.nz/Motorcentral/VehicleData/GRA-c4e068c8-d64d-4da9-a579-1910296b1963-7.jpg,https://www.grandemotors.co.nz/Motorcentral/VehicleData/GRA-c4e068c8-d64d-4da9-a579-1910296b1963-8.jpg,https://www.grandemotors.co.nz/Motorcentral/VehicleData/GRA-c4e068c8-d64d-4da9-a579-1910296b1963-9.jpg,https://www.grandemotors.co.nz/Motorcentral/VehicleData/GRA-c4e068c8-d64d-4da9-a579-1910296b1963-10.jpg,https://www.grandemotors.co.nz/Motorcentral/VehicleData/GRA-c4e068c8-d64d-4da9-a579-1910296b1963-11.jpg,https://www.grandemotors.co.nz/Motorcentral/VehicleData/GRA-c4e068c8-d64d-4da9-a579-1910296b1963-12.jpg,https://www.grandemotors.co.nz/Motorcentral/VehicleData/GRA-c4e068c8-d64d-4da9-a579-1910296b1963-13.jpg,https://www.grandemotors.co.nz/Motorcentral/VehicleData/GRA-c4e068c8-d64d-4da9-a579-1910296b1963-14.jpg,https://www.grandemotors.co.nz/Motorcentral/VehicleData/GRA-c4e068c8-d64d-4da9-a579-1910296b1963-15.jpg,https://www.grandemotors.co.nz/Motorcentral/VehicleData/GRA-c4e068c8-d64d-4da9-a579-1910296b1963-16.jpg,https://www.grandemotors.co.nz/Motorcentral/VehicleData/GRA-c4e068c8-d64d-4da9-a579-1910296b1963-17.jpg,https://www.grandemotors.co.nz/Motorcentral/VehicleData/GRA-c4e068c8-d64d-4da9-a579-1910296b1963-18.jpg",Toyota,"Vehicles & Parts > Vehicles > Cars, Trucks & Vans",2015,HATCHBACK,GASOLINE,Automatic,Grande Motors
12922,2017 Toyota Vitz Hybrid Push Start,"immobilizer 8 SRS Airbags (front, side, rear). Alloy wheels with brand new tires. 2017 Toyota Vitz in Orange colour with black interior. Japa Available from Grande Motors Ltd, East Tamaki, Auckland.",in stock,used,11900.00 NZD,https://www.grandemotors.co.nz/vehicle/2017-Toyota-Vitz/12922,https://www.grandemotors.co.nz/Motorcentral/VehicleData/GRA-74c92fc0-5a5d-44c5-8502-e9dad059503a-1.jpg,"https://www.grandemotors.co.nz/Motorcentral/VehicleData/GRA-74c92fc0-5a5d-44c5-8502-e9dad059503a-2.jpg,https://www.grandemotors.co.nz/Motorcentral/VehicleData/GRA-74c92fc0-5a5d-44c5-8502-e9dad059503a-3.jpg,https://www.grandemotors.co.nz/Motorcentral/VehicleData/GRA-74c92fc0-5a5d-44c5-8502-e9dad059503a-4.jpg,https://www.grandemotors.co.nz/Motorcentral/VehicleData/GRA-74c92fc0-5a5d-44c5-8502-e9dad059503a-5.jpg,https://www.grandemotors.co.nz/Motorcentral/VehicleData/GRA-74c92fc0-5a5d-44c5-8502-e9dad059503a-6.jpg,https://www.grandemotors.co.nz/Motorcentral/VehicleData/GRA-74c92fc0-5a5d-44c5-8502-e9dad059503a-7.jpg,https://www.grandemotors.co.nz/Motorcentral/VehicleData/GRA-74c92fc0-5a5d-44c5-8502-e9dad059503a-8.jpg,https://www.grandemotors.co.nz/Motorcentral/VehicleData/GRA-74c92fc0-5a5d-44c5-8502-e9dad059503a-9.jpg,https://www.grandemotors.co.nz/Motorcentral/VehicleData/GRA-74c92fc0-5a5d-44c5-8502-e9dad059503a-10.jpg,https://www.grandemotors.co.nz/Motorcentral/VehicleData/GRA-74c92fc0-5a5d-44c5-8502-e9dad059503a-11.jpg,https://www.grandemotors.co.nz/Motorcentral/VehicleData/GRA-74c92fc0-5a5d-44c5-8502-e9dad059503a-12.jpg,https://www.grandemotors.co.nz/Motorcentral/VehicleData/GRA-74c92fc0-5a5d-44c5-8502-e9dad059503a-13.jpg,https://www.grandemotors.co.nz/Motorcentral/VehicleData/GRA-74c92fc0-5a5d-44c5-8502-e9dad059503a-14.jpg,https://www.grandemotors.co.nz/Motorcentral/VehicleData/GRA-74c92fc0-5a5d-44c5-8502-e9dad059503a-15.jpg,https://www.grandemotors.co.nz/Motorcentral/VehicleData/GRA-74c92fc0-5a5d-44c5-8502-e9dad059503a-16.jpg",Toyota,"Vehicles & Parts > Vehicles > Cars, Trucks & Vans",2017,HATCHBACK,HYBRID,Automatic,Grande Motors
13413,2014 Toyota Voxy Hybrid.Cruise control.Rear camera.7 seater.SRS Airbags.,"Immobilizer. Engine button start. Both electric sliding doors. 2014 Toyota Voxy hybrid 7 seater in black colour with black interior. Japanese Available from Grande Motors Ltd, East Tamaki, Auckland.",in stock,used,18900.00 NZD,https://www.grandemotors.co.nz/vehicle/2014-Toyota-Voxy/13413,https://www.grandemotors.co.nz/Motorcentral/VehicleData/GRA-d55c645b-2e8d-4f7f-8161-ad3a5b478f92-1.jpg,"https://www.grandemotors.co.nz/Motorcentral/VehicleData/GRA-d55c645b-2e8d-4f7f-8161-ad3a5b478f92-2.jpg,https://www.grandemotors.co.nz/Motorcentral/VehicleData/GRA-d55c645b-2e8d-4f7f-8161-ad3a5b478f92-3.jpg,https://www.grandemotors.co.nz/Motorcentral/VehicleData/GRA-d55c645b-2e8d-4f7f-8161-ad3a5b478f92-4.jpg,https://www.grandemotors.co.nz/Motorcentral/VehicleData/GRA-d55c645b-2e8d-4f7f-8161-ad3a5b478f92-5.jpg,https://www.grandemotors.co.nz/Motorcentral/VehicleData/GRA-d55c645b-2e8d-4f7f-8161-ad3a5b478f92-6.jpg,https://www.grandemotors.co.nz/Motorcentral/VehicleData/GRA-d55c645b-2e8d-4f7f-8161-ad3a5b478f92-7.jpg,https://www.grandemotors.co.nz/Motorcentral/VehicleData/GRA-d55c645b-2e8d-4f7f-8161-ad3a5b478f92-8.jpg,https://www.grandemotors.co.nz/Motorcentral/VehicleData/GRA-d55c645b-2e8d-4f7f-8161-ad3a5b478f92-9.jpg,https://www.grandemotors.co.nz/Motorcentral/VehicleData/GRA-d55c645b-2e8d-4f7f-8161-ad3a5b478f92-10.jpg,https://www.grandemotors.co.nz/Motorcentral/VehicleData/GRA-d55c645b-2e8d-4f7f-8161-ad3a5b478f92-11.jpg,https://www.grandemotors.co.nz/Motorcentral/VehicleData/GRA-d55c645b-2e8d-4f7f-8161-ad3a5b478f92-12.jpg,https://www.grandemotors.co.nz/Motorcentral/VehicleData/GRA-d55c645b-2e8d-4f7f-8161-ad3a5b478f92-13.jpg,https://www.grandemotors.co.nz/Motorcentral/VehicleData/GRA-d55c645b-2e8d-4f7f-8161-ad3a5b478f92-14.jpg,https://www.grandemotors.co.nz/Motorcentral/VehicleData/GRA-d55c645b-2e8d-4f7f-8161-ad3a5b478f92-15.jpg,https://www.grandemotors.co.nz/Motorcentral/VehicleData/GRA-d55c645b-2e8d-4f7f-8161-ad3a5b478f92-16.jpg,https://www.grandemotors.co.nz/Motorcentral/VehicleData/GRA-d55c645b-2e8d-4f7f-8161-ad3a5b478f92-17.jpg,https://www.grandemotors.co.nz/Motorcentral/VehicleData/GRA-d55c645b-2e8d-4f7f-8161-ad3a5b478f92-18.jpg,https://www.grandemotors.co.nz/Motorcentral/VehicleData/GRA-d55c645b-2e8d-4f7f-8161-ad3a5b478f92-19.jpg",Toyota,"Vehicles & Parts > Vehicles > Cars, Trucks & Vans",2014,VAN,HYBRID,Automatic,Grande Motors
13660,2014 Toyota Voxy Hybrid in Transit X Model 7 seater Dual power doors,"2014 Toyota Voxy Van in Silver Japanese import, 1800 engine, done 143000kms,Automatic. Voxy in Transit 2014 HV, 7 seat, Dual power sliding doo Available from Grande Motors Ltd, East Tamaki, Auckland.",in stock,used,14500.00 NZD,https://www.grandemotors.co.nz/vehicle/2014-Toyota-Voxy/13660,https://www.grandemotors.co.nz/Motorcentral/VehicleData/GRA-753185ce-1bbc-4256-923e-7489fb998ac9-1.jpg,"https://www.grandemotors.co.nz/Motorcentral/VehicleData/GRA-753185ce-1bbc-4256-923e-7489fb998ac9-2.jpg,https://www.grandemotors.co.nz/Motorcentral/VehicleData/GRA-753185ce-1bbc-4256-923e-7489fb998ac9-3.jpg,https://www.grandemotors.co.nz/Motorcentral/VehicleData/GRA-753185ce-1bbc-4256-923e-7489fb998ac9-4.jpg,https://www.grandemotors.co.nz/Motorcentral/VehicleData/GRA-753185ce-1bbc-4256-923e-7489fb998ac9-5.jpg,https://www.grandemotors.co.nz/Motorcentral/VehicleData/GRA-753185ce-1bbc-4256-923e-7489fb998ac9-6.jpg,https://www.grandemotors.co.nz/Motorcentral/VehicleData/GRA-753185ce-1bbc-4256-923e-7489fb998ac9-7.jpg,https://www.grandemotors.co.nz/Motorcentral/VehicleData/GRA-753185ce-1bbc-4256-923e-7489fb998ac9-8.jpg,https://www.grandemotors.co.nz/Motorcentral/VehicleData/GRA-753185ce-1bbc-4256-923e-7489fb998ac9-9.jpg,https://www.grandemotors.co.nz/Motorcentral/VehicleData/GRA-753185ce-1bbc-4256-923e-7489fb998ac9-10.jpg,https://www.grandemotors.co.nz/Motorcentral/VehicleData/GRA-753185ce-1bbc-4256-923e-7489fb998ac9-11.jpg,https://www.grandemotors.co.nz/Motorcentral/VehicleData/GRA-753185ce-1bbc-4256-923e-7489fb998ac9-12.jpg,https://www.grandemotors.co.nz/Motorcentral/VehicleData/GRA-753185ce-1bbc-4256-923e-7489fb998ac9-13.jpg,https://www.grandemotors.co.nz/Motorcentral/VehicleData/GRA-753185ce-1bbc-4256-923e-7489fb998ac9-14.jpg,https://www.grandemotors.co.nz/Motorcentral/VehicleData/GRA-753185ce-1bbc-4256-923e-7489fb998ac9-15.jpg,https://www.grandemotors.co.nz/Motorcentral/VehicleData/GRA-753185ce-1bbc-4256-923e-7489fb998ac9-16.jpg,https://www.grandemotors.co.nz/Motorcentral/VehicleData/GRA-753185ce-1bbc-4256-923e-7489fb998ac9-17.jpg,https://www.grandemotors.co.nz/Motorcentral/VehicleData/GRA-753185ce-1bbc-4256-923e-7489fb998ac9-18.jpg,https://www.grandemotors.co.nz/Motorcentral/VehicleData/GRA-753185ce-1bbc-4256-923e-7489fb998ac9-19.jpg,https://www.grandemotors.co.nz/Motorcentral/VehicleData/GRA-753185ce-1bbc-4256-923e-7489fb998ac9-20.jpg",Toyota,"Vehicles & Parts > Vehicles > Cars, Trucks & Vans",2014,VAN,HYBRID,Automatic,Grande Motors
13412,2012 Toyota Wish LOW KM.Rear camera.7 seater.8 Airbags.,"2012 Toyota Wish 7 seater in black colour with black interior Japanese import, smooth 1800cc chain driven engine provides perfect compromise betwee Available from Grande Motors Ltd, East Tamaki, Auckland.",in stock,used,12400.00 NZD,https://www.grandemotors.co.nz/vehicle/2012-Toyota-Wish/13412,https://www.grandemotors.co.nz/Motorcentral/VehicleData/GRA-7416dc40-c6c8-40fa-b20d-e4f0d933d508-1.jpg,"https://www.grandemotors.co.nz/Motorcentral/VehicleData/GRA-7416dc40-c6c8-40fa-b20d-e4f0d933d508-2.jpg,https://www.grandemotors.co.nz/Motorcentral/VehicleData/GRA-7416dc40-c6c8-40fa-b20d-e4f0d933d508-3.jpg,https://www.grandemotors.co.nz/Motorcentral/VehicleData/GRA-7416dc40-c6c8-40fa-b20d-e4f0d933d508-4.jpg,https://www.grandemotors.co.nz/Motorcentral/VehicleData/GRA-7416dc40-c6c8-40fa-b20d-e4f0d933d508-5.jpg,https://www.grandemotors.co.nz/Motorcentral/VehicleData/GRA-7416dc40-c6c8-40fa-b20d-e4f0d933d508-6.jpg,https://www.grandemotors.co.nz/Motorcentral/VehicleData/GRA-7416dc40-c6c8-40fa-b20d-e4f0d933d508-7.jpg,https://www.grandemotors.co.nz/Motorcentral/VehicleData/GRA-7416dc40-c6c8-40fa-b20d-e4f0d933d508-8.jpg,https://www.grandemotors.co.nz/Motorcentral/VehicleData/GRA-7416dc40-c6c8-40fa-b20d-e4f0d933d508-9.jpg,https://www.grandemotors.co.nz/Motorcentral/VehicleData/GRA-7416dc40-c6c8-40fa-b20d-e4f0d933d508-10.jpg,https://www.grandemotors.co.nz/Motorcentral/VehicleData/GRA-7416dc40-c6c8-40fa-b20d-e4f0d933d508-11.jpg,https://www.grandemotors.co.nz/Motorcentral/VehicleData/GRA-7416dc40-c6c8-40fa-b20d-e4f0d933d508-12.jpg,https://www.grandemotors.co.nz/Motorcentral/VehicleData/GRA-7416dc40-c6c8-40fa-b20d-e4f0d933d508-13.jpg,https://www.grandemotors.co.nz/Motorcentral/VehicleData/GRA-7416dc40-c6c8-40fa-b20d-e4f0d933d508-14.jpg,https://www.grandemotors.co.nz/Motorcentral/VehicleData/GRA-7416dc40-c6c8-40fa-b20d-e4f0d933d508-15.jpg,https://www.grandemotors.co.nz/Motorcentral/VehicleData/GRA-7416dc40-c6c8-40fa-b20d-e4f0d933d508-16.jpg,https://www.grandemotors.co.nz/Motorcentral/VehicleData/GRA-7416dc40-c6c8-40fa-b20d-e4f0d933d508-17.jpg,https://www.grandemotors.co.nz/Motorcentral/VehicleData/GRA-7416dc40-c6c8-40fa-b20d-e4f0d933d508-18.jpg,https://www.grandemotors.co.nz/Motorcentral/VehicleData/GRA-7416dc40-c6c8-40fa-b20d-e4f0d933d508-19.jpg,https://www.grandemotors.co.nz/Motorcentral/VehicleData/GRA-7416dc40-c6c8-40fa-b20d-e4f0d933d508-20.jpg",Toyota,"Vehicles & Parts > Vehicles > Cars, Trucks & Vans",2012,WAGON,GASOLINE,Automatic,Grande Motors
13511,2023 Toyota Yaris G.Hybrid.Lane assist.Cruise control.Safety radar.Rear.camera.,"Immobilizer. Safety Radar. Engine button start. RCC (Radar Cruise Control). LKA (Lane Keeping Assistance). 2023 Toyota Yaris hybrid in blue col Available from Grande Motors Ltd, East Tamaki, Auckland.",in stock,used,18900.00 NZD,https://www.grandemotors.co.nz/vehicle/2023-Toyota-Yaris/13511,https://www.grandemotors.co.nz/Motorcentral/VehicleData/GRA-99e550aa-70ea-445c-aef6-200a8b2ae9b2-1.jpg,"https://www.grandemotors.co.nz/Motorcentral/VehicleData/GRA-99e550aa-70ea-445c-aef6-200a8b2ae9b2-2.jpg,https://www.grandemotors.co.nz/Motorcentral/VehicleData/GRA-99e550aa-70ea-445c-aef6-200a8b2ae9b2-3.jpg,https://www.grandemotors.co.nz/Motorcentral/VehicleData/GRA-99e550aa-70ea-445c-aef6-200a8b2ae9b2-4.jpg,https://www.grandemotors.co.nz/Motorcentral/VehicleData/GRA-99e550aa-70ea-445c-aef6-200a8b2ae9b2-5.jpg,https://www.grandemotors.co.nz/Motorcentral/VehicleData/GRA-99e550aa-70ea-445c-aef6-200a8b2ae9b2-6.jpg,https://www.grandemotors.co.nz/Motorcentral/VehicleData/GRA-99e550aa-70ea-445c-aef6-200a8b2ae9b2-7.jpg,https://www.grandemotors.co.nz/Motorcentral/VehicleData/GRA-99e550aa-70ea-445c-aef6-200a8b2ae9b2-8.jpg,https://www.grandemotors.co.nz/Motorcentral/VehicleData/GRA-99e550aa-70ea-445c-aef6-200a8b2ae9b2-9.jpg,https://www.grandemotors.co.nz/Motorcentral/VehicleData/GRA-99e550aa-70ea-445c-aef6-200a8b2ae9b2-10.jpg,https://www.grandemotors.co.nz/Motorcentral/VehicleData/GRA-99e550aa-70ea-445c-aef6-200a8b2ae9b2-11.jpg,https://www.grandemotors.co.nz/Motorcentral/VehicleData/GRA-99e550aa-70ea-445c-aef6-200a8b2ae9b2-12.jpg,https://www.grandemotors.co.nz/Motorcentral/VehicleData/GRA-99e550aa-70ea-445c-aef6-200a8b2ae9b2-13.jpg,https://www.grandemotors.co.nz/Motorcentral/VehicleData/GRA-99e550aa-70ea-445c-aef6-200a8b2ae9b2-14.jpg,https://www.grandemotors.co.nz/Motorcentral/VehicleData/GRA-99e550aa-70ea-445c-aef6-200a8b2ae9b2-15.jpg,https://www.grandemotors.co.nz/Motorcentral/VehicleData/GRA-99e550aa-70ea-445c-aef6-200a8b2ae9b2-16.jpg,https://www.grandemotors.co.nz/Motorcentral/VehicleData/GRA-99e550aa-70ea-445c-aef6-200a8b2ae9b2-17.jpg,https://www.grandemotors.co.nz/Motorcentral/VehicleData/GRA-99e550aa-70ea-445c-aef6-200a8b2ae9b2-18.jpg",Toyota,"Vehicles & Parts > Vehicles > Cars, Trucks & Vans",2023,HATCHBACK,HYBRID,Automatic,Grande Motors
11155,2009 Volvo C30 Coupe.8 SRS Airbags.Alloy wheels.,"Immobilizer. 8 SRS Airbags (front, side, rear). 2009 Volvo C30 in silver colour with dark interior. Economical and reliable, running very smoot Available from Grande Motors Ltd, East Tamaki, Auckland.",in stock,used,5900.00 NZD,https://www.grandemotors.co.nz/vehicle/2009-Volvo-C30/11155,https://www.grandemotors.co.nz/Motorcentral/VehicleData/GRA-97303241-fdaf-466a-b2b9-5a45adf87fe7-1.jpg,"https://www.grandemotors.co.nz/Motorcentral/VehicleData/GRA-97303241-fdaf-466a-b2b9-5a45adf87fe7-2.jpg,https://www.grandemotors.co.nz/Motorcentral/VehicleData/GRA-97303241-fdaf-466a-b2b9-5a45adf87fe7-3.jpg,https://www.grandemotors.co.nz/Motorcentral/VehicleData/GRA-97303241-fdaf-466a-b2b9-5a45adf87fe7-4.jpg,https://www.grandemotors.co.nz/Motorcentral/VehicleData/GRA-97303241-fdaf-466a-b2b9-5a45adf87fe7-5.jpg,https://www.grandemotors.co.nz/Motorcentral/VehicleData/GRA-97303241-fdaf-466a-b2b9-5a45adf87fe7-6.jpg,https://www.grandemotors.co.nz/Motorcentral/VehicleData/GRA-97303241-fdaf-466a-b2b9-5a45adf87fe7-7.jpg,https://www.grandemotors.co.nz/Motorcentral/VehicleData/GRA-97303241-fdaf-466a-b2b9-5a45adf87fe7-8.jpg,https://www.grandemotors.co.nz/Motorcentral/VehicleData/GRA-97303241-fdaf-466a-b2b9-5a45adf87fe7-9.jpg,https://www.grandemotors.co.nz/Motorcentral/VehicleData/GRA-97303241-fdaf-466a-b2b9-5a45adf87fe7-10.jpg,https://www.grandemotors.co.nz/Motorcentral/VehicleData/GRA-97303241-fdaf-466a-b2b9-5a45adf87fe7-11.jpg,https://www.grandemotors.co.nz/Motorcentral/VehicleData/GRA-97303241-fdaf-466a-b2b9-5a45adf87fe7-12.jpg,https://www.grandemotors.co.nz/Motorcentral/VehicleData/GRA-97303241-fdaf-466a-b2b9-5a45adf87fe7-13.jpg,https://www.grandemotors.co.nz/Motorcentral/VehicleData/GRA-97303241-fdaf-466a-b2b9-5a45adf87fe7-14.jpg,https://www.grandemotors.co.nz/Motorcentral/VehicleData/GRA-97303241-fdaf-466a-b2b9-5a45adf87fe7-15.jpg,https://www.grandemotors.co.nz/Motorcentral/VehicleData/GRA-97303241-fdaf-466a-b2b9-5a45adf87fe7-16.jpg,https://www.grandemotors.co.nz/Motorcentral/VehicleData/GRA-97303241-fdaf-466a-b2b9-5a45adf87fe7-17.jpg",Volvo,"Vehicles & Parts > Vehicles > Cars, Trucks & Vans",2009,COUPE,GASOLINE,Automatic,Grande Motors
